0.428612, -0.13307, 0.561644, -0.0553086, -0.0159358, 0.0119475, 1
0.376013, 0.518646, 0.377207, -0.00769327, 0.0684358, -0.027242, 1
-0.207607, 0.33795, 0.402476, -0.0229507, -0.00211212, -0.00491885, 1
0.0679982, -0.0284781, 0.513065, -0.0202496, 0.36868, 0.0362153, 1
-0.170362, 0.0168842, 0.614917, 0.00205303, 0.000528539, 0.0352139, 1
0.524375, 0.170987, 0.540917, -0.0930121, -0.0110454, -0.062878, 1
-0.451555, 0.134773, 0.320116, -0.0661099, 0.0583787, -0.164823, 1
-0.323944, -0.457062, 0.568283, 0.031181, 0.0229908, 0.0269196, 1
-0.432559, -0.124803, 0.355863, 0.00911905, -0.0307685, -0.0773903, 1
-0.492872, 0.628608, 0.383729, -0.00534112, -1.73029e-05, 0.00293984, 1
0.0162939, 0.427257, 0.507952, -0.0165682, 0.0239184, -0.053125, 1
-0.256985, 0.173306, 0.480123, -0.317389, 0.486438, 0.04473, 1
-0.00808497, 0.595662, 0.407119, -0.0186684, 0.0126751, -0.0111456, 1
0.341891, 0.0336967, 0.557491, -0.0967001, -0.0256133, 0.0130178, 1
-0.125705, 0.493298, 0.404221, -0.0286786, 0.00453636, 0.0164794, 1
-0.185892, 0.38771, 0.604458, -0.0148559, -0.015944, 0.0765758, 1
-0.542077, 0.566119, 0.480661, 0.0697468, -0.146904, -0.120289, 1
-0.521539, -0.387788, 0.523886, 0.0391299, -0.048004, 0.097138, 1
0.491665, -0.190384, 0.335195, -0.0282813, 0.0131229, 0.00877828, 1
-0.604736, -0.0532927, 0.334856, 0.00309818, -6.72444e-06, -0.00217475, 1
-0.329748, 0.592965, 0.599161, 0.00544737, 0.0130761, 0.00971794, 1
0.442133, -0.293984, 0.484996, 0.0179471, 0.00285583, 0.0237878, 1
-0.15723, 0.327894, 0.476421, 0.047593, 0.111674, 0.13791, 1
0.21132, 0.0398218, 0.327354, 0.00426679, 0.00194481, -0.00520773, 1
-0.0785721, 0.544081, 0.60817, -0.00117803, 0.000573681, 0.000780281, 1
0.278384, -0.271775, 0.547607, -0.0313483, -0.250704, 0.182713, 1
0.176363, -0.183888, 0.531645, 0.0230698, -0.00406228, 0.0350245, 1
-0.420848, -0.0754639, 0.592189, 0.00382291, -0.0977293, -0.0278878, 1
0.414769, -0.213763, 0.387103, -0.00136963, 0.0304493, 0.00387208, 1
0.49562, -0.188535, 0.53127, 0.000186382, -0.0104566, -0.0203071, 1
0.575117, 0.11168, 0.52202, -0.11992, 0.0804534, -0.0103745, 1
0.451906, -0.0761501, 0.606015, -0.0187182, 0.0391856, 0.0225796, 1
-0.127962, 0.396583, 0.530498, 0.81251, -0.338079, 0.292576, 1
0.517795, -0.0220605, 0.382963, -0.0152394, 0.015435, 0.0223736, 1
0.567285, 0.529331, 0.361492, 0.0521836, -0.0448445, -0.012209, 1
0.48011, 0.177751, 0.451039, 0.00684365, -0.0081931, -0.00526881, 1
0.150683, -0.275849, 0.562558, 0.00308293, -0.00293103, 0.0110309, 1
-0.242589, -0.0667338, 0.386201, 0.0116784, 0.0264635, -0.0049797, 1
-0.393685, -0.281928, 0.490251, -0.0259664, -0.0365113, -0.0271422, 1
-0.105202, -0.416271, 0.600608, -0.00210205, 0.0133958, 0.000993006, 1
-0.499975, -0.471118, 0.471038, -0.0154879, 0.11049, 0.0210823, 1
0.32818, 0.610752, 0.609491, 0.00998334, 0.00231988, 0.000910598, 1
0.232387, -0.147174, 0.551146, -0.0280682, -0.00129663, -0.000693824, 1
-0.165474, -0.259343, 0.38814, 0.0261399, -0.0294431, 0.0242427, 1
0.106449, -0.322021, 0.362982, 0.0341357, -0.0739144, 0.024147, 1
0.29249, -0.471874, 0.56491, -0.0452149, -0.10829, 0.00786627, 1
-0.423207, 0.308772, 0.338457, -0.000622454, 0.000185619, 0.00303754, 1
0.567098, -0.56378, 0.479265, -0.0166067, 0.0191298, 0.0177194, 1
-0.407951, -0.327502, 0.566274, 0.0781117, -0.0726235, -0.0210155, 1
0.293128, 0.197259, 0.619697, -0.00282178, 0.00444022, 0.00326471, 1
0.175707, 0.327247, 0.344426, -0.0322791, 0.0699696, -0.0559212, 1
-0.459996, 0.0254632, 0.339623, 0.0578109, -0.117248, -0.405912, 1
-0.541886, -0.372113, 0.460321, -0.0283375, -0.0623982, -0.0333791, 1
0.40277, 0.0923761, 0.552976, 0.142674, 0.0230701, 0.127359, 1
-0.564524, -0.431138, 0.629961, -0.00279559, 0.00484004, 0.00551715, 1
-0.372524, 0.491316, 0.354502, 0.0069623, 0.00197871, -0.0109877, 1
0.62719, -0.561855, 0.589186, -0.0109377, -0.000139735, -0.00025021, 1
-0.538834, -0.62472, 0.605732, -0.00442297, -0.00204931, 0.000580005, 1
0.118297, -0.402708, 0.366365, -0.00597999, 0.0135145, 0.00227913, 1
-0.136462, 0.520383, 0.573171, 0.000685331, 0.00401229, 0.000510943, 1
-0.17753, 0.0661273, 0.497492, -0.0512472, -0.00874245, -0.0121769, 1
-0.059751, 0.236094, 0.346367, -0.002641, -0.0200135, 0.00329778, 1
0.0388158, 0.324171, 0.410829, -0.10483, 0.202187, 0.114804, 1
0.620172, 0.096978, 0.591414, -0.000204697, 0.00320597, 0.024315, 1
0.312222, 0.162417, 0.326139, 0.0904797, -0.0437532, -0.170947, 1
0.312213, 0.419856, 0.606458, -0.00417544, 0.0222655, 0.0935532, 1
0.470295, 0.417083, 0.623486, 0.0120128, 0.000149711, 0.00991014, 1
0.307184, 0.508212, 0.624796, -0.0064171, 0.011811, 0.0120311, 1
0.210257, -0.00345407, 0.366629, 0.01012, -0.00687005, -0.00481149, 1
0.415791, 0.490047, 0.339234, -0.0294785, -0.0411639, -0.0817531, 1
0.18862, -0.317446, 0.513256, -0.000915688, -0.0214064, 0.0160982, 1
-0.341268, 0.252766, 0.414789, -0.000560144, 0.0378305, -0.0145957, 1
-0.215728, -0.338381, 0.338341, -0.00334694, -0.0037655, 0.00411889, 1
0.167661, -0.348173, 0.520076, 0.000781296, 0.00118584, -0.00685019, 1
0.0134635, 0.594012, 0.40319, -0.0212241, 0.0296243, -0.0282654, 1
0.0580913, 0.276262, 0.350663, -0.15493, 0.259947, -0.548064, 1
-0.0359288, 0.116594, 0.612425, 0.000244442, -0.000436155, 0.000285566, 1
-0.0618403, -0.206186, 0.581987, 0.00587494, -0.0538972, 0.0720807, 1
-0.0825085, -0.625892, 0.423632, 4.72621e-05, 0.0102495, -0.000325066, 1
0.124079, 0.419862, 0.388653, -0.0458608, 0.000754823, -0.00162797, 1
0.221087, -0.0214814, 0.466783, 0.0312248, -0.0209398, -0.0386976, 1
-0.245742, 0.267214, 0.372483, -0.00022626, -0.000717218, 0.000646426, 1
0.153488, -0.578477, 0.445379, 0.00398322, -0.0208832, -0.0351059, 1
0.246925, 0.219147, 0.515827, 0.107672, -0.0155214, 0.0482131, 1
-0.192623, -0.397353, 0.506839, 0.00996359, 0.016458, 0.0049169, 1
0.16021, 0.290702, 0.418414, 0.059449, 0.0580445, 0.137932, 1
0.302935, -0.37519, 0.605053, 0.0189039, 0.0126715, 0.0067192, 1
0.23278, 0.192933, 0.396016, -0.101074, 0.0458898, 0.0155681, 1
0.0408733, -0.519539, 0.397033, 0.03241, -0.0111156, 0.0193348, 1
0.475476, 0.234504, 0.344508, 0.00129732, -0.000406582, 0.00178603, 1
-0.489764, -0.174373, 0.496629, -0.0887051, -0.0142596, 0.0225129, 1
0.11744, 0.209849, 0.405941, -0.0126051, -0.0242076, 0.0226669, 1
0.347447, -0.266626, 0.418813, -0.00391265, 0.00418451, 0.000439877, 1
-0.390891, 0.610262, 0.316109, 0.00808694, 0.0011687, -0.00590484, 1
0.412489, -0.212324, 0.374262, 0.0107283, 0.0255453, 0.0178691, 1
-0.0800091, 0.577849, 0.604428, -0.000282529, 0.000246958, -4.90836e-05, 1
0.333719, 0.25082, 0.35314, 0.216906, 0.173722, 0.118711, 1
0.234077, -0.146363, 0.558864, -0.0179196, -0.0046554, 0.0577184, 1
0.558212, 0.524473, 0.58647, 0.00438989, 0.0368792, 0.00137746, 1
-0.373508, 0.369986, 0.487605, -0.0097001, -0.00208995, -0.0203789, 1
-0.255402, 0.510185, 0.601503, -0.00793594, 0.00840501, 0.0174562, 1
0.471186, -0.00233852, 0.496474, -0.0014191, 0.00213241, -0.00375548, 1
-0.424902, -0.284855, 0.587308, 0.0454394, 0.0628748, 0.11333, 1
-0.00957693, -0.045783, 0.582383, -0.00841367, 0.00803889, 0.0104187, 1
-0.00506819, -0.263258, 0.371811, 0.0370611, -0.138545, 0.00416582, 1
0.232051, 0.286697, 0.358783, 0.179315, 0.0424804, -0.0176271, 1
0.12991, -0.00954808, 0.578978, -0.0954843, 0.0282215, 0.180494, 1
0.282541, -0.405435, 0.384897, -0.0737845, -0.133527, 0.0308852, 1
-0.00185778, -0.477186, 0.358524, 0.0173482, 0.0315547, -0.0308819, 1
-0.175832, -0.22073, 0.608512, -0.00894167, 0.0177255, 0.0269689, 1
0.514661, 0.153831, 0.578567, -0.0504134, -0.0199281, 0.0342424, 1
0.400818, -0.00494594, 0.420492, -0.00591037, -0.00150036, -3.79816e-05, 1
-0.13314, 0.200116, 0.506769, -0.202945, -0.107193, 0.0654914, 1
-0.303761, -0.439425, 0.337832, 0.0119097, -0.000436097, -0.00938099, 1
-0.494082, 0.185471, 0.429509, -0.000509874, 0.00866201, -0.0246937, 1
-0.266765, -0.212442, 0.343692, -0.00500443, 0.0494376, -0.0304564, 1
-0.0915618, 0.547431, 0.498796, -0.0384733, 0.00889401, 0.0179523, 1
-0.295502, 0.200009, 0.554928, -0.00949071, -0.0080796, 0.023433, 1
-0.0158412, -0.431812, 0.593122, -0.0238365, 0.00611772, 0.0226254, 1
0.158329, 0.0223193, 0.380449, 0.138589, -0.0476642, -0.0343178, 1
0.0725222, -0.0929834, 0.576397, 0.0280522, -0.0339937, 0.038668, 1
-0.133063, -0.322129, 0.41767, -0.00246992, 0.0102574, -0.0181899, 1
0.288977, 0.174694, 0.62519, -0.0013818, 0.00157319, 0.00563262, 1
-0.203802, 0.500897, 0.357843, 0.0236665, -0.0218072, -0.0710349, 1
-0.112401, -0.623149, 0.561701, 0.00693068, -0.0123837, -0.0134616, 1
0.345707, -0.259951, 0.3511, -7.31233e-05, -0.0112199, -0.005681, 1
0.460547, 0.278451, 0.330467, -0.00233891, -0.0327192, 0.0331589, 1
-0.0641238, 0.612913, 0.53796, -0.00453958, -0.00182818, 0.0021003, 1
-0.364266, -0.0328917, 0.587498, 0.0724148, -0.0251027, 0.0282284, 1
-0.511632, -0.504526, 0.435587, -0.160684, 0.33125, -0.121497, 1
-0.249764, 0.19796, 0.569832, 0.0146679, -0.00287138, 0.0155037, 1
-0.464028, -0.565067, 0.331809, 0.00175477, -0.000961789, -0.00157807, 1
-0.0532752, 0.353874, 0.532973, -0.0321197, 0.00802393, 0.000397356, 1
-0.0723699, -0.479892, 0.500707, -0.00741214, 0.0313351, -0.00991015, 1
0.0990742, 0.0376708, 0.50241, -0.0159217, 0.0183575, 0.0607229, 1
-0.173975, -0.246586, 0.594913, -0.0136241, -0.0151504, 0.0117, 1
-0.0295016, -0.416002, 0.507035, -0.0081959, 0.00537611, -0.0138148, 1
0.0324395, 0.149837, 0.502773, -0.000949329, 0.0235617, -0.0170136, 1
-0.335574, 0.415534, 0.337059, 0.0394064, 0.0364314, 0.000514254, 1
-0.505436, 0.533866, 0.368418, -0.0198626, -0.0543982, 0.0376195, 1
-0.0230146, -0.345861, 0.575399, -0.0825117, 0.0420321, -0.00295294, 1
-0.263541, -0.179926, 0.591623, 0.0858743, -0.0112388, 0.0503601, 1
-0.196232, 0.396762, 0.522601, -0.667104, -0.14039, 0.244083, 1
-0.584194, -0.305571, 0.560119, -0.0118765, -0.00608871, 0.00398975, 1
0.158706, 0.423466, 0.412045, 0.0488228, 0.0238792, 0.011753, 1
-0.351508, -0.380472, 0.50789, -0.00916099, 0.0155556, 0.0100022, 1
-0.491708, 0.21999, 0.56138, -0.00308781, -0.00530564, 0.0011887, 1
0.276506, -0.377534, 0.441348, -0.00324514, -0.0353376, 0.0230936, 1
-0.232257, -0.0831444, 0.387741, 0.0239563, -0.00865101, -0.00711061, 1
-0.143949, 0.0413835, 0.363717, 0.0164714, -0.0125094, -0.0329065, 1
0.0697971, -0.611595, 0.434742, -0.00256565, -0.0144072, -0.0232352, 1
-0.148461, -0.245172, 0.547252, -0.0193602, -0.0152434, -0.0330191, 1
-0.301822, 0.188559, 0.488951, -0.0541874, 0.0543308, -0.00827347, 1
0.528654, 0.234329, 0.570049, -0.0379755, 0.0263418, -0.0245224, 1
0.249274, -0.236929, 0.518425, -0.163699, -0.212354, -0.229984, 1
-0.622398, 0.041527, 0.580798, -0.00270419, 0.00156921, 0.00243718, 1
0.149234, 0.179782, 0.478304, -0.00465903, -0.130335, 0.0139241, 1
-0.125099, -0.173675, 0.541412, -0.0154544, 0.0206548, -0.0132804, 1
0.380368, 0.224031, 0.363135, 0.0515319, -0.0108293, 0.00701559, 1
-0.588521, -0.549882, 0.530972, 0.000802231, -0.00442357, -0.00219144, 1
-0.39358, 0.149879, 0.535564, -0.0126079, 0.0600239, 0.153054, 1
0.0854622, -0.628545, 0.31678, -0.00424724, 0.00205872, -0.0045358, 1
-0.245385, -0.300404, 0.521411, 0.000349415, -0.0148736, 0.0187573, 1
0.450493, -0.401714, 0.422502, -0.00729568, 0.0142814, -0.00314811, 1
0.210837, 0.477524, 0.520761, 0.0854931, 0.0428958, 0.0434958, 1
-0.235317, 0.48509, 0.373652, 0.0408441, -0.0934306, -0.0991688, 1
-0.43198, 0.00436059, 0.576088, -0.0574929, -0.0625988, 0.352656, 1
0.221311, 0.509225, 0.375178, -0.00308996, -0.00499854, 0.00286097, 1
-0.132895, 0.259629, 0.588677, -0.110519, -0.318299, 0.0646668, 1
0.0597169, 0.301071, 0.608697, 0.021367, -0.0186014, 0.0164059, 1
-0.336251, 0.537454, 0.488676, 0.00686135, -0.000218592, -0.00257647, 1
0.546078, -0.00704692, 0.489031, -0.0190741, -0.00976991, -0.0188104, 1
0.553271, 0.377532, 0.571421, -0.0833301, 0.115504, 0.0088644, 1
0.11906, 0.198062, 0.628483, 0.000479307, 0.00330316, 0.00941395, 1
0.549141, -0.221065, 0.590373, 0.000445246, -0.0201224, 0.00803718, 1
0.112331, 0.173581, 0.554155, -0.000238394, 0.00229891, 7.22644e-05, 1
0.347011, 0.371565, 0.397754, -0.00193195, 0.0106446, -0.00454145, 1
0.13151, -0.0370869, 0.367569, 0.0187312, -0.0378223, 0.00250488, 1
0.372296, 0.459981, 0.589967, 0.013627, -0.0059795, 0.0134749, 1
0.20715, -0.110266, 0.507744, -0.0607451, 0.0286772, -0.0048147, 1
0.122086, 0.183447, 0.484617, -0.0616253, -0.0338948, 0.0350456, 1
-0.443063, 0.0995613, 0.325365, 0.00632844, -0.157011, -0.0355081, 1
0.253132, 0.0228685, 0.577238, -0.00400024, -0.00904557, 0.0235141, 1
0.0189607, -0.488035, 0.469263, -0.00528405, 0.00255232, -0.00523477, 1
0.013039, -0.568857, 0.571488, 0.00741808, -0.0231165, -0.00702454, 1
-0.145322, 0.173437, 0.457392, -0.0622908, -0.0647402, 0.0971979, 1
-0.448557, -0.109516, 0.392792, -0.085092, 0.0114129, -0.00532574, 1
-0.117467, -0.607969, 0.541012, -0.00180427, 0.00984409, -0.0242915, 1
0.0928833, 0.39429, 0.498516, -0.023163, -0.0248884, 0.00239602, 1
-0.0671005, -0.028523, 0.62844, -0.000264857, 0.000990852, 0.000745984, 1
-0.555976, -0.536401, 0.516811, -0.00656316, -0.00370665, 0.00508585, 1
0.122565, -0.349501, 0.384211, 0.00963652, -0.0239398, 0.00642798, 1
0.164097, 0.533595, 0.547419, -0.00337452, -0.00478886, -0.00842205, 1
-0.0468034, -0.0774076, 0.582901, 0.00719039, 0.0236773, 0.0290188, 1
0.570321, 0.565595, 0.598177, 0.00262349, 0.0127633, 0.00215466, 1
0.336418, -0.209691, 0.484046, 0.0383337, -0.0361664, -0.0532863, 1
-0.353868, -0.0282838, 0.614158, 0.0099055, -0.00287544, 0.0133594, 1
-0.0426251, 0.484212, 0.619656, -0.00335357, 0.00528572, 0.00651205, 1
-0.398433, -0.0528678, 0.560738, 0.125977, -0.187859, 0.0126682, 1
0.335704, 0.509995, 0.396116, -0.0153229, 0.0482157, 0.0307168, 1
0.329613, 0.583982, 0.419507, -0.00324281, 0.00375102, 0.00306009, 1
-0.122996, 0.076584, 0.489623, 0.0354248, 0.0256825, -0.0753178, 1
0.153921, -0.389283, 0.465531, 2.93709e-05, -0.000336782, 0.00026397, 1
-0.176257, 0.193877, 0.60367, -0.00271596, -0.00390928, 0.000252379, 1
-0.364507, 0.134235, 0.587577, 0.00344137, 0.0434351, 0.0431829, 1
-0.491652, -0.15931, 0.377664, -0.00930958, 0.0026461, -0.0139646, 1
0.184605, 0.116785, 0.528084, -0.031126, -0.0147881, 0.00111222, 1
0.121382, -0.555804, 0.491646, 0.0184612, 0.0103156, 0.0123187, 1
0.0801533, -0.324273, 0.320938, -0.0278345, -0.0455098, -0.0401247, 1
-0.196748, -0.618532, 0.605928, -0.000940436, 0.0064031, 0.000111726, 1
0.12779, 0.341044, 0.594433, 0.00203129, -0.00299856, -0.0011357, 1
0.545892, -0.411915, 0.456088, -0.00930255, 0.00712279, 0.000905723, 1
-0.015471, 0.37197, 0.516258, -0.114749, 0.0213234, -0.0758961, 1
0.586725, -0.434251, 0.407236, -0.0161094, 0.00922294, 0.0354142, 1
0.481549, -0.168795, 0.598286, -0.0156263, -0.0591681, 0.0155557, 1
0.312005, -0.0304831, 0.400968, 0.0360093, 0.0171267, -0.00607134, 1
0.562734, -0.475842, 0.587655, -0.00673954, 0.00188131, -0.00205207, 1
0.155216, 0.275504, 0.606195, 0.00092089, 0.000963083, 0.000121828, 1
-0.398053, -0.274307, 0.367636, -0.00482906, 0.0121093, 0.0166843, 1
-0.374227, 0.158908, 0.370494, -0.0394736, 0.0024549, -0.0485261, 1
-0.470369, -0.343265, 0.613246, -0.0487357, -0.0123342, 0.0454244, 1
-0.612493, -0.427336, 0.352776, -0.00113097, 0.0160968, -0.0130341, 1
-0.048069, 0.187156, 0.603259, 0.00476126, -0.0325744, 0.0173312, 1
-0.502891, 0.143917, 0.337206, -0.0867282, -0.00405178, 0.049714, 1
-0.133872, -0.00449673, 0.452498, -0.024947, -0.00312929, 0.0020725, 1
-0.260581, -0.322455, 0.602368, -8.77366e-05, -0.000146859, -0.000107622, 1
0.0833624, -0.389684, 0.325917, -0.00632117, -0.0128997, 0.0162917, 1
-0.0858722, 0.395496, 0.552283, 0.103549, -0.0210101, 0.0516351, 1
-0.180947, 0.627406, 0.326216, -0.00227313, -0.00771172, 0.00203255, 1
0.0296692, -0.376785, 0.523434, -0.00838058, 0.00117458, -0.0325165, 1
0.251717, -0.217191, 0.595109, -0.00462004, -0.00668344, 0.0692688, 1
0.184846, -0.199721, 0.330784, 0.00682076, 0.000516408, -0.000946086, 1
0.336024, 0.382174, 0.535064, 0.00657597, -0.00883486, -0.0220678, 1
0.229208, 0.509246, 0.413552, 0.000113493, 0.000494695, 0.001564, 1
0.318105, -0.254589, 0.569919, 0.0687366, -0.0120452, 0.116681, 1
-0.391757, 0.114793, 0.331814, 0.134793, -0.0151908, -0.0105059, 1
-0.502139, -0.431808, 0.391884, 0.00157833, 0.00428667, 0.00827215, 1
-0.458399, 0.112283, 0.333267, -0.149403, -0.106172, 0.0638657, 1
0.490809, 0.561299, 0.332628, 0.00571911, 0.0439852, -0.00884013, 1
0.535746, -0.0389947, 0.395922, -0.00241601, 0.00746098, 0.0225894, 1
0.109628, -0.417241, 0.499115, 0.0308303, 0.0110802, -0.00438824, 1
-0.0297914, 0.397569, 0.606676, -0.156905, -0.0878681, 0.0925377, 1
0.0334165, 0.103629, 0.544729, -0.0114795, -0.00700514, 0.0316066, 1
-0.346183, -0.297126, 0.514549, 0.0172471, -0.00056373, 0.0179679, 1
0.0480981, -0.608985, 0.608393, 0.00116319, 0.00242244, 0.000274103, 1
-0.192081, -0.370779, 0.4796, -0.0122454, 0.0136466, 0.0139546, 1
-0.124751, -0.242954, 0.529139, 0.00481296, -0.0145248, -0.0392386, 1
0.182858, -0.0713889, 0.399719, 0.00103315, -0.00954737, -0.0302331, 1
0.256, -0.210544, 0.382553, 0.0446077, 0.0474607, -0.162381, 1
0.326584, -0.304762, 0.530295, -0.0262617, -0.0499264, 0.0563435, 1
-0.609581, 0.43483, 0.583476, -0.0165058, -0.0118759, 0.0195506, 1
0.126954, -0.224925, 0.525377, -0.0799502, -0.00703207, 0.139588, 1
0.0338041, 0.438455, 0.393793, 0.0358994, -0.0394847, 0.0397494, 1
-0.307135, -0.537692, 0.477003, -0.0394446, 0.00441529, -0.0669991, 1
0.491136, 0.14037, 0.482247, 9.63004e-05, -0.00156954, -0.00186158, 1
0.404853, 0.578252, 0.547044, -0.0114554, -0.0120949, -0.0336309, 1
-0.1966, -0.176463, 0.328814, -0.00118643, 0.0492216, -0.0274326, 1
-0.599898, -0.623568, 0.468458, -0.000109002, 0.00806901, -0.000266374, 1
-0.260949, 0.262395, 0.573313, 0.00901805, 0.0121945, -0.0016907, 1
0.00933549, -0.0409843, 0.339632, 0.00603679, -0.00396753, -0.0058696, 1
-0.389338, -0.0206019, 0.60583, 0.172469, -0.0712012, 0.160586, 1
-0.575289, -0.523612, 0.392108, 0.125878, -0.24328, -0.138794, 1
0.266292, 0.140156, 0.34423, -0.124364, -0.149574, -0.154068, 1
0.581538, 0.462984, 0.367298, 0.00151625, -0.00678534, 0.000725818, 1
-0.0303046, 0.324156, 0.559882, -0.0236054, 0.0513298, 0.0258047, 1
-0.621169, 0.0990461, 0.546954, -0.0247592, 0.0122821, 0.02241, 1
0.307078, 0.53241, 0.345347, 0.00733833, 0.000878436, -0.0144679, 1
0.362408, 0.562476, 0.346946, 0.0107649, 0.0149384, -0.0115444, 1
-0.283614, -0.328437, 0.570036, 0.00117029, -0.000566151, 0.00539432, 1
-0.510217, 0.310862, 0.402299, 0.0252754, 0.00390834, 0.00817767, 1
-0.411617, 0.551487, 0.554639, -0.0023599, 0.00357397, -0.000478717, 1
-0.508152, 0.606162, 0.581227, 0.0248933, -0.0013522, 0.0114733, 1
-0.199648, 0.24249, 0.458775, -0.0293769, 0.000367277, -0.0933855, 1
-0.0826536, 0.194065, 0.417031, 0.104836, 0.00214003, -0.069722, 1
0.126613, -0.466203, 0.340579, -0.0213489, -0.0249916, -0.0260839, 1
-0.153715, -0.457409, 0.522831, 0.0476399, 0.0218727, -0.00471285, 1
-0.485753, 0.479633, 0.498443, -0.0142724, 0.0341007, 0.00919637, 1
-0.364291, 0.212078, 0.481571, 0.013692, 0.137062, 0.0369729, 1
-0.236433, 0.558427, 0.556952, 0.000256496, 0.00303685, -0.00174098, 1
-0.476144, -0.581753, 0.477177, 0.0833323, -0.0970128, 0.101323, 1
-0.126875, -0.363406, 0.457558, 0.0261308, -0.0143686, 0.0150563, 1
-0.428171, -0.241595, 0.451608, 0.155696, -0.10392, 0.0594493, 1
-0.623116, 0.18872, 0.354739, 0.00633164, 0.00257996, 0.00103938, 1
-0.0479414, -0.523897, 0.560746, -0.0504732, -0.0399199, 0.000978426, 1
0.360254, 0.232679, 0.601686, -0.0534641, 0.0227301, 0.115325, 1
0.462642, -0.550999, 0.329843, -0.0174094, -0.00806351, 0.0154888, 1
0.0341125, -0.406789, 0.607242, 0.00128891, 0.0257188, 0.0684807, 1
-0.49197, -0.141117, 0.502771, -0.0459385, 0.0203217, -0.0077849, 1
0.174386, 0.252413, 0.484887, 0.00663579, 0.149509, 0.0216123, 1
-0.117658, 0.406233, 0.49694, 0.599957, 0.0995003, -0.213432, 1
0.531123, -0.350605, 0.563579, -4.65062e-05, -0.000811908, -0.00205204, 1
-0.158498, -0.148813, 0.345689, 0.00155028, 0.00565565, 0.000908511, 1
0.388006, -0.141965, 0.55036, -0.00675261, 0.0357205, 0.0028288, 1
0.547036, 0.440057, 0.576877, -0.00919622, 0.0146097, 0.00165156, 1
0.270168, 0.170347, 0.477556, 0.0165837, 0.0159679, -0.0245028, 1
0.15706, 0.00302542, 0.497297, -0.0284883, -0.0763524, -0.0440946, 1
0.216507, -0.592826, 0.553091, -0.00497884, -0.0301131, 0.0202193, 1
0.125623, -0.454833, 0.360321, -0.0437575, 0.00326596, 0.0287297, 1
-0.383146, 0.349517, 0.580915, 0.0598804, 0.0615759, 0.0831112, 1
0.296475, -0.398105, 0.524982, 0.0523718, 0.0268189, 0.00159388, 1
-0.235619, -0.496945, 0.594822, -0.0315559, -0.0386365, 0.0766607, 1
-0.501157, -0.0254793, 0.400128, -0.016388, -0.0495283, 0.125842, 1
-0.378326, -0.267437, 0.522127, 0.0208616, -0.0115308, 0.0184148, 1
0.563189, -0.350364, 0.474651, -0.0231002, 0.00383969, 0.0175275, 1
0.350843, 0.549768, 0.359746, 0.00811683, 0.0209417, -0.0135948, 1
-0.258787, 0.0768648, 0.517994, 0.0167528, -0.0675217, 0.0685624, 1
0.470474, -0.336592, 0.527278, -8.13812e-05, -0.00276972, -0.0050221, 1
0.162983, 0.418995, 0.571061, 0.0600449, -0.0210618, 0.00561938, 1
0.344339, -0.594115, 0.500949, -0.0245972, -0.0235906, 0.00597912, 1
0.148145, 0.332323, 0.558914, -7.25844e-05, -0.000283093, 0.00168785, 1
-0.27178, -0.53326, 0.592168, -0.00986791, -0.0229065, 0.00847549, 1
-0.412346, -0.404453, 0.428308, -0.018216, 0.0142632, 0.0373689, 1
-0.0717621, -0.152816, 0.518939, -0.085646, -0.0263987, 0.0814881, 1
-0.503107, -0.219591, 0.588839, -0.110875, -0.0382795, 0.319139, 1
0.135569, -0.498712, 0.568791, -0.00912048, 0.00728298, 0.0181114, 1
0.314628, -0.127535, 0.430516, -0.00320345, 0.0193831, -0.00619284, 1
-0.133251, -0.287025, 0.503859, 0.00422924, -0.00254623, -0.00102685, 1
-0.543993, 0.505922, 0.451117, -0.00309835, -0.0105498, -0.00531905, 1
0.480324, 0.220298, 0.460079, 0.0179655, 0.00483453, -0.00556577, 1
-0.035733, -0.261521, 0.385668, -0.0660383, -0.0693317, 0.0359881, 1
-0.319932, 0.0966629, 0.409844, 0.0523674, -0.0986185, -0.0482814, 1
-0.471112, 0.31428, 0.466222, -0.00297868, -0.0105417, -0.0199153, 1
-0.0178081, -0.387445, 0.585509, -0.0594456, -0.0230314, 0.0438743, 1
-0.461904, -0.260589, 0.37312, -0.00683107, 0.00109676, -0.00859776, 1
-0.626401, 0.504943, 0.405933, 0.00898261, -0.000684078, 0.000842562, 1
0.388835, 0.189607, 0.53154, 0.0105185, -0.00931559, -0.0143165, 1
-0.408956, -0.573608, 0.617275, 0.00177136, 0.0345599, 0.0811726, 1
0.346552, -0.487637, 0.586264, 0.0696527, -0.0591974, 0.00927683, 1
-0.368835, 0.622651, 0.483848, -0.00905897, -0.00626821, 0.000806107, 1
0.211552, -0.0430457, 0.575959, 0.0166583, -0.0141465, 0.0149198, 1
0.494299, 0.266986, 0.442634, 0.00435515, -0.00751145, -0.00257019, 1
-0.386177, 0.425838, 0.363713, -0.0104905, 0.00481494, -0.00590403, 1
0.218784, -0.221934, 0.424342, 0.152687, 0.0844317, 0.031471, 1
0.0409654, -0.0538749, 0.516686, -0.394121, -0.0302191, 0.0109989, 1
0.27352, -0.0503121, 0.485431, -0.00887562, -0.00411651, -0.0102315, 1
-0.622601, -0.291441, 0.375342, -0.00549242, 0.0170266, -0.0172283, 1
0.243632, -0.0704333, 0.389431, -0.00273545, -0.00426568, -0.00165838, 1
0.192878, -0.353844, 0.425012, -0.032724, -0.00365981, -0.000525571, 1
0.0180821, -0.0927161, 0.423184, -0.00602936, -0.00237989, -0.0352261, 1
-0.56638, -0.511127, 0.569914, -0.0022007, -0.045817, -0.00478985, 1
0.477528, 0.613135, 0.479169, 0.00464784, 0.0212787, 0.00089451, 1
-0.271792, -0.403005, 0.428138, -0.00237366, 0.0063333, -0.000437771, 1
-0.0768676, 0.445743, 0.530145, 0.0281884, 0.0183905, -0.00267385, 1
0.360574, -0.143255, 0.359186, 0.0476771, -0.0168352, 0.0554552, 1
-0.0925359, -0.499699, 0.504098, -0.0418875, 0.0151183, -0.00536423, 1
0.58926, -0.492337, 0.588729, 0.00427779, -0.00652819, -0.0017769, 1
-0.429226, 0.381259, 0.41363, -0.00184609, -0.00381218, -0.000296747, 1
-0.13143, -0.0558269, 0.48266, -0.0597091, 0.0355162, 0.0632014, 1
0.308692, 0.592219, 0.616972, 0.0274362, -0.00284925, 0.0165085, 1
-0.518424, -0.604124, 0.331699, -0.000144821, 0.00157325, -0.000541452, 1
0.501304, 0.503367, 0.327492, 0.0324814, -0.0522368, -0.0444803, 1
-0.101873, -0.398388, 0.384232, 0.0158917, 0.0155271, -0.00434976, 1
0.350752, 0.154708, 0.338176, 0.0527476, -0.0223471, -0.0325091, 1
-0.0485212, -0.114681, 0.459853, 0.297579, -0.0655212, 0.0585288, 1
0.128294, 0.422747, 0.492419, -0.200001, -0.137711, 0.0194987, 1
-0.375165, 0.382043, 0.526826, -0.0148706, 0.0351769, -0.0356885, 1
-0.540103, 0.582781, 0.46465, 0.0627704, 0.0594135, -0.23211, 1
-0.14551, -0.178613, 0.608184, -0.00664068, 0.00691698, 0.0191179, 1
0.525202, -0.499884, 0.598748, 0.00114128, -0.00256809, 0.00108542, 1
0.473234, -0.388345, 0.605207, 0.00147756, 0.0068752, 0.00105991, 1
0.540103, -0.517005, 0.573558, -0.000670061, -0.00278193, 0.000884435, 1
0.590143, 0.011086, 0.31647, -0.00119646, 0.0174192, 0.00139833, 1
-0.392785, -0.268126, 0.512638, -0.030599, -0.00835501, -0.0131481, 1
-0.300006, 0.313317, 0.326477, -0.0132087, 0.00727787, 0.017006, 1
0.27948, -0.188352, 0.589655, 0.0209063, -0.0046015, 0.0637521, 1
-0.270696, 0.0664455, 0.527675, 0.0112518, -0.0447941, 0.026283, 1
0.57668, 0.156306, 0.515879, 0.0044969, 0.0228186, -0.0683823, 1
-0.0845748, -0.619168, 0.628717, 0.000227855, -0.000818075, 0.011012, 1
-0.171693, 0.535997, 0.346255, 0.00608145, -0.00299305, -0.00048671, 1
-0.296557, 0.379268, 0.406659, 0.0330639, -0.405067, -0.401491, 1
-0.395581, 0.289407, 0.434899, -0.00500295, 0.000621477, -0.00104717, 1
-0.621202, 0.249587, 0.595161, -0.00404706, 0.00396767, 5.63127e-05, 1
-0.615247, 0.486766, 0.370639, 0.00409288, -0.00138481, -0.00130715, 1
0.17538, -0.443204, 0.606459, -0.0120934, -0.0216978, 0.0176113, 1
0.221362, 0.466239, 0.40188, 0.00769258, 0.00353424, 0.00119541, 1
0.0601273, -0.43442, 0.575982, 0.0801164, 0.0376491, 0.0271884, 1
-0.349027, -0.487704, 0.457568, 0.0061548, -0.0145803, 0.0515423, 1
0.454562, 0.057685, 0.460267, -0.0063888, 0.00720241, -0.00171336, 1
0.449574, 0.515955, 0.436775, -0.00532174, 0.00339236, 0.0221309, 1
0.574666, -0.410565, 0.374102, -0.0231972, 0.0423226, -0.019824, 1
-0.31855, -0.176183, 0.603944, -0.0725426, 0.0128933, 0.0760775, 1
0.161119, -0.167421, 0.50885, 0.0264733, 0.0275499, -0.0107544, 1
0.021911, -0.152704, 0.473051, -0.0259927, -0.0315883, 0.0130931, 1
0.244541, -0.607288, 0.51974, 0.00478103, -0.0319776, -0.011713, 1
0.150523, 0.244038, 0.478809, -0.0874307, 0.136883, 0.0482748, 1
0.498117, -0.325798, 0.527695, 0.00451382, 0.00171152, -0.00336758, 1
0.282192, -0.0448624, 0.56326, -0.0164572, -0.0044385, -0.033306, 1
-0.407389, -0.220264, 0.420191, 0.0817448, 0.0601474, -0.0885636, 1
0.173752, -0.400653, 0.391688, -0.012789, 0.0066085, -0.00306779, 1
-0.599, -0.45595, 0.446538, -0.0609583, 0.172259, 0.10429, 1
-0.36252, -0.144537, 0.559983, -0.0285525, 0.0807382, 0.02208, 1
-0.466597, -0.613381, 0.360637, 0.00239929, -0.000904846, -0.00652054, 1
0.308877, 0.0384935, 0.479952, 0.0554665, -0.0816611, -0.0443991, 1
-0.318774, -0.346929, 0.485621, -0.0202198, -0.0218877, -0.0127452, 1
0.500261, 0.433557, 0.389139, 0.00372707, -0.00407755, -0.000238079, 1
-0.104355, 0.301711, 0.465181, 0.177719, 0.0235577, -0.0899888, 1
-0.513428, -0.0460604, 0.611456, -0.0145717, -0.00654685, 0.00883205, 1
0.479686, 0.176514, 0.398899, 0.00160401, 0.00170798, 0.0028109, 1
-0.359406, -0.279698, 0.456227, 0.0103481, -0.00330329, -0.0200109, 1
-0.0525786, -0.248735, 0.49973, 0.00149873, -0.0169189, -0.00896503, 1
0.473647, 0.0187084, 0.621087, -0.00897432, -0.00219023, 0.00437497, 1
0.193726, 0.182075, 0.625232, 0.012996, 0.00908244, 0.0207761, 1
0.376348, -0.139012, 0.477365, 0.0245353, 0.0211229, -0.00593845, 1
-0.223698, 0.172177, 0.548123, 0.0242608, 0.0236709, 0.0583967, 1
0.458858, 0.0424742, 0.499022, -0.00745473, -0.0036738, 0.00359603, 1
-0.504438, 0.568082, 0.416959, 0.000162239, 0.0111958, 0.0142607, 1
0.0963584, -0.575309, 0.562934, -0.00121892, -0.00445312, 0.0068658, 1
0.0223287, 0.53434, 0.449572, -0.0164183, -0.0549668, 0.0171645, 1
0.357998, -0.455029, 0.537138, 0.0416809, 0.00993199, -0.0175978, 1
-0.336948, 0.122356, 0.317464, -0.00154254, 0.00262932, -0.0123879, 1
0.402045, -0.0339607, 0.479632, -0.000178846, 0.000541551, -0.000664199, 1
0.366538, -0.470198, 0.36766, -0.00280164, -0.0115843, -0.000590308, 1
0.347613, 0.536113, 0.490397, 0.00383855, 0.00470484, -0.0113043, 1
-0.262781, -0.317549, 0.375951, 0.00345762, -0.00245341, -0.0006486, 1
-0.590142, -0.488654, 0.54406, -0.0437775, -0.00328532, -0.0298053, 1
0.146019, -0.363129, 0.52859, 0.00047262, -0.00469273, -0.00194373, 1
0.553926, 0.363193, 0.542254, -0.0631318, 0.0725736, -0.13772, 1
0.28581, -0.244442, 0.518348, 0.19605, -0.198242, -0.258615, 1
-0.435756, -0.516407, 0.562081, -0.00461426, 0.0167783, -0.0250106, 1
0.45287, -0.223392, 0.43518, 0.0563093, 0.074014, 0.0412808, 1
0.462798, -0.45131, 0.58418, 0.00110577, 0.00370532, -0.00807006, 1
-0.138528, 0.545191, 0.624122, 0.000841253, -0.000405516, 0.000167949, 1
0.0721831, 0.26284, 0.600659, 0.00236139, -0.00901793, -0.00167104, 1
-0.486081, -0.629904, 0.363781, 0.000263934, 0.00875794, -0.00309333, 1
-0.242204, -0.590083, 0.399108, 0.000117879, -0.0159869, 0.0086109, 1
-0.585817, 0.185899, 0.465817, -0.00829258, 0.00453561, -0.000605294, 1
0.268616, 0.109862, 0.399124, -0.014277, -0.0633735, 0.0298195, 1
-0.0822229, -0.234292, 0.495505, -0.0138631, -0.00978211, -0.012237, 1
-0.528685, -0.0400851, 0.523894, 0.00748479, 0.0268394, -0.00113951, 1
0.459713, -0.217179, 0.625537, -0.00177577, -0.00155182, 0.00291208, 1
-0.319422, -0.384344, 0.355218, -0.000527493, 0.00337607, 0.0096224, 1
-0.502555, 0.107091, 0.334025, -0.0795743, -0.0212318, 0.0569305, 1
-0.525922, -0.450689, 0.557226, 0.0102322, 0.00824314, -0.0174767, 1
0.616786, -0.306807, 0.557241, 0.000114248, -0.00844156, 0.00664352, 1
-0.447944, 0.0809525, 0.567211, -0.024092, 0.0793773, 0.00372623, 1
-0.111439, 0.125099, 0.456195, -0.0301299, -0.141559, -0.0586981, 1
0.491901, -0.236248, 0.32617, 0.00832174, -0.00611152, 0.0409304, 1
-0.431456, 0.311492, 0.425088, 0.00160386, -0.00133115, -0.00569678, 1
0.290636, 0.41277, 0.572557, -0.0767317, -0.00434957, -0.0529428, 1
-0.133643, 0.24252, 0.360772, -0.00491468, 0.00686237, -0.045418, 1
-0.151349, 0.553062, 0.422176, 0.0524775, 0.0215946, 0.0223865, 1
0.00959703, -0.579457, 0.60644, 0.00223557, -0.0102593, 0.00419947, 1
0.0857708, -0.475416, 0.336277, -0.0160568, -0.0046576, -0.00607258, 1
-0.205178, -0.488593, 0.417066, 0.0269367, -0.0272711, 0.00336496, 1
-0.496069, -0.306574, 0.594795, -0.0379125, -0.0108273, 0.0362917, 1
0.512849, 0.211951, 0.468579, 0.00644566, 0.000196354, -0.000498879, 1
-0.182225, 0.0738882, 0.567008, -0.0238889, 0.0236607, 0.0303175, 1
-0.137473, 0.272396, 0.48739, -0.0910632, -0.165821, -0.0195597, 1
0.30295, -0.0669323, 0.433092, -0.00268453, -0.0308465, 0.011444, 1
0.0733247, 0.429388, 0.336231, -0.0260377, -0.0610839, -0.0884287, 1
0.256484, -0.351925, 0.317006, -0.0024806, 0.00353353, -0.00474695, 1
-0.574664, 0.287636, 0.329632, 0.00806801, 0.0125956, 0.0194442, 1
0.59117, -0.256557, 0.368269, 0.00201048, -0.00760932, -0.00104716, 1
-0.583576, 0.168228, 0.403612, -0.00857519, 0.0058872, 0.00349359, 1
-0.175238, 0.302123, 0.484459, -0.118598, -0.112601, 0.12104, 1
-0.315912, 0.185008, 0.379956, -0.00416304, 0.142125, -0.00946764, 1
0.298478, -0.62718, 0.555919, 0.00280052, 0.00355495, 0.000899216, 1
0.0466554, -0.13469, 0.466527, 0.0103038, -0.014346, 0.0112843, 1
-0.523638, -0.461703, 0.607285, -0.0231047, 0.0146371, 0.0313036, 1
-0.0511975, 0.241585, 0.557141, -0.0360652, -0.167597, -0.082274, 1
0.0338, -0.131894, 0.626651, 0.00100026, -0.00168839, 0.0081031, 1
0.0418958, -0.0765944, 0.541069, -0.13741, -0.124771, 0.130899, 1
0.100498, -0.115388, 0.319439, -0.00158949, 0.0050778, -0.00567686, 1
0.313649, -0.0690003, 0.518987, 0.0139717, -0.012319, 0.00982933, 1
-0.591757, 0.385725, 0.437027, -0.00210219, -0.000894011, 0.00147849, 1
0.086153, -0.56015, 0.325788, -0.0157376, 0.0179683, -0.0330617, 1
0.346051, 0.368291, 0.326484, 0.00228818, -8.21934e-06, 0.0015156, 1
0.0498729, -0.215017, 0.450302, -0.0728543, -0.0381873, 0.0908628, 1
-0.603873, -0.108692, 0.492367, -0.00195003, -0.010476, -0.017029, 1
0.56534, 0.470074, 0.395273, 0.00152899, -0.0094986, 0.0033617, 1
0.27405, -0.126089, 0.51979, 0.050615, 0.0220668, -0.0408811, 1
0.260799, 0.54577, 0.34315, -0.00416693, -0.0254654, 0.00246719, 1
-0.0947796, 0.0163052, 0.471794, 0.0203079, -0.0222807, -0.0147596, 1
-0.0769514, -0.30001, 0.612035, -0.0340356, -0.0264908, 0.00178164, 1
-0.520859, -0.261803, 0.550975, -0.20064, -0.121029, 0.184216, 1
-0.0326793, 0.454313, 0.568429, -0.0882128, 0.0629276, 0.0018767, 1
0.0105448, 0.1704, 0.503011, -0.00227795, 0.0085912, -0.00283941, 1
0.0565524, -0.40969, 0.606747, 0.0332629, 0.0531739, 0.0540373, 1
0.597834, -0.3836, 0.422084, -0.00573286, 0.0228508, -0.00706292, 1
0.0474486, -0.448224, 0.382111, 0.00809324, 0.0151925, -0.00390648, 1
0.368612, 0.45579, 0.50808, 0.000882986, -0.00356926, -0.00790425, 1
-0.0720822, 0.086625, 0.487032, 0.0295449, -0.00623877, -0.00670924, 1
0.0405927, 0.621809, 0.333617, -0.0231843, -0.00286853, 0.0170627, 1
-0.592084, -0.085106, 0.416106, 0.000116271, -0.00610452, -0.00285906, 1
0.59613, 0.0239989, 0.508146, 0.033237, -0.0763989, -0.0147655, 1
0.280178, 0.621283, 0.464233, -9.41259e-06, -0.00813394, -0.000238575, 1
0.0340398, 0.00186439, 0.349342, -0.0120463, 0.000468607, -0.00858927, 1
-0.473771, -0.571547, 0.40441, 0.254651, -0.083201, -0.185269, 1
-0.566635, -0.603676, 0.466001, -0.0322544, -0.028761, 0.0201755, 1
-0.138228, 0.0737356, 0.511436, -0.0119215, 0.00338019, -0.000652047, 1
0.13029, -0.187616, 0.467893, -0.102935, 0.315549, 0.0364555, 1
-0.357244, 0.370265, 0.332058, -0.022133, -0.0404601, -0.0217995, 1
0.330956, -0.219105, 0.330019, -0.00851279, -0.00675874, -0.00909506, 1
0.405497, -0.181225, 0.466234, 0.00426968, -0.00409699, -0.00109124, 1
-0.449934, -0.215059, 0.629724, 0.0376832, -0.0488294, 0.13533, 1
0.322721, -0.564844, 0.627554, 4.00832e-05, -0.000376755, -7.7622e-05, 1
-0.340201, 0.0991594, 0.47053, 0.00817126, -0.145206, 0.0597733, 1
-0.202759, 0.255352, 0.485134, -0.0842044, -0.0870921, 0.0303175, 1
0.154956, 0.31868, 0.491705, -0.0539218, -0.0214369, 0.0373149, 1
-0.500893, -0.449512, 0.352649, -0.0100068, 0.0129513, 0.0149408, 1
0.284925, 0.310742, 0.463235, 0.00799913, 0.010389, -0.00300157, 1
-0.363358, 0.583462, 0.398311, 0.0117392, 0.00139499, -0.00714294, 1
-0.295052, 0.284455, 0.501025, 0.051061, -0.0103621, -0.00390009, 1
-0.234901, 0.0599888, 0.61321, 0.00392746, 0.00260541, 0.0061913, 1
0.370108, 0.240018, 0.401954, 0.0196882, -0.0259751, -0.00400062, 1
0.369152, -0.0672239, 0.418234, 0.00846655, 0.00029823, -0.00463027, 1
0.359515, 0.222539, 0.600515, -0.0635871, -0.0127415, 0.0951393, 1
-0.27822, -0.610184, 0.506862, 0.00169507, -0.00469074, 0.00078633, 1
0.402388, 0.174736, 0.429041, 0.00494136, -0.00627219, -0.00731445, 1
-0.150644, 0.303806, 0.474154, 0.071422, -0.177478, -0.0325954, 1
2.34325e-05, -0.0412322, 0.394349, 0.0426479, 0.00991147, -0.00610532, 1
0.593038, 0.225374, 0.382724, -0.000810289, -6.55236e-05, -0.000526932, 1
-0.333572, 0.560285, 0.611328, 0.00826207, -0.000135485, 0.0199818, 1
0.410603, -0.304579, 0.468835, 0.0317413, -0.0142182, -0.00722721, 1
0.34359, -0.564434, 0.371348, 0.00118941, 0.00383026, -0.0047847, 1
-0.568446, 0.434681, 0.512033, 0.00147589, -0.00705612, -0.011463, 1
-0.155436, 0.164233, 0.410177, -0.00701374, -0.0971557, -0.12429, 1
-0.27323, 0.515976, 0.415122, -0.118307, 0.0557769, 0.108015, 1
0.494292, 0.288401, 0.616297, 0.00203563, 0.00500687, 0.0189632, 1
-0.309397, -0.492207, 0.534757, 0.0269349, -0.00998668, -0.0133314, 1
0.327293, 0.13778, 0.366958, 0.111739, -0.135627, -0.00645765, 1
-0.615165, 0.100855, 0.580793, -0.00125582, 0.00528162, 0.018175, 1
-0.344198, 0.397247, 0.563373, 0.00687097, 0.0374397, 0.0229529, 1
-0.418739, 0.177887, 0.329738, 0.0814971, 0.106398, -0.0414884, 1
0.196673, -0.108487, 0.34612, -0.00746295, 0.021518, -0.000295307, 1
0.422139, -0.0469702, 0.612281, -0.00242278, 0.00370902, 0.000894993, 1
-0.0495826, 0.427557, 0.495849, -0.00952115, 0.000687312, 0.00453211, 1
0.331199, -0.475636, 0.467352, -0.00033272, 0.00607556, -0.00711627, 1
-0.528167, -0.611308, 0.381961, -0.0167844, -0.0623026, -0.060537, 1
-0.582834, -0.290742, 0.4164, 0.0167583, 0.0705238, 0.000664538, 1
0.296268, -0.593412, 0.608336, -3.41751e-05, 0.00104847, 0.00111757, 1
0.504176, -0.578614, 0.476059, 0.0253982, 0.0178008, -0.00689016, 1
0.307493, -0.292848, 0.41788, -0.00607565, 0.0122864, 0.00391859, 1
0.0411323, -0.0816233, 0.619842, -0.00745031, 0.000278711, 0.0166918, 1
0.100156, -0.514914, 0.43523, 0.00749073, 0.0037072, -0.016663, 1
0.22471, 0.537188, 0.580978, 0.00526414, -0.00177851, 0.00124292, 1
0.153981, -0.142358, 0.530377, -0.0331242, 0.100199, 0.0252064, 1
-0.382479, -0.441123, 0.568958, -0.0257318, 0.00882145, 0.0110711, 1
0.227001, -0.339327, 0.573622, -0.0047801, 0.0132427, 0.00440108, 1
0.494918, -0.292198, 0.343446, -0.0125625, 0.0211722, -0.0192313, 1
-0.359334, -0.625893, 0.352584, -0.00102285, 0.00965015, -0.00107329, 1
-0.445844, 0.508246, 0.365421, 0.00640194, -0.0254634, -0.0116916, 1
0.198466, 0.185776, 0.4497, 0.0233009, -0.0407531, -0.0467537, 1
0.610059, -0.403055, 0.586785, -0.0133408, 0.00541209, 0.0135676, 1
0.569575, 0.327065, 0.615547, -0.101247, 0.00770051, 0.190802, 1
-0.20936, -0.078189, 0.592354, 0.00676973, 0.0095397, -0.00112737, 1
-0.405301, -0.554172, 0.399273, -0.0051622, -0.0347065, 0.00991358, 1
0.456278, -0.306687, 0.446483, 0.0142502, -0.0189423, 0.0202293, 1
0.212258, 0.550278, 0.519142, 0.00161288, 0.00111421, -0.00283576, 1
-0.0131066, 0.415232, 0.603584, -0.0658383, 0.0516221, 0.141548, 1
0.100751, -0.574065, 0.604602, 5.11266e-05, -1.09422e-05, 2.32725e-05, 1
0.251159, -0.389946, 0.574172, -0.0256919, 0.0213636, 0.0131793, 1
0.452917, 0.438484, 0.463125, 0.00873685, 0.010798, 0.00903219, 1
-0.268136, 0.418579, 0.519852, -0.0463896, 0.0555858, 0.120528, 1
-0.44085, 0.35819, 0.444128, 0.000232727, 0.00647845, -0.00835327, 1
-0.498514, -0.481133, 0.582071, 0.0105894, 0.00810023, -0.0295683, 1
0.610973, -0.25647, 0.601019, -0.0025689, -0.00148851, 0.00217901, 1
-0.311788, -0.430155, 0.366857, 0.00586085, 0.00323175, 0.0141678, 1
0.214218, 0.412066, 0.346935, 0.00287268, 9.96645e-05, -0.00385866, 1
-0.229066, -0.231004, 0.608234, -0.00242883, -0.0104203, 0.0115214, 1
-0.334585, 0.49971, 0.622209, 0.00393564, -0.00562573, 0.00596997, 1
-0.436032, 0.120906, 0.367231, -0.0183048, -0.0707017, 0.210595, 1
0.60073, -0.0561403, 0.319362, -0.0031598, -0.0180759, 0.00644844, 1
-0.0666216, 0.305687, 0.581497, -0.00178364, 0.164261, 0.0301243, 1
-0.507065, 0.4948, 0.513554, -0.0157665, 0.0076924, 0.00923094, 1
0.00951875, 0.62625, 0.550761, -0.0326713, 0.0797234, 0.00310256, 1
-0.182049, 0.607259, 0.329153, -0.00461853, 0.00619128, 0.0068324, 1
-0.297826, -0.334492, 0.379105, -0.00265846, -0.00232324, -0.00280473, 1
-0.090326, 0.509689, 0.324631, -0.0671736, 0.0825369, -0.0491839, 1
0.0374879, -0.349341, 0.424371, 0.00703476, -0.01391, 0.000948419, 1
-0.0494291, -0.0539619, 0.391807, 0.117667, 0.0314912, -0.115773, 1
-0.0804481, 0.13997, 0.579525, -0.00212159, -0.00455017, 0.00247831, 1
0.128551, 0.110737, 0.407999, 0.0121383, 0.0747355, -0.00485923, 1
0.14607, -0.585849, 0.32693, 0.0205667, 0.00855846, -0.00701165, 1
-0.0477953, -0.462951, 0.608121, -0.0432654, -0.000830453, 0.022933, 1
-0.513434, 0.176532, 0.607192, 0.00215225, -0.00137082, 0.00023429, 1
0.429685, 0.624446, 0.601516, 0.049686, 0.0301352, 0.022993, 1
0.486371, -0.303344, 0.360402, -0.0377338, 0.0187574, -0.0123137, 1
-0.517063, 0.236294, 0.330333, 0.000874195, 0.00202998, 0.00346774, 1
-0.478466, -0.356182, 0.400489, 0.00634736, -0.00136132, -0.00327777, 1
-0.0409107, 0.224352, 0.54449, 0.0468182, -0.12385, -0.0674388, 1
0.266392, -0.486059, 0.421991, 0.00830502, 0.0132241, 0.00536085, 1
0.0646369, 0.272455, 0.607166, 0.00295095, -0.0123218, 0.004802, 1
0.436705, -0.211438, 0.618195, -0.0013156, -0.00145988, 0.00261511, 1
0.484497, 0.37073, 0.344966, 0.00100461, 0.00590095, 0.0298969, 1
0.397125, 0.487259, 0.54659, -0.00490992, 0.0164456, -0.01091, 1
0.30604, 0.286981, 0.545211, 0.00245614, 0.00714239, -0.0002179, 1
0.19225, 0.143389, 0.626865, 0.0139536, -0.0140668, 0.0157228, 1
0.373931, 0.25629, 0.528448, -0.0129611, 0.00332239, -0.0405154, 1
0.435338, 0.407787, 0.596893, -0.0104841, -0.0109836, 0.0212174, 1
-0.482559, -0.263088, 0.495491, 0.055748, -0.0248359, -0.0888581, 1
0.435472, -0.626659, 0.531467, 0.000912903, 0.00377977, 0.00743826, 1
-0.396417, 0.0679412, 0.44209, -0.00466793, -0.0125286, -0.0164484, 1
-0.487607, -0.125317, 0.546721, -0.0349573, 0.0293385, 0.029834, 1
-0.534682, -0.270784, 0.481912, -0.034316, 0.0136121, -0.109679, 1
-0.414744, -0.503622, 0.446237, 0.0228886, 0.0138766, 0.0166501, 1
0.51169, 0.43238, 0.360491, 0.002464, -0.000906584, 0.00463544, 1
0.172678, -0.00533305, 0.553829, 0.184629, 0.00279014, 0.0415955, 1
0.160286, -0.261365, 0.460411, -0.435914, -0.861827, 0.195113, 1
-0.245776, -0.45599, 0.404866, -0.0616609, 0.00337113, -0.00186831, 1
-0.378056, -0.308586, 0.496585, -0.0115578, -0.0402735, -0.0134955, 1
0.34398, -0.503077, 0.497411, 0.0224437, -5.99079e-05, -0.0103359, 1
-0.0500072, -0.269531, 0.356906, -0.0568387, -0.0512164, -0.0405926, 1
0.458424, -0.127174, 0.483067, -0.0222618, -0.0205261, -0.0305288, 1
0.125454, -0.0318923, 0.572862, -0.0838679, -0.163394, 0.100023, 1
-0.46675, 0.183328, 0.604448, -0.00166722, 0.00150669, 0.00234859, 1
0.0582696, 0.0650537, 0.555052, -0.00373553, -0.024973, 0.00819239, 1
0.240307, -0.392232, 0.396228, -0.0442622, -0.0121189, 0.0254246, 1
-0.0642307, 0.398018, 0.488377, 0.0376925, -0.0033243, 0.000325057, 1
0.517485, -0.477722, 0.531871, -0.00207606, 0.00580076, 0.00745034, 1
-0.382903, -0.225814, 0.612215, 0.0133034, -0.00409994, 0.0173254, 1
0.343511, -0.511798, 0.328955, -0.000806979, -0.000870461, 0.000210937, 1
-0.186697, 0.0681584, 0.419063, 0.0206013, 0.080449, 0.0392469, 1
-0.0190004, -0.103381, 0.54476, 0.00865892, 0.0426327, -0.0172243, 1
-0.606584, -0.60789, 0.379296, 0.00151845, -0.00426838, 0.00901659, 1
0.424938, -0.444676, 0.582619, -0.0189541, 0.00128397, -0.00235256, 1
0.322874, 0.243557, 0.441392, -0.0181593, -0.0244883, 0.0101629, 1
0.0232274, -0.146099, 0.500825, 0.00938359, -0.0398322, 0.00625441, 1
0.348211, 0.419633, 0.442838, -0.000271944, -0.00345462, 0.0035078, 1
-0.218134, 0.307155, 0.480899, -0.268224, -0.00725384, 0.0265423, 1
-0.610505, 0.554215, 0.581936, -0.112663, 0.0538316, 0.00368828, 1
0.578428, 0.267763, 0.611477, -0.0096949, -0.0577117, 0.0428043, 1
-0.625607, -0.548898, 0.471026, 0.00315214, -0.0064585, 0.00308924, 1
-0.209281, 0.0620653, 0.602672, -0.00981775, 0.00888063, 0.0160184, 1
-0.550093, 0.0854443, 0.60819, -0.00283746, 0.00272309, 0.0286172, 1
-0.292834, -0.119581, 0.33953, -0.0108973, -0.0127514, -0.00326556, 1
-0.482211, -0.426671, 0.557911, 0.0123445, 0.00258493, -0.0106487, 1
0.0234292, 0.22652, 0.363895, -0.198792, -0.0540615, 0.0514467, 1
-0.493126, -0.0552321, 0.626294, -0.0262194, -0.00810406, 0.015717, 1
0.0183003, 0.356598, 0.545592, 0.0432554, 0.00879534, 0.0796377, 1
-0.577959, 0.376056, 0.526655, -0.000154959, -0.00153046, -0.00368566, 1
0.489859, 0.32452, 0.436105, 0.0624318, -0.0368857, -0.0294444, 1
0.415915, 0.328877, 0.456371, -0.150623, -0.495722, -0.00739883, 1
-0.219834, -0.510367, 0.629378, 0.00858802, -0.0159539, 0.0344701, 1
-0.329001, -0.430497, 0.493248, 0.0203314, 0.0145051, -0.00528791, 1
-0.416093, -0.0933678, 0.620844, 0.0182135, -0.0637627, 0.0486407, 1
-0.317898, 0.0543846, 0.356685, 0.00266738, 0.0382354, 0.0356121, 1
-0.606109, -0.55215, 0.570806, -0.0056988, -0.00641718, 0.00250521, 1
-0.410457, -0.415312, 0.399507, -0.0367453, 0.0119867, 0.0195055, 1
-0.425134, 0.232952, 0.331166, 0.00165544, 0.00915633, -0.000716819, 1
0.497307, 0.284956, 0.582671, 0.00928906, 0.00942561, 0.0046228, 1
0.0840721, 0.144852, 0.50631, 0.0045165, 0.0113864, -0.00590288, 1
0.568563, -0.069197, 0.431038, 0.0124383, -0.00411443, 0.0130821, 1
-0.125806, 0.340932, 0.460937, 0.286587, 0.0852437, 0.140774, 1
-0.128148, -0.618032, 0.510804, -0.00321561, 0.00275571, -0.0078793, 1
0.584919, -0.404161, 0.329971, -0.00169413, 0.00964304, -0.0046951, 1
0.548441, -0.0920961, 0.501058, -0.0122698, 0.00265383, -0.0100891, 1
-0.544671, -0.0682421, 0.520512, 0.00830936, 0.001944, -0.00547952, 1
0.478627, 0.151265, 0.574174, -0.0193604, -0.00632112, 0.00815908, 1
-0.443197, 0.356094, 0.474921, -0.0038502, 0.0225262, -0.00679987, 1
-0.37846, 0.223438, 0.38867, -0.0281256, 0.0185555, -0.0207841, 1
-0.567631, -0.322454, 0.582374, -0.00421471, -0.00293457, 0.00415073, 1
0.197682, -0.383854, 0.407583, -0.0199388, 0.00168339, 0.00384905, 1
-0.598018, 0.120303, 0.335326, -0.0068565, -0.0154792, 0.028768, 1
-0.0141955, 0.622119, 0.338309, -0.000176201, -0.00833987, -0.000612495, 1
-0.490833, 0.577075, 0.394759, -0.00368044, 0.0316967, 0.0367529, 1
-0.430876, 0.495552, 0.529226, 0.00307296, 0.0224972, -0.0144439, 1
0.31343, 0.580844, 0.354674, 0.0049333, 0.0194461, 0.00466534, 1
-0.124378, 0.429507, 0.549982, 0.388424, 0.269508, 0.21898, 1
-0.347534, 0.616274, 0.481514, -0.000850242, -0.00629639, -0.00301681, 1
0.292226, -0.39215, 0.379883, -0.0393146, 0.00162271, -0.0263754, 1
0.586978, -0.329818, 0.45676, 0.000182088, 0.0214413, -0.0094449, 1
0.396618, 0.497828, 0.518288, -0.000550309, 0.00501823, -0.00999299, 1
-0.492902, 0.529773, 0.390873, 0.00425533, -0.0165406, 0.0390098, 1
-0.411526, -0.114385, 0.388911, 0.0466064, -0.0784353, -0.0472562, 1
-0.318219, 0.0247445, 0.375689, 0.0154592, -0.00149983, 0.0667502, 1
0.000890205, 0.223832, 0.342086, -0.0808227, -0.00194391, -0.0289998, 1
-0.40206, -0.0927014, 0.329807, 0.00138059, -0.00333231, -0.0309212, 1
-0.243289, 0.412885, 0.594674, -0.0436512, 0.00127619, 0.0483226, 1
-0.563217, -0.564612, 0.591252, -0.028682, -0.0103004, -0.00773642, 1
0.102914, 0.357577, 0.335723, 0.0869788, -0.0154831, -0.0587169, 1
0.362518, 0.314591, 0.41076, -0.0269964, 0.0502078, -0.096476, 1
-0.330295, 0.0812453, 0.377726, -0.0150451, -0.0207139, -0.00511101, 1
0.482929, 0.218307, 0.352679, 0.00118634, 0.00163589, -6.65728e-05, 1
-0.473435, 0.436744, 0.481573, 0.0192348, -0.0212514, -0.0409417, 1
-0.177716, -0.511439, 0.330268, -0.000519205, -0.00134257, 8.75155e-05, 1
0.0651144, 0.119415, 0.543717, 0.0374939, 0.018503, 0.0156606, 1
0.173533, 0.347318, 0.363051, -0.00964021, 0.0428367, -0.0286068, 1
0.232833, -0.525934, 0.623763, -0.0024396, -0.00846284, 0.00422242, 1
0.0916761, -0.459187, 0.325119, -0.0202716, 0.00193254, -0.013129, 1
-0.0631703, 0.27369, 0.572004, -0.0906007, 0.079011, -0.030191, 1
0.0197966, 0.00624422, 0.493161, -0.0312968, 0.0339937, -0.0101198, 1
0.402909, 0.305913, 0.355981, -0.00562495, -0.00715917, -0.00798834, 1
-0.60604, 0.158878, 0.568049, 0.00140827, 0.001908, -0.000597652, 1
-0.455253, 0.315406, 0.519744, -0.0403288, 0.0454604, 0.00221267, 1
0.211113, -0.492273, 0.549375, -0.00416144, 0.00758312, 0.0138319, 1
0.272259, 0.202805, 0.421738, -0.0322792, 0.0812012, 0.0815368, 1
-0.0727257, -0.253625, 0.351077, -0.042075, -0.000474688, -0.0264271, 1
0.119552, 0.609171, 0.377084, 0.00224575, -0.00257492, 0.0045382, 1
0.09475, 0.0708835, 0.419778, -0.0699268, 0.429747, 0.0599442, 1
0.135299, -0.62225, 0.33071, 0.00504356, -0.00961293, -0.00591917, 1
-0.0965382, 0.0275098, 0.489762, 0.0403944, -0.0256278, 0.00547339, 1
0.616178, -0.199544, 0.408749, 0.00618484, -0.00100158, 0.00770865, 1
-0.47975, -0.175621, 0.605959, -0.029345, 0.114767, 0.12567, 1
0.532519, -0.000910144, 0.52732, -0.0255348, -0.0224082, -0.00708018, 1
0.0916408, -0.419761, 0.561743, 0.0741943, 0.0342062, 0.000341183, 1
-0.230712, 0.482462, 0.454953, 0.0379643, 0.0989902, 0.031917, 1
0.196313, -0.220228, 0.549038, -0.101343, -0.0349937, 0.123142, 1
0.340693, 0.529287, 0.543839, 0.0447242, 0.0474204, 0.00617926, 1
0.589102, -0.00592601, 0.404069, 0.00173658, 0.0239006, 0.00833113, 1
-0.251639, -0.50059, 0.405998, -0.0201461, -0.00713875, -0.0224766, 1
-0.188728, 0.0328352, 0.570366, -0.0393575, 0.00802432, 0.00227395, 1
0.510392, 0.0190502, 0.362989, 0.0285935, 0.0160085, 0.0161391, 1
-0.374466, 0.169264, 0.476575, -0.0195857, 0.221725, 0.00223736, 1
-0.470483, 0.0718189, 0.318856, -0.0367074, -0.0302987, -0.0885875, 1
0.37887, -0.466504, 0.371407, 0.0042646, -0.0131546, 0.00168103, 1
0.105987, -0.0672528, 0.334532, -0.00283443, -0.00666696, -0.0113569, 1
-0.594055, -0.500904, 0.436966, -0.0351408, -0.16701, 0.354456, 1
0.342168, 0.469753, 0.411797, 0.00221897, -0.0401302, 0.0594849, 1
-0.00232759, 0.428891, 0.567806, 0.0200707, 0.122021, 0.0108768, 1
0.354023, -0.452712, 0.600149, 0.0613054, 0.0312738, 0.0313667, 1
-0.541839, -0.011476, 0.450867, 0.0149914, 0.00648848, 0.0235261, 1
0.479698, -0.131048, 0.613121, -0.0169884, -0.0227525, 0.0786034, 1
-0.588199, 0.12445, 0.497946, 0.00367486, 0.00870144, -0.0124715, 1
0.0581731, 0.28393, 0.358409, -0.108087, 0.377579, -0.459181, 1
0.0736718, 0.0328362, 0.399274, -0.429223, -0.15962, -0.163589, 1
0.299373, -0.491141, 0.539952, 0.0223845, -0.117924, -0.0520233, 1
0.377572, -0.455232, 0.572217, 0.0217051, 0.00567555, -0.0106097, 1
-0.394419, 0.5169, 0.532164, 0.00318615, 0.00491381, -0.00344834, 1
-0.00715999, -0.115391, 0.481896, 0.0255018, 0.0109743, 0.0297605, 1
-0.25579, -0.391332, 0.526209, -0.00206388, 0.0208795, 0.00529473, 1
-0.375047, -0.303208, 0.365849, 0.0186606, -0.0170289, 0.0185507, 1
0.168495, -0.453473, 0.490578, -0.00175611, 0.00536984, -0.00605581, 1
0.101123, -0.411709, 0.3642, -0.0083263, 0.0116402, 0.00268756, 1
-0.426948, 0.276428, 0.592673, -0.00227962, -0.0321983, 0.0371584, 1
-0.253237, -0.279864, 0.443391, -0.00748657, 0.0144416, -0.0253547, 1
0.0839339, -0.610454, 0.478097, 0.00845046, -0.0440007, 0.00123844, 1
-0.276112, 0.397082, 0.52178, -0.0325403, -0.0707113, 0.0866721, 1
-0.507097, -0.627301, 0.493514, -2.33713e-05, -0.000495805, 0.00812015, 1
0.361633, -0.00449771, 0.622157, 0.026496, -0.00274107, 0.0435042, 1
-0.230636, 0.369676, 0.366833, 0.000190679, 0.00252866, -0.00726629, 1
0.614274, 0.624592, 0.448522, -0.00519128, -0.00931895, -0.00079392, 1
-0.442183, 0.163123, 0.492645, -0.0133543, 0.0434721, -0.0614001, 1
0.260203, -0.365717, 0.547208, -0.00298124, 0.0465647, -0.00893077, 1
0.457075, -0.162701, 0.458824, 0.0132513, 0.000233356, 0.0108861, 1
0.307913, 0.214026, 0.546349, -0.00751512, -0.00414212, -0.00560762, 1
-0.438376, -0.332004, 0.551227, -0.0303148, -0.0465835, -0.0958114, 1
0.214085, 0.0218479, 0.493006, 0.101483, 0.0364843, -0.0785515, 1
-0.21865, 0.144714, 0.493672, 0.6094, 0.00841692, 0.587977, 1
0.495477, -0.123616, 0.335056, -0.00107638, 0.00287486, -0.000151924, 1
0.46425, 0.275711, 0.584966, -0.00104677, 0.00749091, 0.0113143, 1
-0.588272, 0.260021, 0.583623, -0.00868645, 0.0156838, -0.0076628, 1
-0.0541109, 0.447802, 0.466913, -0.0204246, -0.00227337, 0.0136024, 1
-0.603387, 0.078041, 0.532975, 0.00788205, -0.0379608, -0.00886328, 1
0.325519, -0.0948478, 0.334809, 0.00796916, 0.113287, -0.0179341, 1
-0.359037, -0.416898, 0.545806, -0.0222502, 0.036495, 0.0243675, 1
0.566433, -0.225311, 0.620296, -0.00252784, -0.00833501, 0.00687074, 1
0.251485, 0.618737, 0.468267, -1.10539e-06, -0.00703803, -0.000245712, 1
-0.296344, -0.229877, 0.346955, -0.0278435, 0.0389986, -0.0237194, 1
0.418415, -0.364363, 0.473541, 0.00111096, -0.00918554, 0.00102119, 1
0.498714, -0.530076, 0.384978, -0.0113978, -0.0182539, -0.0037778, 1
0.318725, -0.488384, 0.607475, 0.0332508, -0.104526, 0.0871019, 1
0.133364, 0.0874686, 0.561934, 0.00321641, 0.00136203, 0.00306887, 1
-0.518837, 0.114046, 0.423954, 0.000149194, -0.00860101, -0.0170106, 1
0.353136, -0.190398, 0.557733, -0.0354181, -0.00339408, 0.0432011, 1
0.432444, 0.080528, 0.610999, 0.00253089, 0.000684908, 0.00300235, 1
0.0958148, 0.0169975, 0.39718, -0.0845689, -0.480688, -0.0779588, 1
0.0571449, -0.361481, 0.394374, 0.00194538, -0.0138742, 0.00348584, 1
-0.589641, -0.0278614, 0.494395, 0.00452133, -0.0139874, 0.0265296, 1
-0.461749, -0.239409, 0.560796, 0.210156, -0.0789547, -0.0548177, 1
0.17249, -0.370659, 0.585768, -0.00737457, 0.0279558, 0.00562471, 1
0.452477, 0.578029, 0.621162, 0.0252736, 0.0113855, 0.0142728, 1
0.362522, 0.0814294, 0.485539, -0.077961, -0.10559, -0.176185, 1
0.0904055, 0.192556, 0.356559, 0.0123021, -0.0392425, 0.011315, 1
0.526293, -0.0842717, 0.46645, -0.00878622, 0.00451762, -0.027097, 1
0.23737, -0.281791, 0.329092, -0.00205413, -0.0051297, -0.0085157, 1
0.161511, 0.443987, 0.490832, 0.0592962, -0.125116, -0.0402713, 1
0.490305, -0.128831, 0.557953, 0.0940443, -0.0907671, -0.0256493, 1
-0.452053, -0.0885082, 0.393496, -0.0635269, 0.0541299, -0.0186331, 1
0.265601, 0.0797065, 0.491135, -0.0952499, 0.0949849, -0.17134, 1
-0.01107, -0.377766, 0.555961, -0.0348763, -0.0210922, -0.0933256, 1
-0.187854, -0.555253, 0.542977, 0.0215669, -0.0715105, 0.0149959, 1
-0.223058, 0.437233, 0.405844, 0.0526554, -0.0118854, -0.0961625, 1
0.45917, -0.102325, 0.611474, -0.041845, 0.0467093, 0.0649209, 1
0.62548, -0.205995, 0.432915, -0.00778336, -0.000648256, 0.00267005, 1
-0.0285717, -0.598589, 0.519958, 0.00115271, -0.000309454, 0.000946038, 1
0.0278679, 0.192886, 0.473464, -0.00123866, 0.00182183, -5.77914e-05, 1
-0.528658, 0.0532276, 0.598747, 0.00705801, -0.00931006, 0.0116719, 1
0.443225, 0.231138, 0.419129, 0.00619075, 0.00742467, -0.0132649, 1
-0.502643, -0.133225, 0.596547, -0.0252178, 0.034614, 0.0215671, 1
0.201969, 0.485669, 0.344614, -0.000730688, -0.000821204, -0.00117563, 1
-0.0940402, -0.332148, 0.363292, -0.00364561, 0.00901042, -0.00205911, 1
-0.441984, 0.0747574, 0.315109, 0.0563329, -0.0990846, -0.0904724, 1
-0.0785353, -0.096036, 0.447019, 0.0138733, -0.0943759, -0.0460739, 1
-0.152494, -0.100519, 0.553011, -0.00591969, 0.00505603, -0.0161418, 1
0.319239, 0.500872, 0.560855, -0.00471382, 0.0237718, 0.0382628, 1
-0.120782, -0.101223, 0.451585, -0.30569, -0.0815369, 0.00402185, 1
0.513148, 8.19029e-05, 0.622383, 0.00271898, -0.00957145, 0.00746418, 1
0.388283, -0.186657, 0.522677, 0.0581261, -0.0115733, -0.0263146, 1
-0.455053, -0.0593364, 0.33188, -0.00997711, -0.0215047, -0.0229755, 1
-0.58872, -0.48733, 0.610788, -0.0134615, -0.00200552, 0.0285393, 1
-0.470189, 0.0485927, 0.37026, -0.0329638, 0.473064, 0.0422279, 1
-0.276948, 0.236572, 0.54644, 0.0179681, 0.0180778, -0.0136992, 1
-0.276437, -0.471927, 0.36494, -0.00742165, -0.00244909, -0.0154642, 1
0.251713, 0.00554273, 0.497301, 0.0664533, -0.0500221, -0.0110794, 1
-0.0560961, -0.305182, 0.465028, -0.0187725, 0.0327782, 0.0174465, 1
-0.332531, 0.204, 0.597213, -0.000972891, -0.00333338, 0.0145942, 1
0.213884, 0.0871844, 0.439743, 0.000971567, 0.00324214, -0.00528226, 1
0.183562, -0.154496, 0.55057, -0.0164045, 0.005254, 0.0472079, 1
-0.245585, 0.0204145, 0.378245, -0.0109571, -0.0107573, -0.0149055, 1
-0.177993, 0.0616583, 0.413903, 0.0885308, 0.00322235, -0.022905, 1
-0.254696, 0.221433, 0.583542, 0.0100342, -0.00417752, 0.0123123, 1
-0.0335838, 0.574448, 0.485194, -0.00116476, 0.0201879, 0.000182602, 1
-0.367678, -0.331952, 0.524703, -0.00667697, -0.0229172, 0.00520166, 1
-0.167844, 0.549725, 0.368598, 0.0226704, 0.02391, -0.0303294, 1
0.561434, -0.136335, 0.449794, 0.000285798, -0.00622402, -0.00453388, 1
-0.0983064, 0.161098, 0.343303, 0.000582982, -0.0018399, -0.000574728, 1
-0.229306, -0.254982, 0.52259, -0.0167594, 0.00498311, 0.0289952, 1
0.269739, 0.558544, 0.326475, 0.0134154, 0.000375692, -0.033537, 1
-0.0478352, -0.317004, 0.48907, -0.00624469, 0.0125838, 0.0254686, 1
0.205217, 0.134966, 0.346993, -0.00955132, -0.0023728, -0.0019477, 1
0.600903, 0.510234, 0.559842, 0.00379301, 0.0229821, -0.02921, 1
0.415218, -0.153313, 0.545964, -0.00533524, -0.00647141, -0.016817, 1
-0.163859, 0.108973, 0.620466, 0.00056791, 0.00108982, 0.00208798, 1
-0.584899, 0.571092, 0.600407, -0.0214952, 0.0573748, 0.0692903, 1
-0.370433, 0.502562, 0.408832, 0.0251625, 0.0212521, 0.000730484, 1
0.168815, -0.225707, 0.606598, -0.00151217, -0.000867114, 0.00523331, 1
0.2821, 0.17495, 0.385361, -0.0781166, 0.083213, 0.189231, 1
-0.147395, -0.185274, 0.367507, 0.0194151, 0.0253476, 0.00991272, 1
-0.101421, 0.396854, 0.445747, 0.186717, 0.083684, -0.0192213, 1
0.59493, -0.0278921, 0.321997, -0.00123065, -0.00181076, -0.00302713, 1
-0.536951, -0.0569527, 0.607047, 0.00483317, -0.00415775, 0.00475583, 1
0.442491, -0.271698, 0.411227, -0.0279172, -0.0822297, -0.0423332, 1
0.106492, 0.194406, 0.595961, -0.0012905, -0.000314751, -0.00616728, 1
0.0685039, 0.23947, 0.581244, -0.00290564, -0.00634227, -0.00757791, 1
-0.0497225, 0.499001, 0.549393, -0.0159043, 9.07776e-05, -0.00120505, 1
0.32568, 0.0378525, 0.335476, -0.00191477, -0.00292628, 0.007368, 1
0.232217, -0.310011, 0.536704, -0.0144929, -0.0401075, 0.00405522, 1
0.513735, 0.172558, 0.332894, 0.00463706, 0.00989482, -0.00379153, 1
-0.536092, -0.558827, 0.589599, -0.0553887, -0.0069627, -0.0460244, 1
-0.0130328, -0.593861, 0.425135, -0.00291303, -0.00615009, 0.00127914, 1
0.0150294, -0.500848, 0.568388, 0.101413, -0.0579303, -0.00955746, 1
-0.076638, 0.571607, 0.342972, -0.000592437, 0.00472969, 0.00101121, 1
0.308345, 0.0481351, 0.549064, -0.0118611, -0.00734189, 0.0591408, 1
0.172336, -0.513324, 0.451441, -0.00151637, 0.00879856, -0.00736171, 1
-0.0225433, 0.0669165, 0.418701, -0.0061489, 0.000511855, 0.00163295, 1
-0.344824, -0.237367, 0.585655, 0.00732723, -0.0140944, 0.0128082, 1
-0.262849, 0.624813, 0.350661, 0.00015004, -0.00976279, 5.12152e-05, 1
0.62404, 0.508584, 0.551291, 0.0109895, 0.00613608, -0.0185154, 1
-0.564236, 0.602456, 0.569075, 0.0392303, 0.0180805, 0.148694, 1
0.534232, -0.0405404, 0.578101, 0.000385581, 0.00383093, 0.00442723, 1
-0.285082, 0.604452, 0.61038, 0.00381161, -0.000761183, 0.00133723, 1
-0.531386, -0.102149, 0.595791, -0.00441002, 0.00547793, 0.00678333, 1
-0.419424, -0.423768, 0.450334, -0.010312, -0.00532632, 0.0178427, 1
0.516907, 0.378532, 0.479493, -0.0192983, 7.00353e-05, 0.000910197, 1
-0.197182, -0.273975, 0.338732, -0.0314576, -0.0488861, -0.0123576, 1
0.217693, 0.0111645, 0.436881, 0.0147242, -0.00120302, -0.0374935, 1
0.0404573, 0.378279, 0.435593, 0.0032764, 0.00997779, -0.00283571, 1
0.183174, 0.372355, 0.405248, 0.0281866, 0.00665109, -0.020029, 1
-0.131515, 0.438083, 0.398371, 0.00798322, 0.0232558, -0.0233784, 1
-0.375068, 0.342351, 0.545727, 0.0714929, -0.00692159, -0.138093, 1
-0.582517, -0.572695, 0.539349, 0.00143391, -0.00695183, 0.000565743, 1
0.599075, -0.474117, 0.356321, -0.000242679, -0.0555687, -0.0300411, 1
0.462384, -0.263577, 0.40787, 0.0727394, -0.0308055, -0.051063, 1
-0.256135, -0.376634, 0.345012, 0.00181524, 0.000494136, -0.00031624, 1
0.401912, 0.0561472, 0.434009, 0.00780546, -0.00686147, -0.0091493, 1
0.496912, -0.356123, 0.594291, -0.0011813, -0.000598878, 0.0021218, 1
-0.275419, 0.314298, 0.53137, 0.0145584, -0.0182979, 0.0149724, 1
0.207026, -0.132492, 0.466968, 0.0042099, 0.00569542, -0.0690647, 1
0.568093, 0.365956, 0.418998, 0.00480129, -0.00134403, -0.00543199, 1
-0.358275, 0.620852, 0.347095, 0.00196946, -0.00695984, -0.000589818, 1
0.564707, -0.591629, 0.361412, 0.000101882, -0.000418836, -0.000142512, 1
0.202251, -0.622517, 0.400374, -0.000437984, 0.0078543, -0.000242309, 1
0.367609, 0.469831, 0.49197, 0.000862917, -0.00245664, -0.003208, 1
-0.520764, -0.416267, 0.555303, 0.00778757, -0.00861079, 0.0255744, 1
-0.400641, 0.615608, 0.411849, 0.0156499, 0.0216932, 0.000484155, 1
0.0754697, 0.482557, 0.480309, 0.00494678, 0.0137836, 0.00031444, 1
-0.0672181, -0.422825, 0.401392, 0.0168531, -0.00851978, 0.00926389, 1
-0.46159, 0.414164, 0.52576, 0.00980275, -0.0351269, 0.0323623, 1
0.146356, 0.352294, 0.459758, -0.0389313, 0.0291406, 0.0077456, 1
0.562422, 0.623982, 0.457481, -2.00437e-05, -0.00911674, -0.000355042, 1
-0.569051, 0.558725, 0.467064, -0.0794568, -0.0972669, -0.120683, 1
-0.383329, 0.131013, 0.468926, -0.226153, -0.278916, -0.128832, 1
-0.0417598, -0.131342, 0.428893, 0.187748, -0.0931231, -0.109676, 1
-0.593732, -0.0221421, 0.482317, -0.00405117, -0.0154569, 0.0219854, 1
0.367553, 0.20718, 0.478728, -0.0103569, 0.000472022, -0.00326233, 1
-0.504906, -0.347314, 0.441877, 0.0406822, 0.0273243, -0.0739721, 1
0.156402, 0.215432, 0.493661, -0.104908, 0.00094914, 0.096027, 1
0.502045, 0.383805, 0.439711, 0.0126311, 0.0240254, -0.0167079, 1
0.0852319, -0.0998023, 0.370294, -0.00779009, 0.0184202, -0.0143593, 1
-0.595588, -0.167343, 0.368799, 0.00688869, 0.0262954, -0.0366447, 1
-0.0255921, -0.106431, 0.350989, 0.0390117, -0.00366835, 0.0100437, 1
0.582738, 0.140204, 0.541233, 0.0576845, -0.00991082, 0.0204365, 1
-0.0614114, -0.531519, 0.350907, -0.0040379, -0.0165347, -0.00517845, 1
0.394233, -0.495288, 0.502862, -0.000138135, 0.00667416, 0.00429963, 1
-0.196353, 0.502228, 0.397166, 0.0543417, -0.0730997, 0.0048005, 1
0.458633, 0.627286, 0.467829, -0.0153575, 0.0113479, -0.0102412, 1
-0.293714, 0.153724, 0.364196, 0.0485643, -0.0830805, -0.0596832, 1
0.421004, 0.0258056, 0.617638, 0.00841012, -0.000938129, 0.0089566, 1
-0.340005, -0.518926, 0.435196, 0.0144421, -0.0237936, 0.00774795, 1
-0.118756, -0.48455, 0.550851, -0.00782791, 0.0200993, -0.0324103, 1
0.0965117, 0.119821, 0.366753, -0.0351501, -0.0670236, 0.00287408, 1
0.240541, 0.0725959, 0.559295, -0.0110511, -0.0203963, 0.0695872, 1
-0.11438, -0.618779, 0.583906, -0.0012775, -0.00843782, 0.0177102, 1
0.0293201, 0.405418, 0.617574, 0.0846023, 0.0212865, 0.0699164, 1
-0.479085, -0.420898, 0.585641, 0.0101998, 0.00888765, -0.0059506, 1
-0.150347, -0.592228, 0.584971, -0.0167905, 0.00332944, 0.00144817, 1
0.461041, -0.255979, 0.465911, 0.0187928, -0.00912516, 0.0568418, 1
-0.60203, -0.464939, 0.629854, -0.00316413, 0.00325718, 0.00855173, 1
0.608594, -0.17498, 0.342631, 0.0210259, 0.00899534, -0.0150954, 1
-0.170475, 0.336227, 0.378985, 0.000212842, -0.0146192, -0.0169166, 1
-0.486923, -0.197225, 0.566431, 0.0125332, 0.226717, -0.0824127, 1
-0.279839, -0.586647, 0.427089, 0.00738768, -0.021427, 0.0142266, 1
-0.562515, -0.0710635, 0.429885, 0.000971738, -0.0128065, 0.00298735, 1
0.51318, 0.58822, 0.373749, -0.00605373, 0.0189388, -0.00200855, 1
0.463624, -0.520829, 0.426015, -0.00457023, 0.000117656, -0.000942064, 1
0.286334, -0.0412122, 0.435449, -0.0210224, 0.00253885, 0.020569, 1
0.106365, -0.210135, 0.528945, -0.0586115, -0.000812508, 0.0467474, 1
-0.549843, -0.182202, 0.570201, -0.0564807, 0.0788306, -0.00913512, 1
-0.550282, -0.203571, 0.368965, 0.00742393, 0.00149812, -0.0293352, 1
-0.439683, 0.255917, 0.610513, 0.00146755, -0.0083465, 0.00938612, 1
-0.183671, 0.398957, 0.403716, -0.0535921, 0.00357223, -0.0756303, 1
-0.437802, -0.510846, 0.414545, 0.0432595, 0.0369999, -0.0372565, 1
0.0106265, -0.443397, 0.55427, -0.115423, 0.0585681, -0.0161029, 1
0.47024, -0.56018, 0.543834, 0.00657329, 0.00198268, 0.00917405, 1
-0.55462, 0.533407, 0.571118, 0.152756, 0.0532596, -0.0362508, 1
-0.110488, 0.189778, 0.403324, 0.0703807, -0.0530329, -0.119594, 1
0.37138, -0.333821, 0.508281, 0.048786, -0.097791, 0.0123572, 1
-0.0326954, -0.253701, 0.620221, -0.145229, 0.127309, 0.18493, 1
-0.271746, -0.174019, 0.411837, -0.003677, 0.00500172, -0.00151724, 1
-0.0558135, 0.0162609, 0.318326, 0.00599344, 9.51634e-05, 0.00277665, 1
-0.133617, 0.462553, 0.575556, 0.0471302, 0.0981093, 0.0691383, 1
0.221318, -0.605213, 0.605336, 0.00102142, 0.000551086, 0.00675867, 1
0.61957, 0.0353771, 0.336995, -0.00605545, 0.00373554, -4.29467e-06, 1
0.316795, -0.124347, 0.354441, -0.0143103, 0.0699363, 0.11067, 1
-0.0277236, -0.0490034, 0.330302, 0.00923414, 0.00224473, -0.0223439, 1
-0.263107, 0.470472, 0.535237, -0.049684, 0.0868423, 0.0252581, 1
0.0902605, 0.211889, 0.609273, -0.00498957, -0.000154715, 0.00221776, 1
-0.39647, -0.45077, 0.388357, 0.000590892, -0.0405775, -0.0174211, 1
-0.435439, -0.0925529, 0.502343, -0.00885341, -0.00392882, 0.00114265, 1
-0.0480159, 0.481597, 0.348917, 0.16272, -0.0234324, -0.176631, 1
-0.0346391, -0.281984, 0.622046, -0.101256, -0.141528, 0.135124, 1
-0.252269, 0.569298, 0.628234, -0.000286436, 0.00163728, 0.000564117, 1
-0.35078, 0.558904, 0.479587, -0.00112202, 0.00469594, -0.00397028, 1
-0.262726, 0.245736, 0.605992, 0.00263598, -0.00153967, 0.0167806, 1
-0.104888, -0.411951, 0.43625, 0.0322304, -0.00751528, 0.0222832, 1
-0.0436069, -0.045095, 0.396377, 0.133197, 0.0712197, -0.0741545, 1
-0.422511, -0.584798, 0.60684, -0.0487744, -0.0346018, 0.00867278, 1
-0.505273, -0.351305, 0.336657, -0.0273949, -0.0381355, -0.00961332, 1
-0.211772, -0.15678, 0.471009, 0.00483537, -0.0119626, 0.00397929, 1
0.537673, 0.425167, 0.433918, 0.00192326, 0.00748276, -0.00522724, 1
-0.586512, -0.239435, 0.520913, -0.03545, 0.00553994, -0.00854505, 1
-0.61818, 0.138259, 0.505746, -5.49343e-05, 0.0157213, -0.00694137, 1
-0.625098, 0.417443, 0.487982, 0.00938434, 0.000190198, -0.000167412, 1
0.0333254, -0.475247, 0.391925, 0.0164614, 0.0272561, 0.00882879, 1
-0.0625618, 0.0498283, 0.446428, 0.00414005, 0.0160234, -0.0013635, 1
0.422511, -0.623742, 0.592645, -1.28585e-06, 0.00927208, -0.000195006, 1
-0.511834, -0.41629, 0.603936, -0.00895229, 0.0184099, 0.00888478, 1
-0.604327, -0.291599, 0.358619, -0.00463782, 0.010271, -0.00806966, 1
-0.517627, 0.126592, 0.476915, -0.0686827, -0.155102, -0.0671676, 1
0.106483, 0.0343009, 0.425716, 0.195072, -0.219352, 0.342807, 1
0.582228, 0.0777524, 0.523348, -0.140864, -0.00142217, -0.0285175, 1
0.146025, 0.0895358, 0.400422, 0.0611624, 0.0909669, -0.03935, 1
-0.350844, 0.0944016, 0.347292, -0.00313304, -0.00132593, -0.00390203, 1
0.341155, -0.502236, 0.385971, -0.00244977, -0.000279945, -0.0012052, 1
-0.611, 0.0651652, 0.555919, -0.00430348, -0.0243516, 0.0111201, 1
-0.0852167, -0.142287, 0.557474, -0.0504013, 0.0238206, 0.039387, 1
-0.234492, -0.0241577, 0.610893, 0.0136717, -0.0148831, 0.0245013, 1
-0.338601, 0.00147853, 0.380502, 0.0246235, -0.0219069, 0.0525624, 1
-0.164052, 0.113815, 0.569641, 0.00277425, 0.0213414, 0.0221921, 1
0.483681, -0.409665, 0.420725, 0.020551, 0.00231929, -0.00452565, 1
-0.33331, -0.457401, 0.597654, 0.00659463, 0.0108264, 0.0347735, 1
0.500155, 0.318587, 0.462547, 0.0317799, -0.0226101, 0.0232915, 1
-0.418012, 0.597706, 0.328657, 0.0313511, 0.0219, -0.0282356, 1
-0.288772, 0.308898, 0.360588, -0.0003578, -0.00130281, 0.00442726, 1
-0.00481566, 0.327861, 0.53437, -0.0842783, -0.0259247, 0.0535778, 1
-0.300994, -0.387319, 0.341308, 0.00864545, 0.000219558, 0.00590871, 1
-0.590952, 0.00815309, 0.492759, -0.00320768, 0.0386761, 0.0270566, 1
0.592691, 0.299516, 0.335638, -0.000368324, 5.82671e-08, -0.000244867, 1
-0.405155, -0.4945, 0.521583, -0.0334586, 0.01856, -0.0174848, 1
0.613481, 0.619145, 0.576657, -0.00506485, -0.00688568, -0.00042269, 1
-0.223473, -0.344128, 0.619798, 4.78361e-06, -2.77813e-05, -0.000238074, 1
-0.352712, -0.473937, 0.541954, -0.0453853, -0.000904538, 0.00949754, 1
0.23755, -0.261985, 0.533889, -0.18775, -0.314378, 0.12105, 1
0.292249, 0.0792061, 0.453623, 0.0134816, 0.0266392, -0.102131, 1
0.474675, -0.555573, 0.378097, -0.00149084, -0.000689348, -0.0021141, 1
0.092303, -0.226604, 0.438759, -0.121841, 0.00056406, -0.047599, 1
0.197607, -0.187592, 0.598288, -0.00785768, -0.0118555, 0.0295567, 1
-0.35121, -0.224864, 0.515676, 0.0424797, 0.00445824, -0.0274078, 1
-0.268584, -5.58024e-05, 0.549542, -0.00213744, -0.000310535, -0.0424248, 1
0.557819, -0.0165387, 0.546837, 0.0016799, -0.0248394, 0.0184141, 1
0.344594, 0.389951, 0.618296, 0.0326409, -0.0151879, 0.051299, 1
0.303931, -0.592724, 0.342321, 0.011688, -0.0113955, -0.00879489, 1
-0.0481088, 0.274789, 0.434315, 0.0542589, -0.0361579, 0.0184428, 1
-0.432405, -0.0629254, 0.611608, -0.0272525, -0.0515007, 0.0940419, 1
0.12216, -0.218214, 0.315224, 0.0372062, 0.0262686, -0.096939, 1
0.374623, 0.504053, 0.416063, 0.000468632, 0.0186576, 0.0735438, 1
-0.390196, 0.0716966, 0.526656, -0.0146076, -0.00763908, 0.0382965, 1
-0.516899, 0.350451, 0.627931, 0.00227905, 0.000205467, 0.0034561, 1
0.285878, -0.548097, 0.470426, 0.0115096, -0.013906, -0.0179993, 1
-0.0358089, -0.620242, 0.623782, 0.00399228, 0.00580164, 0.000381659, 1
-0.368314, 0.354315, 0.563779, 0.126151, 0.0642725, -0.0436831, 1
-0.414985, 0.0282826, 0.573089, 0.555645, 0.758148, 0.115289, 1
-0.305629, 0.610137, 0.484296, 0.00576505, -0.00303808, -0.00396531, 1
0.171705, -0.452231, 0.626055, -0.00545217, -0.0100677, 0.0135538, 1
0.0982822, 0.299892, 0.414011, 0.109848, 0.0549151, 0.125595, 1
0.0992494, 0.0445515, 0.382533, -0.0361724, 0.245035, -0.527525, 1
0.503576, 0.284319, 0.557948, -0.00501456, -0.00113157, -0.0205925, 1
0.0903471, 0.397384, 0.48807, -0.0219114, -0.0253093, -0.0117913, 1
0.0822173, 0.0532981, 0.508537, -0.0417973, -0.000195087, 0.0574958, 1
-0.555932, -0.612474, 0.510967, -0.00130166, 0.000900849, 0.00407831, 1
-0.580656, -0.350825, 0.442055, 0.111598, -0.0504908, 0.0729054, 1
0.414534, -0.135846, 0.606616, -0.0180365, -0.00666123, 0.0197686, 1
0.187037, 0.188488, 0.60166, 0.00567039, 0.0214242, -0.00753878, 1
-0.395634, -0.26977, 0.331111, -0.000420325, 0.0173723, -0.00948628, 1
-0.411266, 0.458476, 0.563575, 0.0430083, -0.02622, -0.00290982, 1
-0.0151497, -0.0722381, 0.417222, 0.0909756, -0.0198824, -0.0140263, 1
0.255056, -0.198625, 0.330811, -0.0148351, -0.00624961, -0.0283479, 1
-0.0330044, 0.521685, 0.587648, -0.00252592, 0.00207395, 0.01236, 1
-0.600578, -0.0260611, 0.443481, -0.0113536, -0.0145072, -0.0279493, 1
0.173641, 0.0479706, 0.447854, 0.061201, 0.0504053, -0.0185696, 1
-0.302344, 0.0972779, 0.517638, -0.0151148, -0.0227429, -0.0051547, 1
0.205949, -0.118151, 0.326186, -0.00370164, 0.00727097, -0.0312402, 1
0.112561, -0.561077, 0.530799, 0.00401537, -0.0163039, 0.0279329, 1
-0.00065334, -0.326747, 0.620847, 0.019571, -0.0235699, 0.0666901, 1
0.0638646, -0.10805, 0.577975, 0.012759, -0.0398878, 0.027872, 1
-0.201689, 0.506763, 0.402425, 0.0397708, -0.054795, 0.0408553, 1
0.207272, 0.131856, 0.510259, -0.0584208, -0.0125179, -0.0304189, 1
0.270589, -0.531111, 0.48319, 0.0146234, -0.00681101, -0.0532698, 1
0.101326, -0.501726, 0.319184, -0.00329991, -0.00449924, -0.00700974, 1
0.615325, 0.301879, 0.488667, -0.0031347, -0.00531169, -0.0175009, 1
-0.113114, 0.629498, 0.355496, 0.000213258, -0.0118867, 0.000291678, 1
-0.562415, 0.205483, 0.483449, -0.0117524, 0.0128289, 0.000983971, 1
-0.517598, -0.31192, 0.50067, -0.00294439, -0.0322108, -0.0448407, 1
0.34567, 0.31739, 0.576474, -0.00259197, 0.0090058, 0.000185236, 1
0.309205, -0.248708, 0.391971, 0.0202722, -0.0058184, 0.0105281, 1
0.101253, 0.179566, 0.361171, -0.0253294, 0.016976, 0.0461183, 1
0.451026, -0.243125, 0.551626, 0.00100392, 0.00291108, 0.00888309, 1
-0.0277902, -0.602499, 0.576339, 0.000635346, -0.00016426, -0.00165034, 1
-0.614884, 0.128791, 0.608398, 0.00457858, -0.00023561, 0.0015258, 1
-0.598076, 0.114152, 0.526377, 0.0127468, 0.0302562, -0.00548125, 1
0.096666, -0.628925, 0.526261, 0.00149193, 0.00798419, 0.00771758, 1
0.258723, -0.561376, 0.420141, -0.00871237, -0.0112306, 0.0304583, 1
-0.327335, -0.449011, 0.499652, 0.0244356, -0.0280779, -0.0197184, 1
0.41542, 0.526622, 0.421508, 0.00418863, 0.0253994, 0.0292196, 1
0.201464, 0.205864, 0.516822, 0.0279172, -0.0260094, 0.0827618, 1
0.509421, -0.322847, 0.404223, 0.00647616, 0.012916, 0.0150222, 1
-0.565749, -0.501784, 0.500932, 0.00118799, -0.00778997, 0.0062386, 1
0.380828, 0.100389, 0.507798, 0.157896, 0.184038, -0.0786156, 1
0.16633, 0.115468, 0.382505, 0.0251808, 0.0230603, -0.01352, 1
0.080069, 0.147355, 0.568534, 0.00884841, 0.0106155, 0.0130113, 1
-0.334276, -0.385942, 0.568794, 0.00189931, 0.00895654, 0.00442769, 1
0.51084, 0.502744, 0.585941, -0.0228554, -0.015504, 0.0255565, 1
-0.328452, -0.454555, 0.316197, 0.00709752, 0.00154951, 0.00273046, 1
0.410228, 0.590828, 0.605343, -0.00883614, -0.0213608, 0.0574061, 1
-0.423593, 0.162328, 0.499319, -0.101539, 0.09268, -3.34519e-05, 1
0.383769, 0.0417858, 0.576098, 0.0599848, 0.0514148, 0.134021, 1
-0.519194, 0.106, 0.608143, 0.00901831, 0.00719888, 0.0114076, 1
0.224608, -0.143136, 0.475749, 0.0477044, -0.0249114, -0.041701, 1
-0.264052, -0.606769, 0.347125, 0.0221102, -0.0212233, -0.0180981, 1
0.00604245, 0.103263, 0.541455, -0.0429817, 0.00477687, 0.025348, 1
-0.239674, 0.39895, 0.60246, -0.0229167, -0.00972432, 0.0373013, 1
-0.484353, 0.279826, 0.570655, -0.0310576, 0.00119661, 0.0141821, 1
0.599483, 0.581338, 0.614507, -0.00196666, 0.00175683, 0.000434745, 1
0.604344, 0.361602, 0.604724, 0.0452536, 0.170188, 0.329972, 1
0.505864, 0.567973, 0.487815, 0.0271783, 0.0029798, 0.00707999, 1
-0.0167154, 0.321778, 0.34077, 0.239403, -0.0785504, -0.25417, 1
-0.232178, 0.432548, 0.524761, -0.25885, 0.119532, 0.0362378, 1
-0.319461, 0.0271926, 0.331487, -0.00837183, 0.0659233, 0.00822522, 1
0.323608, 0.393104, 0.337285, 0.00314114, -0.00794784, -0.00522438, 1
0.452181, -0.230817, 0.520592, 0.00121122, -0.00247524, 0.000184303, 1
0.0981462, 0.159472, 0.462838, -0.022036, -0.00735851, -0.00564966, 1
-0.0118674, 0.305083, 0.375304, 0.170754, -0.169081, 0.0780824, 1
-0.2491, 0.274602, 0.363148, -0.000238407, -0.00224128, 0.00308919, 1
-0.310925, 0.248982, 0.611039, -0.00276675, 0.000821173, 0.00885535, 1
-0.411885, 0.124883, 0.595542, -0.01834, 0.00280195, 0.0209501, 1
0.279448, -0.521796, 0.518495, 0.0100916, -0.029243, 0.00438708, 1
0.382602, -0.12401, 0.469141, 0.0101203, 0.0201414, -0.00550317, 1
-0.0382063, 0.186492, 0.318449, -0.00969003, 0.00422857, 0.00664925, 1
0.0278129, -0.119864, 0.574216, 0.00686991, -0.0101744, 0.0408721, 1
0.117026, -0.297647, 0.359021, 0.0871954, -0.0466229, 0.0268479, 1
-0.320461, 0.430463, 0.55638, -0.0206958, 0.0243152, 0.0372875, 1
0.270966, -0.211368, 0.475159, 0.0209643, 0.00452725, -0.156619, 1
0.512255, 0.169495, 0.386319, 0.00255309, 0.00431307, 0.00467348, 1
-0.555007, 0.488534, 0.606055, 0.0419071, -0.0811667, 0.0636253, 1
0.629223, -0.553314, 0.479785, 0.00935566, 0.0175097, 0.0120531, 1
0.491535, 0.356097, 0.506827, 0.00227083, -0.0107363, 0.00881105, 1
0.0456631, 0.108736, 0.318334, 0.0513825, -0.0198671, 0.0942617, 1
-0.597625, -0.559434, 0.522447, -0.00149927, -0.00460249, -0.00157364, 1
-0.583757, 0.0983424, 0.334991, -0.00126077, -0.014787, 0.0148205, 1
0.453178, -0.414595, 0.41807, -0.00288996, -0.00620712, -0.0145202, 1
0.629334, -0.105092, 0.368195, -0.0110362, -0.00264602, -0.00236128, 1
0.334998, -0.46409, 0.472844, 0.00260794, 0.0076802, -0.00665208, 1
-0.284218, -0.581798, 0.357726, -0.00570683, -0.000662501, -0.0267567, 1
0.00113111, -0.506842, 0.322369, 0.00810219, -0.00927516, -0.00568336, 1
-0.094501, -0.507583, 0.341531, -0.011101, -0.00745087, -0.00353729, 1
0.564713, 0.613916, 0.588046, -5.77657e-05, -0.00512207, -0.000264345, 1
0.0721678, 0.0296157, 0.45774, -0.169008, -0.104328, 0.158028, 1
0.0855754, 0.061954, 0.475372, -0.0354312, 0.0832812, 0.0894827, 1
-0.344489, 0.10816, 0.342467, -0.00677407, -0.00424464, -0.0113078, 1
-0.264454, -0.0686247, 0.396309, -0.030371, 0.0112499, -0.0089514, 1
0.147898, -0.0692541, 0.527527, 0.0333567, -0.0633962, -0.0126227, 1
0.36075, -0.364219, 0.568995, 0.00113681, -0.0058126, 0.00607776, 1
-0.26773, -0.0184737, 0.581036, -0.00608302, -0.0414532, -0.00943076, 1
-0.0967506, 0.612621, 0.611817, -3.93045e-06, -0.00471752, -0.000237306, 1
-0.0672014, -0.111844, 0.32743, -0.0189745, -0.00671272, -0.0300065, 1
0.038997, -0.177094, 0.323418, 0.030973, 0.0263391, -0.00424729, 1
-0.128671, 0.525037, 0.488313, -0.011973, -0.00203362, 0.000904015, 1
0.44236, -0.0193508, 0.346311, -0.00956969, -0.00484059, -0.0011059, 1
-0.176006, 0.266124, 0.530842, -0.18093, -0.133666, 0.0596505, 1
-0.0660661, -0.628293, 0.356195, -3.40839e-06, 0.0115155, -0.000152417, 1
0.259242, 0.149569, 0.496372, 0.0295659, 0.0345208, -0.0579911, 1
-0.150505, -0.119645, 0.562808, -0.000160462, -0.0117043, -0.0176847, 1
-0.394379, 0.242589, 0.400699, -0.0121377, 0.00411611, -0.00589954, 1
-0.590087, -0.484125, 0.396363, 0.101606, 0.205333, -0.273873, 1
0.597252, 0.0786371, 0.525893, 0.0249021, -0.00631976, 0.0279501, 1
-0.612881, -0.512329, 0.324129, 0.000688463, -0.00434111, -0.0157441, 1
-0.579135, -0.0110369, 0.612879, 0.0136071, -0.0207659, 0.0329449, 1
0.114191, -0.19864, 0.45055, -0.15473, 0.223841, -0.118449, 1
0.239507, 0.255318, 0.35959, 0.0150706, -0.037975, 0.0174917, 1
-0.156981, -0.440712, 0.360008, -0.00265862, -0.0230474, -0.0423212, 1
0.00787088, 0.448494, 0.554891, 0.0724503, 0.130957, -0.0236799, 1
-0.526495, -0.331975, 0.367489, -0.0111549, 0.00471363, 0.0126747, 1
0.46481, -0.0963907, 0.585627, -0.0373624, 0.0868703, 0.0587812, 1
-0.452249, -0.0565146, 0.622087, -0.0689778, -0.0285721, 0.1024, 1
-0.126724, -0.0892256, 0.484255, -0.105441, -0.00491281, 0.0997708, 1
-0.543006, -0.072143, 0.513664, 0.00636821, -0.0063949, -0.019216, 1
-0.506418, -0.0213141, 0.353414, -0.0705006, -0.0610546, -0.112791, 1
-0.574757, -0.537087, 0.461245, -0.0537599, -0.0160395, 0.0765168, 1
-0.0324825, 0.332383, 0.367583, 0.0896412, 0.0166172, 0.0533145, 1
0.145952, -0.454561, 0.414896, -0.00334681, 0.00016441, 0.0199975, 1
0.326057, 0.183273, 0.369528, 0.254703, 0.00324076, 0.00201412, 1
0.0257674, 0.286742, 0.444026, -0.0511023, -0.0327433, 0.0829613, 1
0.235796, 0.121588, 0.577419, -0.0163135, 0.0137046, 0.0542996, 1
0.0584512, 0.299302, 0.405799, 0.0296564, 0.15406, 0.306857, 1
0.0269446, -0.457385, 0.540984, -0.0373244, -0.0531259, -0.0880791, 1
-0.555888, -0.370428, 0.365457, 0.00603032, 0.000848505, -0.0218071, 1
0.23884, -0.246882, 0.517619, -0.212718, -0.294343, -0.150139, 1
0.392567, -0.191676, 0.540839, 0.0555079, -0.0237264, 0.00521351, 1
-0.282308, 0.405805, 0.466443, 0.032664, 0.0602049, 0.248902, 1
-0.0719031, -0.0782061, 0.510294, 0.00615247, 0.0441947, 0.0818386, 1
0.327754, -0.382112, 0.398622, 0.0974622, 0.0367757, 0.0445553, 1
0.54594, 0.273618, 0.627798, -0.0146693, -0.0127216, 0.0244673, 1
-0.197811, -0.120549, 0.500704, -0.00114727, -0.0279786, 0.0212404, 1
-0.40799, 0.567866, 0.418039, 0.00758002, -0.0256952, 0.0102259, 1
-0.0447205, -0.0351528, 0.461183, 0.0977608, 0.0950993, 0.0810476, 1
-0.40064, 0.0389222, 0.526067, 0.0983532, 0.12567, -0.141384, 1
-0.198738, -0.352202, 0.621838, -2.64508e-05, -2.79107e-05, -0.000238498, 1
0.611812, -0.589598, 0.416428, 0.00130015, -0.00702581, -0.0155676, 1
0.255313, -0.241943, 0.360388, 0.0126738, -0.0268603, -0.093783, 1
-0.398767, 0.316118, 0.498328, 0.0193111, -0.00314399, -0.0483575, 1
0.382482, 0.0139077, 0.56029, 0.0651441, -0.0850861, 0.0138847, 1
-0.542885, -0.0701154, 0.471204, 0.0051856, -0.00331188, -0.0148046, 1
-0.551547, 0.362037, 0.598558, -0.000104556, 0.00186943, 0.00810646, 1
0.191342, 0.58401, 0.583033, 0.00655356, 0.0138967, 0.00533325, 1
0.60357, -0.0906743, 0.416754, 0.00200049, -0.0113142, 0.00239236, 1
-0.0715502, 0.138649, 0.583976, -0.000379427, -0.00494708, 0.0015575, 1
-0.487135, 0.569874, 0.338435, 0.00320753, 0.034475, 0.0360517, 1
-0.519638, 0.551723, 0.348526, -0.104309, -0.0132552, 0.0311336, 1
-0.113854, 0.177072, 0.445531, 0.0166776, -0.0274433, -0.0972313, 1
0.0677723, 0.408268, 0.36707, -0.0115038, -0.0215269, 0.0905655, 1
-0.458771, 0.160787, 0.528038, -0.00194036, 0.033255, 0.0845251, 1
0.522464, 0.247865, 0.353018, -9.66598e-07, -4.55833e-06, -0.00019705, 1
-0.112574, 0.326282, 0.601018, 0.0239268, 0.0979932, 0.0571827, 1
-0.238196, -0.11234, 0.589529, 0.0401143, 0.00803288, -0.0233803, 1
-0.425916, -0.138733, 0.40937, 0.0220502, -0.0912068, 0.0571647, 1
-0.0188252, 0.41968, 0.601523, -0.110941, 0.0773425, 0.123661, 1
-0.202776, 0.562509, 0.586501, -2.98906e-05, 0.00190159, -0.00155152, 1
-0.108964, -0.587093, 0.566941, 0.00914089, 0.0291576, -0.0124672, 1
0.0252131, -0.0709833, 0.453718, -0.0399739, 0.0141117, -0.0545836, 1
0.547411, 0.626752, 0.398294, -0.000231632, -0.00992516, -3.3467e-05, 1
-0.504164, -0.461982, 0.595982, -0.000153746, 0.0149269, 0.00435175, 1
0.34806, -0.569482, 0.500457, -0.0330007, 0.00604195, 0.0203346, 1
0.500204, -0.0520922, 0.424537, -0.0209005, 0.00190335, 0.0179099, 1
0.384422, 0.339675, 0.553943, 0.00223311, 0.000156841, -0.00178217, 1
0.222686, 0.543722, 0.361769, -0.0187374, -0.0121135, 0.0159159, 1
0.600239, -0.105066, 0.62418, 0.00465784, 0.00675602, 0.00360382, 1
0.486478, 0.322122, 0.607316, -0.0041153, 0.00737047, 0.00829473, 1
0.312628, -0.416806, 0.618034, 0.0323335, 0.0412087, 0.0285355, 1
0.0605371, 0.238371, 0.442797, -0.00142338, -0.0236314, 0.0357262, 1
0.615482, 0.155818, 0.441994, 0.00148749, 0.0114555, -0.0198699, 1
-0.311194, 0.281618, 0.48399, 0.0105235, -0.0115903, -0.0305364, 1
-0.44712, -0.000285524, 0.49911, -0.0477338, 0.0255576, -0.170287, 1
0.294783, -0.130045, 0.328596, -0.0907506, 0.0308179, -0.0886419, 1
-0.526923, -0.375586, 0.571006, -0.00312843, 0.00424615, 0.0287439, 1
0.428921, 0.477063, 0.549445, 0.0180183, 0.00869817, -0.00447424, 1
0.616069, 0.447339, 0.365688, -0.0059255, -0.000100267, -0.000227153, 1
0.592934, 0.303853, 0.603709, -0.0462358, -0.161384, 0.185414, 1
0.502344, -0.0134831, 0.342017, 0.00343349, -0.019017, -0.0370283, 1
0.454624, -0.582909, 0.5591, 0.000682461, -0.00258902, 0.00655521, 1
-0.294042, -0.59739, 0.440564, 0.00113446, -0.016039, 0.00960999, 1
0.214008, -0.278621, 0.353478, -0.0057371, -0.0157487, -0.0396027, 1
-0.369888, -0.095778, 0.510897, -0.0011937, -0.0401837, 0.011631, 1
0.366625, -0.430959, 0.320895, -0.022171, -0.00114361, 0.0189235, 1
0.421082, -0.327919, 0.38449, -0.00607232, -0.00532627, -0.00664341, 1
0.185251, -0.528961, 0.346265, -0.0137413, -0.0155712, -0.0181647, 1
-0.136821, -0.542855, 0.61559, -0.0179929, -0.0266611, 0.02586, 1
0.0660036, -0.579884, 0.534062, -0.00505365, -0.0117574, 0.0226652, 1
-0.0390131, 0.552423, 0.373201, 0.0022504, 0.0664858, -0.00443284, 1
0.0691277, 0.377083, 0.384964, -0.00706594, 0.0159075, 0.0901814, 1
-0.214324, -0.546922, 0.393108, 0.0118576, -0.00695479, -0.0237373, 1
0.288006, 0.297049, 0.480943, 0.0317047, 0.0218825, -0.00471144, 1
0.44199, 0.557125, 0.614489, 0.010864, -0.010722, 0.0119019, 1
-0.0342746, 0.293787, 0.349259, 0.0460251, -0.242143, -0.107576, 1
-0.0106203, 0.0849053, 0.42477, -0.00971482, 0.0108915, 0.00875367, 1
0.267411, -0.359807, 0.450021, 0.00872265, -0.00180548, 0.0134501, 1
0.392543, 0.133335, 0.471798, 0.0458902, 0.0610921, -0.0329391, 1
0.335049, -0.430625, 0.484318, 0.0106772, 0.00216563, -0.0098799, 1
-0.0485547, 0.160325, 0.464932, 0.0919504, -0.00384884, -0.00370067, 1
0.184322, -0.400511, 0.401713, -0.0140795, -0.000381306, 0.00339401, 1
0.464252, 0.0151286, 0.422473, 0.00570426, -0.00810653, 0.0103159, 1
-0.483172, -0.326829, 0.339244, -0.0445592, 0.00151572, 0.0104534, 1
0.180673, -0.514803, 0.321035, -0.00601939, -0.00147887, -0.00902875, 1
0.118777, 0.0808861, 0.551972, 0.01158, 0.00627181, 0.00927841, 1
0.255886, -0.559698, 0.415708, -0.0146741, -0.00965802, 0.0233374, 1
-0.564887, 0.337677, 0.483247, -0.000327236, -4.45556e-05, 0.000358525, 1
-0.0247308, 0.100257, 0.35909, -0.00172241, 0.0022672, 0.00826028, 1
0.602534, -0.194658, 0.408924, 0.0139406, 0.0013874, 0.0179011, 1
0.0199511, 0.386751, 0.606496, 0.0685295, -0.0604423, 0.0597452, 1
0.619754, -0.0588907, 0.348878, 0.00403484, -0.0141447, -0.00297641, 1
-0.29325, -0.224602, 0.510151, -0.000708693, -0.0122587, -0.0018315, 1
0.136715, -0.0778109, 0.585934, 0.0140851, -0.0311961, 0.012319, 1
0.233766, -0.527101, 0.614725, -0.00269443, -0.0103784, 0.00444267, 1
0.257978, 0.22164, 0.477455, 0.0356895, -0.0256721, -0.0336159, 1
-0.0539861, -0.152437, 0.495022, 0.100165, -0.0662663, 0.00459434, 1
0.348918, -0.087361, 0.42195, 0.0042164, -0.0112748, -0.00607304, 1
-0.237948, 0.517872, 0.604505, 0.00347079, 0.0114998, 0.0129555, 1
-0.0615163, 0.490442, 0.39835, -0.0855288, 0.0738848, 0.287514, 1
0.314254, -0.11957, 0.337547, -0.0321612, 0.0745455, -0.0275512, 1
0.220386, -0.129779, 0.480315, 0.044694, -0.0101365, -0.0547724, 1
0.35597, 0.206934, 0.581655, -0.0831389, -0.0645256, -0.039374, 1
-0.12328, -0.286314, 0.404712, 0.00536222, 0.00605751, -0.00497075, 1
-0.299396, 0.577415, 0.430427, -0.00641797, 0.00782261, 0.00288236, 1
-0.360351, 0.20543, 0.328347, -0.00808314, 0.00885451, -0.0127854, 1
0.289544, -0.478519, 0.447728, 0.00178538, 0.00489754, -0.00650098, 1
-0.250223, 0.500363, 0.583379, -0.00208607, 0.00555265, 0.00530357, 1
0.177651, -0.367549, 0.555356, -0.00200506, 0.016579, -0.0069349, 1
0.0758179, 0.200898, 0.520476, -0.00285003, 0.00318983, 0.00131582, 1
0.409291, -0.114811, 0.333092, 0.0116211, 0.00959071, -0.00353796, 1
0.499552, -0.524389, 0.458138, -0.00379254, 0.0051457, -0.00631278, 1
-0.0990417, 0.461545, 0.352381, -0.168532, -0.0937615, -0.0272886, 1
-0.292274, -0.291698, 0.438293, -0.0163175, 0.0224324, -0.0256425, 1
0.0666462, 0.0388697, 0.425156, -0.447177, -0.0616414, 0.160165, 1
0.528429, 0.308482, 0.319023, 0.0150807, -0.00314533, 0.00531605, 1
0.581889, -0.0319375, 0.356884, -0.00234807, -0.0069949, -0.00977613, 1
-0.147053, 0.347803, 0.324484, -0.00307661, 0.00339563, -0.00769362, 1
-0.333391, -0.10451, 0.390088, 0.0532282, -0.0260146, -0.0208576, 1
0.628105, 0.601272, 0.597803, -0.0112767, -0.000455198, -0.000512626, 1
0.190154, 0.380599, 0.411609, 0.0483083, 0.0225104, 0.0021327, 1
0.262595, 0.250187, 0.438003, -0.00445812, 0.0100201, -0.0173315, 1
-0.424706, -0.478818, 0.395898, -0.024921, 0.0114157, -0.00120762, 1
-0.275109, -0.141128, 0.480464, 0.0244236, 0.00879914, -0.00894556, 1
0.218137, 0.555481, 0.332691, -0.0307296, -0.0131012, -0.0103596, 1
-0.601091, 0.453947, 0.567302, -0.0293084, -0.0175714, -0.00404452, 1
-0.584926, 0.405872, 0.401827, -0.00161341, 0.00344075, -0.0025386, 1
-0.417316, -0.371144, 0.331287, 0.0127643, -0.0182789, -0.00670237, 1
-0.379307, -0.0745716, 0.462651, 0.0256856, 0.00185826, -0.00556481, 1
-0.0788839, -0.0764298, 0.455478, 0.0502612, 0.138792, 0.261445, 1
-0.207526, -0.51624, 0.393137, 0.0184323, -0.0124155, -0.0291702, 1
0.178984, 0.376319, 0.613174, 0.00665604, -0.00566254, 0.0018595, 1
-0.588858, 0.581577, 0.335979, -0.00283481, 0.000528184, 0.00104722, 1
-0.265193, -0.323496, 0.458188, 0.0273043, -0.0300424, -0.0213076, 1
0.396738, 0.524605, 0.439567, 0.00271849, 0.0100475, 0.0201593, 1
0.467576, 0.553478, 0.395563, -0.0161781, 0.0470901, 0.0175331, 1
0.216932, 0.598516, 0.33954, -0.0156777, 0.0137885, 0.00174565, 1
0.564314, -0.448764, 0.404245, -0.0140682, 0.0125916, 0.0317917, 1
0.629535, -0.198107, 0.543093, -0.0108616, -0.000334325, -0.00276295, 1
-0.0397163, 0.352972, 0.366495, -0.118636, 0.2849, 0.0220321, 1
0.522267, -0.484517, 0.394926, -0.0372245, -0.00125653, 0.0214656, 1
-0.42504, 0.324431, 0.331515, -0.000910213, 0.000989639, 0.00362752, 1
-0.492197, 0.365536, 0.319418, -0.000593667, -0.000381412, 0.00650059, 1
-0.408208, -0.52962, 0.396035, -0.015847, -0.020696, 0.00987893, 1
0.164616, 0.497082, 0.369695, 0.00117704, 0.00450824, -0.00377004, 1
-0.596969, 0.334694, 0.350574, -0.0142732, 0.008591, -0.00933677, 1
-0.274644, -0.0783381, 0.342712, -0.0314977, 0.00408596, 0.0129454, 1
-0.17641, -0.143988, 0.388012, 0.00257312, -0.000338574, -0.00150843, 1
0.180643, -0.144416, 0.495976, -0.00777094, 0.0360922, -0.027558, 1
-0.166838, 0.445831, 0.426728, 0.0162585, 0.0961899, -0.0808336, 1
0.0392137, 0.338135, 0.46309, 0.0299632, 0.00631445, -0.0276171, 1
0.35899, 0.543058, 0.386707, 0.000905534, 0.0421387, 0.0105845, 1
0.425121, -0.579102, 0.3206, -0.000639078, 0.000379415, 0.00365775, 1
0.442866, -0.357347, 0.345685, -0.00357183, 0.000288247, -0.000666667, 1
-0.492848, 0.437232, 0.627447, -0.00104728, -0.000407364, 0.000566406, 1
-0.273993, 0.470226, 0.553629, -0.0320404, 0.0199598, 0.0307797, 1
-0.131625, -0.434382, 0.376554, 0.0295614, -0.0502704, -0.0526088, 1
-0.0207035, 0.0191713, 0.498048, 0.00118133, 0.00216037, 0.00266092, 1
0.271417, -0.430149, 0.619435, 0.00697465, 0.0629956, 0.0891143, 1
-0.264533, 0.032976, 0.573402, 0.00701009, 0.0233229, -0.0112536, 1
0.182453, -0.557774, 0.500444, -0.00354859, -0.0220801, -0.00832272, 1
-0.485042, 0.431179, 0.478718, -0.043647, -0.0479584, -0.0414437, 1
-0.198143, 0.226337, 0.491433, 0.00837452, -0.0649215, 0.0848169, 1
-0.175671, 0.0392398, 0.559588, -0.00683673, 0.00350954, -0.0154704, 1
-0.0528566, 0.176355, 0.511405, 0.0613853, -0.00908323, 0.0220157, 1
-0.062924, 0.532325, 0.47147, 0.0109324, -0.0228134, -0.0275886, 1
-0.368261, -0.229263, 0.520366, 0.0352794, 0.00768822, -0.0367147, 1
-0.121973, 0.379997, 0.367668, 0.0163689, 0.0138326, -0.0447812, 1
0.610291, 0.0214511, 0.417621, -0.00183401, 0.00783431, -0.00236613, 1
0.568176, 0.386882, 0.583356, -0.0296415, 0.171145, 0.0884589, 1
0.341928, -0.0606285, 0.601404, 0.0233499, -0.0256067, 0.0036255, 1
-0.176148, 0.0842932, 0.551708, -0.0357097, 0.0258495, 0.0266123, 1
0.478798, 0.516114, 0.450801, -0.00516456, -0.0106529, 0.00759504, 1
-0.075322, -0.28952, 0.618102, -0.0546067, -0.0267152, 0.0107689, 1
-0.356826, 0.287586, 0.5047, -0.0130378, -0.00408671, -0.0309916, 1
0.428866, -0.405301, 0.48029, -0.00177484, 0.00423675, 0.00727221, 1
-0.205106, -0.143599, 0.580465, 0.00373706, -0.00261684, -0.00612545, 1
0.61643, 0.364392, 0.517974, 0.0257681, 0.0449437, -0.103577, 1
-0.432753, 0.34472, 0.365846, -0.000178917, -0.000185387, -0.000131019, 1
-0.0221948, 0.282932, 0.620057, 0.0217827, 0.0682543, 0.0957785, 1
-0.208624, -0.0051036, 0.447409, 0.012854, -0.040371, -0.00123495, 1
-0.322863, 0.448712, 0.625973, -0.000714934, 0.00276567, 0.000379195, 1
0.62404, 0.297547, 0.597511, 0.15368, -0.193906, 0.135739, 1
-0.0926099, -0.407739, 0.36764, 0.00757788, -0.0166689, -0.0284968, 1
-0.140057, -0.134601, 0.597027, 0.016836, -0.00536994, 0.019138, 1
0.618815, -0.335698, 0.338211, -0.00626253, 0.000249184, -2.01226e-05, 1
0.0201223, 0.0891587, 0.459803, -0.00512137, 0.0037006, 0.00410824, 1
-0.17787, 0.0756249, 0.39341, 0.0553384, 0.0959778, -0.160957, 1
-0.625828, 0.272835, 0.322099, -0.0130804, 0.00329487, 0.0208747, 1
-0.422372, -0.379323, 0.550322, 0.0047297, -0.0190907, -0.00635813, 1
-0.461998, 0.0420166, 0.391556, 0.207942, 0.296232, 0.453964, 1
0.0677117, 0.349117, 0.346243, -0.019932, -0.0574338, -0.0309251, 1
0.051751, 0.343194, 0.57812, 0.0581753, 0.0186533, -0.00583628, 1
-0.078059, -0.37938, 0.318695, -0.0025169, -0.000963356, -0.0156162, 1
0.132574, 0.110527, 0.442535, 0.0236613, 0.0491444, 0.0436229, 1
0.000829802, 0.099379, 0.516102, -0.0368042, -0.0169528, -0.0345215, 1
0.0937481, -0.510462, 0.3809, 0.0101867, 0.0021726, 0.00239075, 1
-0.586896, -0.0583686, 0.557298, 0.0274783, 0.0210993, 0.0179903, 1
-0.273184, -0.0542336, 0.468015, -0.0311342, 0.0124918, 0.0197465, 1
-0.244716, 0.153358, 0.530676, -0.0108705, 0.0501698, 0.282125, 1
-0.56328, 0.321323, 0.383689, -0.0250742, 0.0343023, 0.010379, 1
-0.256984, -0.240928, 0.628459, -0.000617486, -0.00604396, 0.00475306, 1
-0.131939, 0.440786, 0.556766, 0.231071, 0.289809, 0.179378, 1
-0.339312, -0.267237, 0.619412, 0.000490111, -0.00048488, 0.000730169, 1
-0.32446, 0.495301, 0.489553, 6.85754e-05, 0.000545252, -0.00102385, 1
0.185755, -0.133833, 0.356907, -0.0185233, -0.0194511, 0.0155707, 1
-0.269692, 0.589879, 0.386782, -0.0060547, 0.0193005, -0.00450485, 1
-0.00601764, -0.62698, 0.529681, -9.24984e-05, 0.0107493, -0.000388269, 1
-0.296681, -0.270201, 0.358632, -0.00508116, -0.047017, 0.0109756, 1
0.315454, 0.115047, 0.554462, -0.0409999, 0.0311709, 0.0258966, 1
-0.081698, 0.18173, 0.477302, 0.200513, 0.0408751, 0.0160977, 1
0.193131, 0.55471, 0.574561, 0.0109014, -0.00826338, 0.000544467, 1
0.187112, -0.207193, 0.527266, -0.0394292, 0.0354931, 0.0416438, 1
-0.105676, 0.0834586, 0.617948, 5.89992e-05, 0.000143232, 0.000623211, 1
-0.14788, 0.388963, 0.584283, 0.0913701, -0.130714, 0.235937, 1
0.550406, -0.0552459, 0.393333, 0.0186703, -0.0301753, -0.00454739, 1
-0.541819, 0.305025, 0.383312, 0.0435913, -0.00331817, -0.0107174, 1
-0.254616, -0.330956, 0.384058, 0.00438455, -0.00387462, 1.97572e-05, 1
0.604182, 0.0023261, 0.473999, 0.00892593, -0.0272368, -0.033508, 1
-0.481144, -0.312184, 0.34527, -0.0405169, 0.0588598, 0.0319821, 1
0.476778, 0.236082, 0.548193, -0.000738525, -0.00606768, -0.0191137, 1
-0.133868, -0.200751, 0.52938, -0.00867225, 0.0123338, -0.0318739, 1
-0.355478, 0.616325, 0.32009, 0.000103184, -0.00527778, 0.00038738, 1
0.493661, -0.119314, 0.498446, 0.0429758, -0.0704081, -0.067752, 1
0.4456, 0.362769, 0.438196, 0.41076, 0.174933, -0.393495, 1
0.262877, 0.283212, 0.581875, 0.00971824, 0.00624856, 0.00905202, 1
0.576284, 0.371357, 0.50064, 0.0198977, 0.00386805, -0.0293457, 1
-0.410321, -0.513222, 0.575392, 0.00489618, 0.0291679, 0.0137738, 1
-0.134016, -0.539004, 0.418483, -2.60927e-05, -0.0034013, -0.00735019, 1
0.502053, -0.390184, 0.497928, -0.00288714, -0.000345777, 0.00257303, 1
0.623204, -0.54337, 0.399457, -0.00400284, -0.0019078, -0.00363069, 1
0.296122, -0.0472741, 0.50676, 0.000697943, 0.000926149, 0.0143078, 1
-0.106214, 0.227211, 0.503351, 0.00942484, -0.0550247, 0.118903, 1
-0.0857789, 0.0909091, 0.316031, -0.021253, -6.02709e-05, 0.0168183, 1
-0.611849, -0.0934541, 0.564214, -0.0339618, 0.000788497, 0.0547361, 1
-0.118993, -0.460541, 0.477527, -0.00717692, 0.00331234, -0.00240004, 1
-0.311347, -0.514221, 0.412875, 0.0144965, 0.0232642, -0.00857512, 1
0.431288, -0.294578, 0.44206, -0.0116783, -0.0322942, 0.0110269, 1
0.213004, 0.201369, 0.4648, 0.0560061, -0.0308002, -0.0940395, 1
0.627009, 0.0734586, 0.524745, 0.185362, -0.0361575, 0.0254477, 1
0.0988666, 0.0666992, 0.546393, 0.014779, 0.00755122, 0.0219032, 1
0.436769, -0.267142, 0.377084, -0.0158356, -0.0342949, -0.0566467, 1
-0.0560423, 0.256608, 0.591378, -0.0512516, -0.0683166, 0.12418, 1
-0.562493, -0.459135, 0.456614, 0.0773338, 0.0447892, 0.0538856, 1
-0.558295, -0.44102, 0.590741, -0.00575821, 0.0242592, 0.0122102, 1
0.438636, 0.0699498, 0.318115, -0.0726938, -0.100555, -0.0855877, 1
-0.171111, 0.388566, 0.347051, -0.00427512, 0.00501652, -0.0128512, 1
0.220462, 0.189891, 0.430897, -0.0148086, -0.00154163, -0.00630349, 1
-0.531151, -0.227069, 0.323749, 0.00219413, -0.00188886, -0.00752621, 1
0.0681223, -0.230024, 0.499604, -0.0321401, 0.000759409, 0.0366086, 1
-0.352752, 0.498806, 0.358788, 0.00344037, 0.00153919, -0.00667954, 1
0.572894, 0.305613, 0.449493, 0.000309078, -0.000788715, -0.000875062, 1
-0.438625, -0.380393, 0.356154, -0.00326802, -0.00468315, 0.00452495, 1
-0.592969, -0.312923, 0.398862, 0.0160425, 0.0880234, -0.082868, 1
-0.0264396, -0.241254, 0.446097, -0.0153559, -0.00350675, 0.0461359, 1
-0.183328, -0.432581, 0.621076, 0.00176417, 0.00300588, 0.00237619, 1
-0.170795, 0.0262714, 0.560726, 0.0107403, -0.00993895, -0.0242113, 1
-0.0425184, -0.38323, 0.450708, -0.00314802, -0.0552378, 0.0204563, 1
0.421143, -0.284418, 0.551432, -0.00684919, -0.000459664, -0.00204597, 1
0.45621, 0.413668, 0.336435, -0.00757627, 0.00396054, 0.00871004, 1
-0.0652275, -0.569048, 0.618628, 0.0081301, 0.000845814, 0.00931379, 1
0.109998, -0.626117, 0.53754, 0.000814812, 0.00876228, 0.00331116, 1
-0.611883, -0.434779, 0.599933, -0.000777265, 0.005203, 0.00150086, 1
-0.447192, -0.397784, 0.364211, -0.0175562, 0.00433132, -0.000358737, 1
-0.111673, 0.20574, 0.461388, 0.02225, -0.0205964, -0.0456803, 1
0.41279, -0.607552, 0.510734, -0.000243375, -0.0264645, 0.0269785, 1
0.377239, -0.148383, 0.359811, 0.0284246, -0.00471817, 0.0353122, 1
0.100291, 0.439062, 0.421494, -0.0386125, 0.0046038, 0.000585933, 1
-0.616729, 0.230242, 0.507881, 0.00612818, -0.000100349, -0.000416359, 1
0.329072, 0.0564881, 0.453807, -0.00406938, -0.0352318, -0.0462811, 1
0.414886, 0.621224, 0.469036, -0.00737398, -0.00699522, -0.00121808, 1
0.369543, 0.101258, 0.469997, 0.0206882, 0.0788236, -0.173676, 1
-0.000150417, 0.119339, 0.518793, -0.0430346, 0.0231519, -0.0173126, 1
-0.120274, 0.30211, 0.576838, 0.102405, 0.300802, 0.0124457, 1
0.0766432, -0.439526, 0.470782, 0.0200961, 0.00191918, -0.0303896, 1
-0.597657, 0.603227, 0.476385, -0.0951978, 0.0294838, -0.0701397, 1
0.185352, 0.350503, 0.59678, 0.000311809, -0.000571446, -0.000132481, 1
0.364669, -0.179169, 0.549055, -0.00588863, 0.0219928, 0.0390165, 1
-0.469208, -0.165935, 0.449125, -0.0189443, 0.117756, -0.0575852, 1
0.302388, -0.466827, 0.620738, 0.0192497, -0.0334205, 0.141227, 1
-0.402238, 0.578023, 0.618553, -0.00234619, 0.00169487, 0.000461843, 1
0.213978, 0.317603, 0.486376, 0.0448256, 0.0395496, 0.0368144, 1
-0.425887, -0.312511, 0.35872, 0.0238813, 0.0114877, 0.0540548, 1
0.38936, 0.197178, 0.591738, 0.0717656, -0.0684948, 0.0202359, 1
0.176859, -0.356142, 0.324366, 0.000945083, -0.000283024, 0.000108139, 1
-0.459865, -0.323835, 0.317682, -0.0055294, 0.0094452, -0.095407, 1
0.18575, 0.49148, 0.562799, -0.00314682, 0.0101921, 0.0140832, 1
0.0530176, 0.226185, 0.360516, -0.108139, -0.22066, 0.0581936, 1
-0.270616, 0.386941, 0.476523, 0.0869519, -0.194409, 0.103064, 1
0.265956, 0.059366, 0.517307, -0.0482165, -0.106885, 0.116918, 1
0.229052, 0.287091, 0.504322, -0.0352979, 0.0357741, 0.0725285, 1
0.183409, -0.128895, 0.426232, -0.00542997, -0.000490625, -0.0153489, 1
-0.390939, 0.0751818, 0.505595, -0.0173503, -0.0192807, -0.0310389, 1
-0.215985, -0.165422, 0.397398, 0.00254892, 0.0154572, 0.00538562, 1
-0.368885, -0.618526, 0.465854, -0.00018318, 0.00667119, 0.000674768, 1
-0.331348, -0.448428, 0.542386, 0.0262019, 0.0377508, 0.0127279, 1
-0.320546, 0.367285, 0.507765, -0.0601521, -0.0675823, -0.00968649, 1
-0.589205, -0.209661, 0.406821, 0.00827475, -0.0472863, 0.0160148, 1
-0.40707, 0.149687, 0.346065, 0.180518, 0.0917619, 0.0216505, 1
0.239094, -0.21432, 0.518397, -0.275834, 0.151955, -0.208438, 1
-0.211533, -0.615232, 0.432679, -5.69177e-05, 0.000234391, 0.00868971, 1
0.545827, 0.198141, 0.557946, -0.0408627, 0.0647709, 0.0120588, 1
-0.2691, 0.437165, 0.419251, 0.0972365, 0.251457, -0.0720657, 1
0.493352, -0.408783, 0.535386, 0.000906875, 0.00122485, -0.0021843, 1
-0.436908, -0.147705, 0.538246, 0.0577463, 0.0413858, 0.0237859, 1
0.16658, 0.150911, 0.58363, -0.00618807, -0.0117229, -0.0196641, 1
-0.18373, 0.460328, 0.51796, 0.108167, 0.421049, -0.15413, 1
0.587403, 0.501086, 0.623036, 0.00317085, 0.01964, 0.0529732, 1
-0.305169, -0.535947, 0.502967, -0.0222333, 0.0164458, 0.0369286, 1
-0.180836, 0.33311, 0.606877, -0.00218889, -0.00852171, 0.0134533, 1
-0.6271, -0.508386, 0.61056, 0.00407378, -0.00273581, 0.00262943, 1
-0.15631, -0.592523, 0.502605, -0.00481442, -0.00524474, 0.00102595, 1
-0.444378, -0.231659, 0.454405, -0.0216993, -0.048049, 0.0380291, 1
-0.0273003, -0.368271, 0.5097, -0.00849967, -0.00596791, -0.0110281, 1
-0.405608, -0.175216, 0.315283, -0.000890606, -0.003192, 0.00474729, 1
0.487448, 0.621328, 0.510502, 0.0072124, 0.00506929, 0.0209286, 1
0.302112, -0.192366, 0.468093, 0.0114018, -0.00596249, -0.0456795, 1
-0.145901, -0.234926, 0.435873, 0.0202747, 0.00518265, 0.00220091, 1
-0.173612, 0.0898685, 0.459377, 0.0213971, 0.0431476, 0.0457165, 1
0.578327, 0.538996, 0.385164, 0.0715144, 0.00554162, 0.0660141, 1
0.485983, 0.54186, 0.415558, -0.00675145, 0.0216223, 0.029706, 1
0.408371, -0.244414, 0.424918, -0.0881534, -0.00847234, 0.0237441, 1
-0.101064, -0.0588279, 0.524495, -0.00989905, 0.0166371, 0.010645, 1
0.456629, 0.543835, 0.589918, 0.0135069, -0.00655178, -0.00905367, 1
-0.0244235, -0.491736, 0.388623, -0.0362929, 0.0400709, -0.00252483, 1
-0.0232181, 0.625675, 0.386464, -0.00208779, -0.00745608, -0.0023361, 1
-0.501065, 0.297824, 0.495863, -0.0166989, -0.00796991, 0.00144365, 1
0.111378, -0.478041, 0.594623, 0.00855505, -0.00677264, 0.00371379, 1
0.594945, -0.0216898, 0.459599, -0.00544714, -0.0171616, -0.00473169, 1
-0.0873992, -0.0733258, 0.436857, -0.179478, 0.0624438, -0.153528, 1
0.19333, -0.217306, 0.414831, -0.00568291, 0.264904, -0.298831, 1
0.595636, -0.438899, 0.511219, 0.000245754, -0.00362619, 0.0011561, 1
-0.224544, 0.0899999, 0.339021, 0.00214556, 0.00394107, 0.0113455, 1
0.613507, -0.0833341, 0.317489, -0.00566743, -0.00923584, 0.0103348, 1
0.453324, 0.522206, 0.352045, -0.0430934, 0.0915803, -0.0226807, 1
-0.512039, -0.130976, 0.350973, -0.0205142, 0.00855367, -0.0104757, 1
-0.22611, -0.00207771, 0.58292, 0.0144916, -0.00343715, 0.00207763, 1
0.497416, -0.520663, 0.6209, 0.00113109, -0.00228909, 0.00155151, 1
0.356052, -0.555681, 0.457987, -0.0240218, 0.0142563, -0.0139301, 1
-0.325406, -0.0131168, 0.597147, -0.00887041, -0.00655992, 0.00995894, 1
0.162095, -0.44975, 0.385329, 0.0195684, 0.0118909, 0.0296258, 1
0.561492, -0.484078, 0.433095, 0.014278, -0.0210389, 0.0225625, 1
0.0865123, -0.0786588, 0.613086, 0.00326774, 0.000479994, 0.0293766, 1
0.182668, -0.0951152, 0.434762, -0.0121044, -0.0327774, -0.00763988, 1
0.192696, -0.271755, 0.407822, 0.0586572, -0.255864, -0.335029, 1
0.340951, -0.15383, 0.532569, -0.0303548, 0.0401338, 0.0174197, 1
0.484916, 0.250023, 0.374559, 0.000221964, 5.5263e-05, -0.00044975, 1
0.296742, 0.117475, 0.401884, 0.0224839, -0.0839178, 0.0395226, 1
0.26049, -0.156436, 0.420455, 0.00698038, 0.0691695, 0.00493832, 1
-0.427415, 0.148121, 0.574666, -0.00853649, 0.0078223, 0.029282, 1
-0.558682, -0.319748, 0.61972, -0.000226277, -0.000224664, 9.31748e-05, 1
-0.277292, -0.38822, 0.341209, 0.00791661, 3.24354e-05, 0.000990459, 1
0.195162, 0.328256, 0.479035, 0.0113386, 0.0413728, 0.02267, 1
0.127653, -0.119039, 0.612747, -0.00194344, -0.00205067, 0.00804357, 1
0.606772, -0.556307, 0.387318, 0.000638564, -0.00310501, -0.00472089, 1
-0.281792, 0.414607, 0.506351, -0.0936683, 0.0458134, 0.0255541, 1
0.588558, 0.26956, 0.411366, -0.0002781, 0.000601368, -2.25617e-05, 1
-0.43306, -0.0636611, 0.598226, -0.0453956, -0.102661, 0.0146129, 1
-0.0854501, -0.433134, 0.401626, 0.0207353, -0.0167134, 0.0118864, 1
0.336442, -0.230585, 0.596147, 0.00277976, 0.000121891, 0.0254171, 1
0.115254, -0.159304, 0.358719, 0.0092184, 0.00594445, -0.00207256, 1
0.0742787, 0.193367, 0.419155, 0.00433017, -0.00247105, 0.0297043, 1
0.179189, -0.241434, 0.343728, 0.0150044, 0.00162218, -0.0183403, 1
-0.424523, 0.516182, 0.471459, 0.00220802, 0.00273306, -0.00107848, 1
-0.493387, 0.492991, 0.489873, -0.0161863, 0.0282973, -0.013472, 1
-0.204042, -0.418765, 0.436034, -0.0538832, 0.0413333, 0.0791868, 1
0.561435, -0.46017, 0.345933, -0.02728, 0.00480685, -0.0568304, 1
-0.312954, -0.263266, 0.487509, 0.0117012, 0.0127274, 0.000371794, 1
-0.439906, 0.281247, 0.536716, -0.0168148, -0.0464367, -0.0282438, 1
-0.0933296, -0.0122744, 0.321579, -0.0115535, -0.0059758, 0.00495343, 1
-0.228596, -0.526984, 0.439244, 0.0558772, -0.0449098, -0.157759, 1
-0.0536476, 0.177258, 0.330095, -0.00272239, 2.95395e-05, 0.00436738, 1
0.363045, -0.273516, 0.427227, -0.0110822, 0.00157618, -0.0122622, 1
0.47803, -0.068076, 0.398782, -0.0110772, -0.0064981, -0.00104331, 1
-0.155987, 0.0685005, 0.364539, 0.0307847, 0.00823534, -0.062708, 1
0.543579, 0.494422, 0.417339, 0.00523333, -0.0171676, 0.014677, 1
-0.232138, 0.425894, 0.459787, 0.00359131, 0.0254147, -0.0661304, 1
-0.108331, -0.517024, 0.551461, -0.00615701, -0.0203532, -0.0244155, 1
0.581778, -0.326966, 0.464282, -0.00585168, 0.0266953, 0.00353719, 1
0.208789, 0.209668, 0.618704, 0.00343337, 0.00426748, 0.00791167, 1
0.235179, 0.611035, 0.329467, -0.00147901, 0.0208093, -0.00734112, 1
-0.527699, -0.0725764, 0.531273, 0.00542899, 0.00454318, 0.0127036, 1
-0.467246, -0.339495, 0.620385, -0.0321662, 0.00496799, 0.0784854, 1
-0.018263, -0.491428, 0.445875, 0.00195397, 0.0128929, 0.0299742, 1
0.316938, -0.0174521, 0.620491, -0.00613192, 0.0107993, 0.0604517, 1
0.515166, -0.103837, 0.586605, 0.0455334, 0.0538113, 0.000819341, 1
-0.335333, 0.293989, 0.535588, 0.00987498, 0.0058366, 0.0135506, 1
0.243887, -0.444306, 0.563823, -0.0853848, 0.0300019, -0.0517123, 1
-0.0701221, -0.492492, 0.32459, -0.00797348, -0.0031002, -0.0160929, 1
0.527079, 0.34626, 0.534498, -0.0791052, -0.00384155, -0.0558877, 1
0.482043, -0.0485243, 0.529766, 0.0313161, 0.0757222, 0.019348, 1
0.539986, 0.0537403, 0.354131, 0.019631, 0.00566793, 0.00160586, 1
0.145223, 0.216458, 0.426748, -0.0268215, -0.0602564, -0.0698514, 1
0.106908, -0.431768, 0.461382, 0.0217431, 0.00792265, -0.0115774, 1
-0.629446, 0.515133, 0.61451, -0.0288816, -0.00187962, 0.029026, 1
0.59259, 0.400336, 0.43106, 0.00240905, 0.00130708, -0.00269011, 1
0.419158, -0.564961, 0.347066, 0.000252229, 3.25043e-05, -0.000234598, 1
0.0416557, 0.30889, 0.39348, -0.229282, 0.302996, 0.0486875, 1
-0.222907, -0.391196, 0.427848, -0.0550319, 0.0742948, 0.00964029, 1
-0.184473, -0.49408, 0.356922, 0.00688535, -0.00540058, -0.0109716, 1
-0.566335, 0.617926, 0.502282, -0.0264356, 0.271304, -0.0993006, 1
0.292802, 0.527948, 0.358226, -0.0143068, 0.00366673, 0.00569401, 1
0.449398, 0.0432083, 0.569832, 0.0054422, 0.000599934, 0.00311977, 1
-0.363464, -0.479847, 0.619381, -0.0204604, -0.00495773, 0.0143855, 1
0.222137, -0.479329, 0.590673, -0.0589511, -0.0453823, 0.00398802, 1
0.160321, -0.516703, 0.533266, -0.0319155, 0.00924064, 0.0198724, 1
0.624633, 0.532419, 0.549517, -0.00231794, 0.0130229, -0.00700734, 1
-0.506957, -0.055889, 0.469248, -0.00204932, 0.000402892, -0.00217743, 1
-0.192963, 0.351167, 0.52894, -0.119698, -0.368884, 0.311741, 1
0.258503, -0.463269, 0.562911, -0.137337, -0.0310217, -0.0494798, 1
0.426265, -0.399641, 0.559902, -0.00188571, 0.00464918, -0.00275209, 1
-0.0844602, 0.523124, 0.534398, -0.0109987, -0.00831574, 0.0139604, 1
0.0885184, 0.342559, 0.387709, 0.0613334, 0.0616644, 0.0344707, 1
-0.152008, 0.609059, 0.425239, 0.00240864, 0.00343642, 0.000706402, 1
-0.19434, 0.201232, 0.462897, 0.0470348, 0.142629, 0.106324, 1
-0.351501, -0.26841, 0.491212, 0.0362912, 0.00884298, -0.0187594, 1
0.521637, -0.27374, 0.466826, 0.00472532, 0.00184822, 0.0019426, 1
0.19985, -0.150734, 0.610345, -0.0049642, -0.00405575, 0.0330268, 1
-0.44301, 0.286267, 0.540646, -0.0279318, -0.0163391, -0.0118576, 1
0.412825, -0.0851938, 0.582319, -0.0213322, 0.0166691, 0.00835164, 1
0.144616, -0.288892, 0.324918, 0.0503445, -0.0126311, -0.0248619, 1
-0.13563, 0.256611, 0.61319, -0.106237, -0.160049, 0.301653, 1
-0.517892, -0.284834, 0.541339, -0.0479155, -0.337047, 0.0910431, 1
-0.226981, 0.193121, 0.536113, 0.0201459, 0.0408589, 0.040891, 1
0.214046, 0.628745, 0.42893, -1.09659e-05, -0.0118121, -0.000194031, 1
-0.454219, -0.35272, 0.519319, 0.0322224, -0.000328638, -0.000521301, 1
0.250703, -0.461047, 0.608375, -0.0608103, -0.0400038, 0.0855407, 1
-0.401847, 0.368767, 0.4132, -0.00232876, -0.00369472, 0.000290113, 1
-0.480322, 0.55572, 0.327276, 0.0737038, -0.121938, -0.0912418, 1
0.422334, 0.338582, 0.463469, -0.075121, -0.468608, 0.296805, 1
0.231756, -0.146766, 0.548736, -0.0310261, 0.0007588, -0.0202926, 1
0.271502, 0.347567, 0.455398, -0.000948039, 0.00984365, 0.00684678, 1
0.204409, 0.459639, 0.541681, 0.0538051, -0.00666231, 0.0632897, 1
-0.150089, -0.397305, 0.43247, 0.0668997, 0.0264412, 0.0700691, 1
-0.52549, 0.446704, 0.432166, -0.00864867, 1.13449e-06, -0.00744843, 1
-0.0696964, 0.622449, 0.501477, -0.00297814, -0.0020192, 0.00111325, 1
-0.512275, 0.243188, 0.543706, -0.0080162, -0.00644092, -0.00490446, 1
-0.598631, 0.471305, 0.478407, -2.69174e-05, -0.000658058, -0.00216926, 1
-0.205756, 0.620946, 0.459846, -7.29545e-05, -0.0076467, -2.09769e-05, 1
-0.156578, 0.413316, 0.387, -0.00656238, 0.0330777, -0.0549349, 1
0.437369, 0.0151094, 0.5078, 0.00493385, -0.00554204, -0.00413878, 1
0.112461, -0.343352, 0.437201, 0.0186802, -0.0209977, -0.00979464, 1
-0.585799, 0.49102, 0.39462, -0.00123115, -0.00342653, 0.0027392, 1
0.320998, -0.289032, 0.452784, -0.0144143, 0.00993893, -0.00608523, 1
-0.468975, -0.184559, 0.406969, -0.00882984, -0.00889417, -0.0478662, 1
-0.000239682, 0.375708, 0.405091, 0.0351283, 0.0264097, 0.04602, 1
-0.514187, 0.493396, 0.623378, 0.0165985, -0.00651115, 0.0101496, 1
0.400709, 0.524729, 0.583714, -0.00604634, -0.00846703, 0.00234463, 1
-0.205519, -0.310991, 0.581459, -0.000688898, -0.00446803, 0.000718779, 1
0.373938, 0.162394, 0.527298, -0.00285952, 0.0219174, -0.0100433, 1
-0.597915, -0.0302, 0.373584, -0.000590215, 0.00251201, -0.00657417, 1
0.173358, -0.547702, 0.445237, 0.0112042, 0.014047, -0.0198398, 1
-0.597694, -0.503537, 0.410501, -0.174623, -0.310999, 0.0799031, 1
-0.279142, 0.447424, 0.495734, -0.0962899, 0.200444, -0.0340055, 1
0.272067, 0.608412, 0.607085, -0.019184, 0.0249863, 0.0185692, 1
-0.619909, -0.0217912, 0.543521, -0.0169032, 0.0165619, -0.00355105, 1
-0.259474, 0.0939849, 0.50938, -0.0343685, -0.15573, 0.149384, 1
-0.285813, -0.13527, 0.483071, -0.00361325, 0.0176955, -0.010634, 1
-0.470812, 0.289175, 0.562814, -0.0340216, 0.0311049, 0.0190626, 1
0.595099, 0.033149, 0.445922, -0.00538467, 0.00654306, -0.0227064, 1
0.184436, 0.0651979, 0.595863, -0.00679421, 0.00178428, 0.00733423, 1
0.418845, -0.391408, 0.616428, -0.00210114, 0.00454235, 0.00129349, 1
-0.32006, -0.359138, 0.333053, 0.0113139, 0.00310665, 0.0230419, 1
0.062018, -0.00831688, 0.6024, -0.00355532, 0.0161988, 0.023462, 1
-0.474899, -0.366213, 0.597012, -0.0375269, -0.0490036, -0.0266757, 1
-0.566412, -0.356159, 0.434073, 0.0921576, -0.0477487, -0.0200168, 1
0.347747, 0.0143313, 0.61506, 0.00127008, 0.0361207, 0.051962, 1
-0.134588, 0.358481, 0.423752, 0.0125626, -0.0498912, -0.277148, 1
0.537768, 0.517632, 0.338555, 0.000391665, -0.0459209, -0.0423092, 1
0.269171, 0.482768, 0.504333, -0.00683073, -0.0041473, -0.0125698, 1
-0.466996, 0.0372398, 0.363141, 0.0429041, 0.146895, -0.186118, 1
-0.6034, -0.173878, 0.42278, 0.00858866, 0.0446515, 0.0578773, 1
0.602385, 0.136025, 0.490486, 0.0281377, 0.0575499, -0.0192051, 1
-0.585258, -0.43192, 0.330916, -0.00158066, -0.00279628, 0.00444805, 1
0.564414, -0.276856, 0.396854, 0.00447506, 0.00644171, 0.00220275, 1
0.432606, -0.213305, 0.465305, -0.0104707, 0.0144215, 0.0372477, 1
-0.350955, -0.495521, 0.626379, -0.00403969, -0.0121889, 0.0138333, 1
-0.410569, -0.000146102, 0.558508, 0.765678, -0.0936947, -0.213734, 1
0.024511, -0.0923412, 0.530426, -0.119391, -0.0503094, 0.018194, 1
0.118802, -0.453134, 0.493627, 0.0191658, -0.00168418, 0.000322855, 1
-0.383721, -0.290167, 0.345446, 0.0168634, -0.00550755, -0.00283733, 1
-0.191082, -0.263603, 0.459467, 0.0327816, -0.0257493, -0.00405507, 1
0.240111, -0.291182, 0.335982, -0.00200521, -0.00646443, -0.00915751, 1
-0.317797, -0.246476, 0.385493, -0.0211595, -0.0157508, 0.0283061, 1
-0.254058, -0.312026, 0.47377, 0.0347603, -0.0154437, 0.0109136, 1
0.0734308, -0.509383, 0.577935, 0.0179507, -0.0145007, 0.00888773, 1
-0.585202, -0.230375, 0.611545, -0.0209262, -0.0167439, 0.0231416, 1
-0.599541, -0.0109804, 0.454018, -0.0145247, 0.0228023, -0.0259079, 1
0.374566, -0.616433, 0.588424, 0.000166344, 0.00602486, 8.80644e-05, 1
-0.0235855, 0.132333, 0.317649, -0.0366794, 0.023606, 0.0750945, 1
-0.568933, 0.378576, 0.402598, -0.00129155, 0.00514864, -0.000338094, 1
-0.447077, -0.44247, 0.494188, 0.00308989, 0.000686626, 0.00162221, 1
0.130864, 0.427604, 0.578884, 0.0256454, -0.00132922, -0.0413563, 1
0.214867, -0.520156, 0.359774, 0.00363034, -0.0177126, -0.0366787, 1
0.496913, -0.144251, 0.439259, 0.00618762, -0.000336941, -0.00519518, 1
-0.12786, 0.559143, 0.469404, -0.00675719, 0.00341144, 0.00145063, 1
-0.335975, 0.603905, 0.569301, -0.00198441, 0.0112795, -0.0027319, 1
-0.409647, -0.625599, 0.409065, -0.000647733, 0.00827499, -0.00248243, 1
0.146498, 0.37893, 0.412448, -0.0484745, -0.0445957, 0.0255781, 1
-0.0196618, -0.274619, 0.603022, -0.0278494, -0.137776, -0.0132462, 1
-0.00899191, -0.213588, 0.540175, 0.0492667, -0.0489733, -0.0608089, 1
0.341475, -0.0307015, 0.587048, 0.0221528, -0.0408579, -0.0295079, 1
-0.201625, -0.5298, 0.536458, 0.0599832, -0.224778, 0.100176, 1
-0.405943, 0.31503, 0.56391, -0.0596485, -0.0661874, -0.00498154, 1
-0.226774, 0.18198, 0.370357, 0.0262758, 0.00653518, -0.00589027, 1
0.270334, -0.575844, 0.352652, -0.00783702, -0.000684594, -0.00979835, 1
-0.371905, -0.281855, 0.346137, 0.0219286, 0.00340424, -0.00167112, 1
-0.614555, -0.061539, 0.347228, 0.00431706, -0.00242663, -0.000141648, 1
-0.238223, -0.545005, 0.599451, -0.00303463, -0.0261276, 0.00871063, 1
0.151641, 0.0652969, 0.373306, 0.0742013, 0.0753348, -0.108684, 1
0.0438733, -0.573658, 0.477399, -0.0537717, -0.0260743, 0.00171105, 1
-0.315282, 0.39778, 0.627215, -0.00121001, -0.000135496, 0.00590575, 1
-0.486944, -0.433809, 0.337274, 0.00485735, 0.0233703, -0.00554624, 1
0.398962, -0.209789, 0.573522, 0.0256986, -0.0172605, 0.0252826, 1
0.134749, 0.193401, 0.461527, -0.0772952, -0.070735, -0.0478881, 1
0.356248, -0.166228, 0.475057, 0.0284778, -0.00795995, -0.0454206, 1
0.506928, 0.0918301, 0.562084, -0.00949723, 0.0131665, -0.0011346, 1
-0.628379, 0.107238, 0.389208, 0.0112429, -0.000400044, -0.000364842, 1
-0.499394, 0.498979, 0.410448, -0.0122007, -0.0210453, 0.0147639, 1
-0.621443, 0.0206561, 0.584263, -0.0129244, 0.00686739, -0.00379339, 1
-0.388147, -0.565434, 0.598339, 0.0701088, 0.035173, 0.0137414, 1
0.261524, -0.250752, 0.540293, -0.0869689, -0.305907, 0.310412, 1
0.250531, -0.107732, 0.589332, -0.00114569, 0.0491725, 0.0501467, 1
0.3397, -0.338733, 0.379394, 0.0183227, 0.0243301, -0.0183601, 1
0.113936, 0.425979, 0.585235, -0.0623726, -0.00298929, -0.0464791, 1
-0.559811, 0.152264, 0.386187, 0.00701244, -0.0052653, -0.0108732, 1
0.0804883, 0.029228, 0.566635, -0.0247768, 0.0153822, 0.0119004, 1
-0.191031, 0.0308127, 0.435954, 0.0336798, -0.139161, 0.085503, 1
0.105875, 0.161382, 0.403208, 0.00424203, 0.00487298, 0.0556895, 1
0.487739, 0.169903, 0.565863, -0.029997, 0.00178996, 0.00826712, 1
0.304936, 0.41172, 0.581995, -0.0383186, -0.00126608, -0.0206558, 1
0.178439, 0.0432806, 0.361816, 0.0496987, 0.0182268, -0.0267669, 1
-0.180242, -0.336152, 0.492374, -0.00649242, 0.00300069, 0.0072577, 1
-0.342769, -0.626416, 0.565181, 0.00135575, 0.00934992, -0.000363882, 1
-0.0851207, 0.117483, 0.514185, 0.0401085, -0.0289093, 0.0421169, 1
-0.264035, 0.187635, 0.39476, 0.0469084, 0.0393628, 0.0448394, 1
0.0207864, -0.36184, 0.559558, 0.0699345, 0.00548227, -0.0574362, 1
-0.232526, 0.0770929, 0.409771, -0.127734, 0.0454665, -0.070088, 1
0.251364, -0.446996, 0.607607, -0.0664752, 0.0323133, 0.0775609, 1
0.604269, -0.589221, 0.492592, 0.00908157, -0.0138949, 0.0304807, 1
0.347866, 0.345679, 0.438031, -0.0478603, 0.0498568, 0.00139243, 1
0.155993, -0.105845, 0.606342, 0.00258963, 0.00806968, 0.00970969, 1
0.343331, 0.343876, 0.364813, -0.00196145, 0.00522698, -0.0100716, 1
-0.207026, -0.628856, 0.3657, -0.0127421, -0.0108074, -0.0131875, 1
-0.466154, -0.0840134, 0.552562, 0.00333735, 0.000901805, 0.00404356, 1
0.33066, 0.281915, 0.44198, -0.121286, -0.00991038, -0.00471552, 1
-0.610152, -0.327262, 0.50901, 0.000102982, 0.0122965, 0.0272007, 1
0.368155, 0.070176, 0.370793, -0.00813218, -0.00384418, -0.000164038, 1
-0.512617, -0.308424, 0.416535, 0.00550975, 0.0129558, -0.0113596, 1
-0.602042, -0.334119, 0.42672, -0.0094226, 0.092096, -0.0328828, 1
0.108398, -0.616216, 0.355649, -0.00197673, -0.0154893, 0.0101301, 1
0.600595, 0.169741, 0.486679, 0.0157323, 0.0469428, -0.0114789, 1
0.50611, -0.116891, 0.415157, -0.00242934, -0.00557109, -0.00160195, 1
-0.554492, 0.306046, 0.415434, -0.00853733, 0.000923047, 0.0589217, 1
-0.351619, 0.469855, 0.551921, 0.00376454, 0.00129511, -0.000304005, 1
0.5987, 0.170552, 0.464909, -0.00204127, 0.0273007, -0.0206769, 1
-0.153235, 0.190363, 0.540585, -0.0352243, -0.0177382, 0.034863, 1
0.62288, -0.0714455, 0.400638, 0.0026677, -0.00916193, 0.0006369, 1
-0.413802, 0.0459012, 0.481023, 0.00589185, -0.0120193, -0.0400293, 1
-0.00759042, 0.0738223, 0.554984, -0.0163674, -0.0174682, 0.0136204, 1
0.439365, -0.447743, 0.558421, -0.011667, 0.00337241, -0.021028, 1
0.602035, -0.477111, 0.443365, 0.00889345, -0.0103086, 0.0114113, 1
0.0288975, -0.600964, 0.571633, 0.000712035, -0.000516622, -0.00155028, 1
0.429599, -0.525493, 0.490654, 0.0104384, 0.0294475, -0.00262148, 1
-0.428519, -0.247148, 0.450627, 0.124391, -0.15947, 0.042167, 1
0.51924, -0.278412, 0.335774, 0.0146051, 0.0119916, -0.00794398, 1
-0.140975, 0.198317, 0.540856, -0.0566236, -0.0394272, 0.0717353, 1
-0.49849, 0.191233, 0.365503, -0.0189058, 0.0282576, 0.0183023, 1
-0.155864, 0.407394, 0.53447, 0.2437, 0.0837334, 0.523208, 1
0.508301, -0.23016, 0.395434, 0.0068351, -0.00150295, 0.00034329, 1
0.208384, -0.420759, 0.440989, -0.00118135, -0.00543786, 0.00710121, 1
-0.0777853, -0.448687, 0.479203, -0.0018584, 0.0134142, -0.00918987, 1
0.43575, 0.210174, 0.486452, 0.00410964, -0.00625856, 0.0184245, 1
0.20243, 0.00981004, 0.51257, 0.0720013, -0.0743988, 0.0560052, 1
-0.354808, 0.211255, 0.608274, -0.0047315, 0.00078402, 0.00593414, 1
0.187772, 0.100532, 0.38118, 0.0245234, 0.0109729, -0.0094363, 1
0.270941, 0.58952, 0.58825, -0.0178953, -0.0150374, -0.0190821, 1
-0.0854903, -0.538933, 0.478568, 0.00226665, 0.00588427, -0.0184735, 1
0.116596, -0.0648339, 0.422925, 0.00375613, -0.00116889, -0.00168572, 1
-0.26538, -0.186496, 0.522876, 0.0350654, -0.0175264, -0.0196198, 1
0.0564305, -0.608076, 0.575177, 0.000978584, 0.00260509, -0.000548535, 1
0.560461, -0.0558976, 0.620497, 0.00227471, 0.00475747, 0.00261994, 1
-0.0425822, -0.250112, 0.515549, 0.00412582, -0.0240967, -0.0121202, 1
-0.616627, 0.582282, 0.360511, 0.00510135, 0.000648383, -0.00130112, 1
0.173726, -0.40249, 0.570816, -0.0179828, 0.00853893, -0.0200761, 1
0.0869677, 0.415246, 0.438458, -0.0168175, -0.0160793, -0.00334713, 1
0.351761, 0.0562234, 0.428347, 0.00265727, -0.0158524, -0.0296838, 1
0.184907, 0.600697, 0.451104, -1.43515e-07, -0.00152402, -0.000244539, 1
-0.420676, 0.0873293, 0.592387, -0.00470016, 0.0393938, 0.0148081, 1
0.0110978, 0.451913, 0.388272, -0.00880434, 0.0102861, 0.00554797, 1
-0.417251, -0.12162, 0.393744, 0.0428887, -0.103145, -0.00428257, 1
0.623532, -0.191122, 0.53726, -0.00809072, -0.00020233, -0.00252034, 1
0.585664, 0.396259, 0.317241, 0.00391505, 0.000859699, 0.00440438, 1
0.128008, 0.409596, 0.620303, 0.0324734, -0.0554975, 0.081874, 1
0.310125, -0.046641, 0.362189, 0.0151908, -0.00971698, -0.0178128, 1
0.0735333, -0.589637, 0.623492, 0.000732525, 0.000353881, -9.81607e-06, 1
0.567437, 0.392088, 0.480057, 0.0208876, 0.0153456, -0.00948541, 1
-0.23903, -0.0529685, 0.47274, -0.0110908, 0.0393019, 0.0139814, 1
0.30546, 0.156319, 0.337081, 0.117439, -0.106019, -0.200452, 1
0.155153, -0.462547, 0.60755, -0.0080468, -0.00989963, 0.00353564, 1
0.448313, -0.249835, 0.419655, 0.0277211, 0.00960796, -0.00145196, 1
-0.496566, -0.256266, 0.529365, 0.212134, 0.0313337, -0.256224, 1
0.392547, -0.300566, 0.470939, 0.0315454, -0.00873628, -0.0423457, 1
0.401586, 0.457406, 0.415847, -0.0220438, -0.0368416, 0.0439331, 1
0.362942, 0.137567, 0.561678, -0.00983269, 0.0598652, 0.0471222, 1
0.551772, -0.418863, 0.571759, -0.004375, -0.000107818, -0.00117233, 1
0.525885, -0.481389, 0.51229, -0.00194387, 0.00991374, 0.0103792, 1
-0.0737429, -0.090456, 0.341557, -0.0278158, 0.00688654, -0.031995, 1
0.557289, -0.414959, 0.538128, -0.0034164, -0.000935229, 0.000402927, 1
-0.614239, 0.370157, 0.579982, 0.000464566, -0.00368044, -0.000217772, 1
0.556035, 0.188507, 0.360033, 0.000565009, 0.000621451, -0.000291147, 1
-0.2852, 0.321904, 0.453457, 0.00562382, -0.0377381, 0.00053169, 1
0.572333, 0.084488, 0.535806, -0.161627, 0.0383386, 0.0822041, 1
-0.0637653, -0.14389, 0.492667, 0.0209599, -0.0385523, 0.0534453, 1
0.339696, -0.410911, 0.369568, 0.0689188, -0.0339958, -0.0437661, 1
0.0665524, -0.489102, 0.422343, 0.0069818, 0.0021567, -0.000395326, 1
-0.166264, -0.59318, 0.459486, -0.00367385, -0.00267932, -0.00173963, 1
0.62297, -0.0369597, 0.594363, -0.00888142, 2.08506e-06, -0.000209222, 1
-0.530654, -0.109634, 0.333133, -0.00637127, 0.00263209, -0.000662246, 1
0.36193, -0.0939095, 0.583163, 0.00407498, 0.00251619, -0.00170808, 1
0.162005, -0.167838, 0.472799, 0.0522216, 0.15029, -0.0380957, 1
0.342208, 0.176926, 0.395784, 0.117489, 0.00296884, 0.0682856, 1
-0.363819, 0.119295, 0.574397, -0.00370333, 0.0189716, 0.0492228, 1
0.519479, -0.574433, 0.380933, 0.000603406, -0.00160662, -0.00190133, 1
-0.0297071, 0.395226, 0.435697, 1.23797e-06, -0.0107476, 0.00525036, 1
0.188637, -0.168185, 0.470912, 0.0593684, 0.0395302, -0.0233147, 1
0.618082, 0.295514, 0.480108, -0.00526138, -0.0024348, -0.00617912, 1
-0.0638264, 0.288521, 0.628359, -0.0239257, 0.0425277, 0.0868657, 1
-0.206227, 0.38783, 0.443459, -0.0324476, -0.103704, -0.175245, 1
-0.133624, 0.119797, 0.577473, 0.00473016, 0.0066959, 0.00991098, 1
-0.320826, -0.348162, 0.378023, -0.00205574, 0.000763842, -0.0009099, 1
0.310441, 0.62401, 0.579745, 0.0100255, 0.000391253, -0.00732711, 1
-0.626277, -0.369772, 0.452078, -0.0817988, -0.140617, 0.0520458, 1
0.411382, -0.480256, 0.465961, 0.00236713, -0.0066808, 0.000729534, 1
-0.584738, 0.12, 0.407276, -0.00275163, -0.00714627, 0.000551141, 1
-0.101878, -0.321327, 0.522721, 0.000772323, -6.64323e-05, 0.00288763, 1
0.521843, -0.333208, 0.439108, 0.0221532, -0.00046147, 0.0116409, 1
-0.0775797, 0.232929, 0.353748, 0.00470254, -0.0106804, -0.00319774, 1
-0.0839985, -0.603262, 0.608196, 0.00746492, -0.00138308, 0.00592537, 1
0.429912, -0.106922, 0.480655, -0.0141728, 0.00279093, -0.0112865, 1
0.21995, 0.202215, 0.551105, 0.0549629, -0.00733436, 0.109901, 1
0.472114, -0.117307, 0.549617, 0.00936066, -0.0692276, -0.00547239, 1
0.271241, -0.113621, 0.614664, 0.00437005, 0.00209958, 0.035525, 1
-0.440301, -0.332202, 0.337109, 0.043389, -0.0345562, 0.0018524, 1
0.163615, -0.286976, 0.5246, -0.00273214, -0.0564771, 0.0678666, 1
0.532793, 0.241109, 0.601759, -0.0136718, 0.00717541, 0.0439841, 1
0.103822, 0.132988, 0.360967, -0.0231833, -0.0812693, 0.0144472, 1
0.600329, -0.574555, 0.57669, -0.00145156, -2.81397e-05, -0.00022792, 1
-0.504533, -0.0285899, 0.583365, -0.0780252, -0.0230059, 0.014012, 1
-0.591602, -0.228641, 0.399144, -0.0199019, -0.0626282, -0.0072611, 1
0.0710898, 0.621273, 0.607189, 0.00308158, -0.00705248, 0.00230966, 1
-0.244344, 0.463424, 0.420371, 0.0416047, 0.0276374, -0.0325498, 1
-0.565731, 0.104701, 0.549457, -0.00125406, 0.0289327, -0.0132577, 1
-0.626927, 0.294364, 0.623897, 0.0101089, 0.000695886, 0.000355777, 1
-0.538416, -0.171984, 0.394662, -0.011098, 0.0247073, 0.0169045, 1
0.300059, -0.269155, 0.61243, -0.00370338, -0.00399824, 0.0178755, 1
0.187243, 0.464631, 0.488187, 0.342274, 0.166547, -0.103169, 1
0.371182, 0.434996, 0.502039, -0.000288919, -0.00109607, -0.0024313, 1
0.158087, 0.560427, 0.3374, 9.63754e-05, -0.000299576, 0.00484011, 1
-0.028306, 0.598788, 0.437731, -0.00800018, 0.0132897, -0.012211, 1
0.308342, 0.0399147, 0.435559, -0.00145693, -0.0120101, -0.0256455, 1
0.217243, 0.425535, 0.393924, 0.0155025, 0.00195923, -0.00391923, 1
-0.621127, 0.489767, 0.57759, -0.0697768, -0.0319536, -0.00728297, 1
0.316773, 0.492804, 0.49369, -0.000717962, -0.0065804, -0.0252266, 1
0.292509, 0.584352, 0.608185, 0.0169111, -0.0253399, 0.0129868, 1
0.611231, 0.254447, 0.383405, -0.00385847, 0.000984707, -0.000533478, 1
0.541099, -0.188273, 0.342072, -0.00614653, 0.0209223, -0.0671398, 1
-0.026008, -0.447054, 0.608312, -0.0177402, 0.0219209, 0.0367784, 1
-0.537707, 0.340997, 0.590928, 0.00020713, -0.00466183, -0.000888304, 1
-0.448031, -0.317273, 0.583134, -0.0645786, -0.0149726, -0.00439078, 1
0.0429662, 0.621033, 0.435622, 0.0074622, 0.0318388, -0.0107849, 1
0.525274, 0.208313, 0.384515, 0.000198474, 0.000688721, 5.45615e-05, 1
-0.418885, 0.217149, 0.349466, 0.00839832, 0.0260194, 0.0013052, 1
-0.628379, -0.0960406, 0.315176, 0.0109732, -0.000797918, -0.000635053, 1
0.0864541, -0.433495, 0.618755, 0.0412707, -0.00518437, 0.0408919, 1
-0.000660245, -0.452228, 0.524876, -0.0737662, 0.0109749, -0.0821157, 1
0.273034, -0.541092, 0.320317, 0.00684191, -0.0122004, 0.00559934, 1
0.381395, 0.0628632, 0.366044, -0.00909975, -0.0111353, 0.000839893, 1
0.294789, 0.15512, 0.608784, 0.00276402, -0.00419954, 0.000480453, 1
0.138646, 0.337052, 0.371975, -0.00571266, 0.0282409, -0.0235003, 1
-0.0486712, -0.249945, 0.369742, -0.0936142, 0.00410923, -0.023672, 1
0.433889, -0.354635, 0.579311, -0.000709024, -0.00246263, 0.000801032, 1
-0.547906, -0.143557, 0.476108, -0.0139849, 0.00839301, -0.0142653, 1
-0.40997, -0.141973, 0.609589, 0.00771558, -0.00159075, 0.00492835, 1
-0.409194, 0.574445, 0.343724, 0.0581298, -0.00299338, -0.021873, 1
-0.454028, -0.056179, 0.388158, 0.0150824, -0.000176641, -0.0115922, 1
0.385548, -0.413109, 0.410376, 0.00127212, 0.00384587, 0.010722, 1
0.406887, 0.59825, 0.583582, -0.0040818, -0.0116919, -0.00970328, 1
0.611136, 0.263075, 0.464871, -0.00439544, -0.00107872, -0.000792079, 1
0.526419, -0.228242, 0.391644, -0.0121977, -0.02523, 0.0148243, 1
-0.505535, 0.35305, 0.486648, -0.00695397, 0.00657191, 0.00104421, 1
-0.286492, 0.156976, 0.55548, -0.0119379, 0.00350289, 0.0306262, 1
-0.4891, 0.239034, 0.3621, -0.000343291, 0.00183128, -0.000412351, 1
0.155404, 0.459027, 0.484098, -0.128369, 0.255788, -0.161573, 1
0.0739052, -0.58013, 0.470218, 0.00808463, -0.0193656, -0.030532, 1
0.188874, -0.404195, 0.613664, 0.0136212, 0.011058, 0.0424502, 1
0.481578, 0.611316, 0.352896, -6.04766e-05, -0.00218843, 6.98831e-05, 1
-0.396773, 0.38824, 0.344968, -0.0221, -0.0114829, -0.000141336, 1
-0.582298, 0.369413, 0.568227, -0.00473606, -0.00608599, -0.00576917, 1
0.0172611, 0.265868, 0.353676, -0.266841, -0.0154749, -0.10438, 1
0.323909, 0.390296, 0.59943, 0.0112898, -0.0490532, 0.049387, 1
-0.249352, -0.526159, 0.481183, -0.212715, -0.26831, -0.0820806, 1
-0.547285, -0.385296, 0.38345, 0.018311, -0.00885686, -0.0115767, 1
-0.358811, 0.400071, 0.340716, -0.0346127, -0.00791195, 0.00209794, 1
0.317654, -0.155987, 0.353175, 0.0415781, -0.0782707, 0.0325667, 1
-0.321327, -0.597076, 0.409617, -0.0117357, -0.0280294, 0.00713021, 1
-0.386524, 0.514465, 0.404955, 0.00689872, 0.0264549, -0.0015442, 1
-0.234866, -0.512271, 0.344524, 0.00048621, 0.000454698, -0.00685527, 1
-0.114921, -0.464606, 0.594368, -0.0167371, 0.0576363, -0.00904916, 1
-0.361866, 0.182619, 0.503344, 0.116081, 0.165808, 0.162271, 1
-0.207088, -0.123436, 0.443427, 0.0101404, -0.0282181, -0.013232, 1
-0.329224, 0.257175, 0.469378, -0.00856502, -0.0180287, -0.0012863, 1
0.335581, 0.339854, 0.530545, -0.000177825, -0.00064363, -0.00291599, 1
0.609455, 0.611006, 0.473072, -0.00389787, -0.00442546, 0.000156808, 1
-0.547534, 0.298697, 0.591566, -0.00177121, 0.001926, 0.000814379, 1
-0.394762, 0.607333, 0.599788, -0.00219179, -0.00215361, 0.000126722, 1
-0.0162222, -0.409154, 0.570914, -0.0336641, -0.0383918, -0.0272849, 1
0.34367, -0.0140562, 0.600337, 0.0170228, -0.0187697, 0.017237, 1
0.461839, 0.500986, 0.326694, -0.0120766, -0.064054, -0.102192, 1
0.319457, -0.490843, 0.52984, 0.102672, -0.0482891, -0.0642832, 1
-0.18702, -0.0679679, 0.34149, 0.00734882, 0.00271497, -1.36909e-05, 1
0.326763, 0.232772, 0.563275, -0.048985, -0.00464992, -0.033436, 1
-0.315577, -0.061611, 0.490747, 0.0104574, 0.025735, 0.0112292, 1
0.546677, -0.0821193, 0.486008, 0.0010649, 0.0190169, -0.025393, 1
-0.0808885, 0.000310612, 0.403191, -0.022576, 0.0736175, -0.0336104, 1
-0.234477, 0.235512, 0.397534, -0.00382994, 0.00686135, -0.00592184, 1
-0.355178, -0.410674, 0.452736, -0.0317789, 0.0110874, -0.00402808, 1
-0.591378, 0.56296, 0.606713, -0.0384243, 0.064378, 0.0701642, 1
0.550042, 0.394835, 0.574469, -0.0481985, 0.121707, 0.0182562, 1
0.596892, 0.0843288, 0.609249, 0.00124086, 0.00107112, 0.0109225, 1
0.196398, 0.527272, 0.434766, 0.0019287, 0.0028949, -0.000652022, 1
0.302431, 0.224071, 0.335468, -0.0883829, -0.137851, -0.296699, 1
0.0356765, 0.538458, 0.477556, 0.0195761, -0.0394482, 0.0345267, 1
-0.521188, 0.455171, 0.614517, 0.00620116, -0.00544603, 0.00523662, 1
0.162917, -0.255681, 0.457104, -0.337659, -0.609852, 0.0443221, 1
0.515756, 0.139805, 0.358491, 0.0236802, 0.0174877, 0.0136591, 1
-0.413962, 0.414591, 0.413313, -0.00692487, -0.0214702, 0.0123834, 1
0.137056, 0.453176, 0.396563, -0.00132815, 0.061599, -0.0233376, 1
0.0440545, 0.373255, 0.337781, -0.0738132, 0.00991525, -0.0479112, 1
-0.177925, 0.340183, 0.516354, 0.0647008, -0.324426, 0.238987, 1
-0.260784, -0.0933819, 0.490681, -0.010205, -0.0265366, 0.0555812, 1
0.218353, -0.420914, 0.389208, -0.011446, -0.027941, -0.00120726, 1
0.300298, 0.244726, 0.366331, -0.113117, 0.217574, 0.287311, 1
-0.309332, 0.353501, 0.322633, 0.00613136, -0.00603456, -0.00673324, 1
-0.371117, -0.113545, 0.416204, 0.0460149, -0.0839405, 0.0705047, 1
0.197372, -0.227752, 0.608646, -0.000644626, -0.00239944, 0.00676286, 1
0.371409, -0.0117507, 0.554803, -0.00658588, -0.0959157, -0.0262099, 1
-0.495191, -0.504658, 0.510606, -0.00389206, 0.0390146, 0.119221, 1
-0.168867, 0.16936, 0.446429, 0.0692674, -0.133021, 0.0171877, 1
-0.0776719, 0.621399, 0.373984, -7.39748e-05, -0.00814926, -0.000337346, 1
-0.532111, -0.269349, 0.508129, -0.136111, 0.000726669, -0.209856, 1
0.170685, 0.578968, 0.560391, -0.0118419, 0.0140953, -0.0129676, 1
0.46759, 0.249302, 0.464082, 0.00784805, 0.0126516, -0.00165384, 1
-0.586938, 0.569933, 0.394967, -0.00462453, 0.000607727, -0.0035234, 1
-0.556333, -0.431147, 0.524071, 0.00542977, -0.0475732, 0.00647598, 1
-0.151445, 0.396188, 0.624624, 0.0140512, -0.000354238, 0.0332252, 1
-0.236715, 0.137633, 0.464195, -0.0176723, -0.330048, -0.556678, 1
-0.537359, 0.272406, 0.495522, -0.000953216, -0.000726728, -0.000219281, 1
0.245138, -0.526425, 0.380371, 0.025854, -0.0114987, -0.0255124, 1
-0.489001, 0.0258666, 0.37823, -0.447805, -0.0149391, 0.0978555, 1
-0.252993, 0.123719, 0.468383, -0.397189, -0.461229, -0.336244, 1
0.519596, -0.335559, 0.455634, 0.00576406, -0.00263629, 0.0282464, 1
0.241308, -0.497933, 0.360469, 0.0201633, 0.0217529, -0.0224623, 1
-0.422218, -0.454908, 0.345461, -0.0048354, -0.00543697, -0.0158789, 1
-0.102279, -0.381277, 0.395166, 0.0143166, 0.0313375, 0.0128528, 1
-0.525848, 0.0972416, 0.336722, -0.0323058, -0.0117217, 0.0274878, 1
-0.547206, 0.49049, 0.528621, 0.015434, -0.0179135, -0.0421164, 1
0.0496492, 0.583095, 0.439231, 0.0637012, 0.0355622, -0.000255927, 1
-0.488117, 0.198269, 0.465116, 0.00376315, 0.0633116, -0.0409227, 1
-0.226561, 0.339232, 0.629074, -0.0121518, -0.00615161, 0.0078478, 1
0.0264309, -0.543725, 0.502512, -0.0347199, 0.00213099, 0.0240502, 1
-0.619889, 0.605834, 0.576113, -0.0415627, 0.0067296, 0.0209003, 1
-0.0572788, 0.217178, 0.609121, -0.0160223, -0.0656962, 0.0678738, 1
0.12467, 0.424924, 0.337903, 0.0827735, -0.0435262, -0.0413529, 1
0.246589, -0.307318, 0.400075, 0.0279474, -0.0232381, -0.0205517, 1
0.567325, -0.203203, 0.581876, 0.0103142, -0.00933392, -0.00482774, 1
-0.605642, -0.120445, 0.547008, -0.000369562, -0.0582319, -0.0254057, 1
0.248914, 0.559168, 0.535291, -0.00133762, 0.000503784, -0.00208316, 1
-0.514014, -0.558913, 0.427367, -0.0769984, -0.0128035, -0.177678, 1
0.0865231, -0.15551, 0.354684, -0.0298296, -0.00539575, -0.0207836, 1
0.0829635, 0.500884, 0.376244, 0.00461415, 0.0189739, 0.00868685, 1
-0.426841, 0.510958, 0.370211, 0.0199892, -0.0135008, -0.00467888, 1
0.617686, -0.176284, 0.581997, 0.00357764, 0.00464493, -0.0118682, 1
0.534318, 0.578349, 0.530737, 0.00749579, 0.00735634, 0.00614797, 1
0.626004, 0.194975, 0.611398, -0.00873633, 0.00140562, 0.00107397, 1
-0.293549, 0.132336, 0.403107, 0.12201, -0.0742142, 0.0310958, 1
-0.485898, 0.156657, 0.530486, -0.00530345, 0.0224785, 0.12245, 1
0.442207, -0.224392, 0.512788, -0.00622325, -0.000789065, -0.0015277, 1
0.0635162, -0.108443, 0.53055, 0.0494331, -0.132038, 0.0355618, 1
0.513058, 0.608044, 0.334182, -7.89113e-06, -0.000222907, -0.000341601, 1
-0.588059, 0.0610437, 0.616894, -0.00665343, 0.0072346, 0.008268, 1
-0.343011, 0.264166, 0.587142, -0.00195685, -0.00458117, 0.0127238, 1
-0.122093, 0.25189, 0.38558, 0.0223541, 0.0433102, -0.0924812, 1
-0.31396, 0.156244, 0.372677, -0.0488994, -0.0925219, -0.085452, 1
0.549061, 0.152285, 0.578911, -0.0177599, -0.045371, 0.0840287, 1
0.474801, 0.488699, 0.454504, -0.000382431, -0.00516741, 0.00542035, 1
-0.432626, -0.627162, 0.336178, -1.27253e-05, 0.0108934, -0.000340513, 1
0.429393, 0.445009, 0.437571, 0.000989815, -0.00158239, 0.0224658, 1
-0.0393107, -0.121439, 0.567951, -0.015576, 0.0258744, 0.0387042, 1
-0.436964, -0.238344, 0.562471, 0.138118, -0.0182182, -0.0319956, 1
-0.360164, -0.19644, 0.420241, 0.0120535, 0.0149065, -0.00122594, 1
-0.412444, 0.090512, 0.328792, 0.120724, -0.131891, -0.0103407, 1
-0.583729, 0.598382, 0.549255, -0.167417, -0.00768175, 0.0640843, 1
-0.301335, -0.345541, 0.430825, -0.00485789, -0.00709892, -0.0186482, 1
-0.0705556, -0.426443, 0.626387, -0.00948534, 0.0113759, 0.012532, 1
-0.274764, -0.581606, 0.591071, 0.000593652, -0.00158337, 0.000583622, 1
0.283327, -0.384268, 0.591771, 0.0323454, 0.0230017, 0.0118365, 1
0.368112, -0.584839, 0.545533, -0.00240638, -0.00255632, 0.0162031, 1
-0.401459, 0.00581379, 0.357682, 0.0545138, 0.0681794, 0.0833093, 1
0.610417, 0.198813, 0.455587, -0.00156484, 0.00780045, -0.00513029, 1
0.340447, 0.468613, 0.563968, 0.0319757, -0.0301642, -0.0359897, 1
-0.498443, -0.573794, 0.429105, 0.361654, -0.42176, -0.050029, 1
-0.443202, -0.52756, 0.42121, 0.116524, -0.00781197, -0.0626159, 1
0.493891, -0.198931, 0.492315, 0.00788058, 0.000161072, -0.00545226, 1
-0.302663, 0.360477, 0.543196, -0.040675, -0.0575036, 0.0553707, 1
-0.316968, -0.544251, 0.555285, -0.00453571, -0.0191995, 0.031464, 1
-0.472538, 0.369039, 0.616709, -0.00460893, 0.00156928, 0.00253584, 1
-0.625306, 0.107187, 0.62799, 0.00971332, -5.93273e-05, 0.000547409, 1
0.296898, 0.335691, 0.471953, 0.00181884, 0.00737089, 0.00741886, 1
0.467699, 0.316145, 0.364165, 0.00466336, -0.00255865, 0.0171387, 1
-0.229806, 0.026629, 0.323827, 0.00888816, -0.0103447, 0.00613439, 1
-0.493788, 0.15815, 0.33787, -0.0870292, 0.0491734, 0.0349701, 1
-0.0372952, 0.344911, 0.363471, -0.0626847, 0.206545, -0.0405539, 1
0.387617, 0.208838, 0.471229, -0.0151677, 0.00106795, -0.00510041, 1
-0.162975, 0.536139, 0.403857, 0.0828797, 0.00726001, -0.00375967, 1
-0.510046, -0.410793, 0.425285, 0.0056222, -0.0161006, -0.0124187, 1
0.451167, -0.253368, 0.360054, 0.020799, -0.00581521, -0.00962715, 1
0.398149, -0.248711, 0.544342, 0.00432089, -0.00694012, 0.00310285, 1
0.390255, -0.581777, 0.470774, -0.00460174, -0.0341689, -0.0374731, 1
-0.241788, 0.515886, 0.392319, 0.0631707, 0.0454057, -0.0283633, 1
-0.0450551, -0.343883, 0.556467, -0.0461588, 0.0156272, -0.0208113, 1
-0.00967216, -0.207708, 0.438514, -0.0222648, 0.0167007, 0.0251982, 1
0.0818801, 0.38496, 0.367251, 0.0337924, 0.0249005, 0.0742139, 1
0.275836, 0.142613, 0.576951, 0.0214576, 0.014402, 0.0305647, 1
-0.359102, 0.609602, 0.553495, -0.00686876, 0.00100449, -0.00216482, 1
-0.00360093, -0.530408, 0.608287, 0.00769327, -0.0549085, 0.0786907, 1
0.437613, 0.550723, 0.387455, -0.0200442, 0.0439507, 0.0160836, 1
0.617902, 0.318909, 0.482768, -0.00523, -0.000717006, -0.0147437, 1
0.275415, 0.0792002, 0.494815, 0.0415881, 0.126246, -0.104235, 1
-0.361344, 0.467375, 0.466295, -0.000787201, 0.00510262, 0.00566527, 1
-0.0519947, -0.207643, 0.537815, -0.0143531, -0.0653697, -0.0746003, 1
-0.34598, 0.412648, 0.328397, 0.00499565, 0.0278007, -0.0317195, 1
0.148149, -0.135435, 0.582128, -0.0188984, 0.00435033, 0.0213011, 1
0.357225, -0.489563, 0.460291, 0.00398884, 0.00406885, -0.00215453, 1
0.145175, -0.218701, 0.4552, -0.265855, 0.541425, -0.231059, 1
-0.160699, 0.407661, 0.480089, 0.0213538, 0.242346, -0.579532, 1
-0.247403, 0.21531, 0.460279, -0.0659033, 0.114671, -0.0242405, 1
0.0424889, 0.203249, 0.382515, -0.0595683, -0.0977429, 0.12663, 1
-0.546293, -0.151299, 0.559806, -0.00543229, 0.0465256, -0.00381485, 1
0.173038, 0.11732, 0.519159, -0.0226603, -0.0104088, -0.00562102, 1
-0.481635, -0.564638, 0.624739, 0.0305888, -0.0661715, 0.101152, 1
0.409699, -0.280655, 0.57041, -0.00754693, 0.0021188, 0.00455024, 1
0.463362, 0.497458, 0.379061, 0.0389923, -0.0494254, 0.07509, 1
0.272021, 0.224719, 0.414161, -0.0298796, 0.0579411, 0.0411227, 1
-0.406671, -0.260069, 0.516976, -0.0486823, 0.00196089, -0.0212564, 1
0.154203, 0.209195, 0.461401, -0.0157014, -0.0593468, -0.0818525, 1
-0.445294, 0.591756, 0.357738, 0.0153161, 0.0664209, 0.021245, 1
0.135896, 0.00428119, 0.566041, -0.0694525, 0.225731, 0.0706472, 1
0.40603, 0.0879512, 0.370725, -0.0481064, -0.0104379, 0.0313162, 1
0.125402, -0.368974, 0.557546, -0.00295003, -0.00106567, 0.00361233, 1
-0.317815, -0.220646, 0.573877, -0.00845581, -0.0576465, -0.000816733, 1
-0.338712, -0.44091, 0.346223, -0.00966481, -0.00556396, -0.00460086, 1
-0.576924, -0.607512, 0.628078, -0.00455843, -0.00075857, 0.00116035, 1
-0.320608, 0.294472, 0.526767, 0.0037313, 0.0179845, 0.0244352, 1
0.0761089, 0.517765, 0.61924, -0.000107383, 0.000239699, -0.000212299, 1
-0.375839, 0.0420048, 0.514048, 0.0688344, -0.0233924, -0.0225041, 1
0.209837, 0.226675, 0.504496, 0.0752197, 0.131636, -0.0105491, 1
0.380861, -0.267393, 0.348076, -0.00939221, -0.0264935, 0.00237728, 1
0.12517, -0.491326, 0.527554, -0.0113852, 0.0209999, 0.00172694, 1
0.348143, 0.264039, 0.592802, -0.0578829, 0.0670634, 0.0408477, 1
0.0584721, 0.576188, 0.380149, 0.0128002, 0.0161548, -0.0241356, 1
-0.165873, -0.392488, 0.427413, 0.00369164, 0.089038, 0.0546408, 1
-0.0409102, -0.339448, 0.433025, -0.0420426, 0.0296234, -0.0106757, 1
-0.0484527, -0.0300927, 0.349153, 0.0154524, 0.0133611, -0.0392813, 1
-0.46124, -0.583947, 0.321103, 0.00092555, -0.00136259, -0.000805878, 1
-0.504133, -0.329823, 0.489095, 0.0471648, 0.0727473, -0.0160689, 1
0.292133, 0.509978, 0.388273, -0.0458149, 0.0169282, 0.0240988, 1
-0.209736, 0.260875, 0.478915, -0.152421, -0.056203, -0.0213553, 1
-0.0773609, -0.243919, 0.513575, -0.00995596, -0.0206241, -0.0115649, 1
-0.486998, -0.525739, 0.422094, 0.178411, 0.250752, -0.359884, 1
0.624281, 0.162696, 0.40865, -0.00885023, 0.000753688, -0.00221225, 1
-0.374976, 0.626786, 0.468019, -0.00605877, -0.00631661, -0.00272376, 1
0.0747476, -0.0440873, 0.540648, 0.144182, 0.054827, 0.31335, 1
0.546923, 0.537423, 0.375633, -0.0471079, 0.0123772, 0.0513841, 1
-0.576321, -0.55378, 0.387138, -0.0304565, -0.0753788, -0.0604668, 1
-0.551836, -0.427949, 0.462173, 0.013194, -0.00516126, -0.0150428, 1
0.144618, 0.494147, 0.432176, -0.00912784, 0.0320451, -0.0179346, 1
0.437782, -0.345553, 0.339904, -0.00349827, -0.000120982, -0.000542665, 1
-0.16641, 0.20705, 0.436415, -0.0583598, 0.0952542, 0.000521782, 1
0.627962, 0.350015, 0.462471, -0.010231, -0.000126761, -0.00207438, 1
-0.203517, 0.344333, 0.345655, -0.00228578, 0.0100807, -0.0133416, 1
0.171156, 0.599321, 0.34486, -0.00300245, 2.61362e-05, 0.00116574, 1
-0.476623, 0.0441054, 0.491329, -0.0414025, 0.0295846, 0.00139332, 1
0.42604, -0.0389355, 0.468194, -0.00282213, 0.00133618, -0.00248621, 1
-0.59128, 0.0147072, 0.48724, -0.00204924, 0.0427206, 0.0140492, 1
-0.302656, 0.0928349, 0.537744, 0.0130696, -0.0270332, -0.00604351, 1
0.286107, -0.392511, 0.50379, 0.00404806, 0.00747778, -0.0352902, 1
-0.505042, -0.584692, 0.574893, -0.0231895, -0.0590256, -0.0603574, 1
-0.405352, -0.121139, 0.469164, 0.0100905, -0.020726, 0.00733723, 1
0.0803827, -0.12314, 0.399177, -0.00428303, 0.00698683, -0.00610092, 1
-0.589585, 0.303307, 0.32777, -0.00768921, 0.018945, 0.0108807, 1
-0.466894, -0.155501, 0.320109, -0.00280551, -0.00910543, -0.0167677, 1
-0.347379, -0.00216111, 0.488626, 0.0202685, 0.0161091, -0.0107353, 1
0.358012, -0.206085, 0.321401, -0.0207245, -0.00339392, -0.0210059, 1
-0.289064, -0.167401, 0.482569, -0.00938226, -0.0273798, -0.0311074, 1
0.39997, 0.159906, 0.348287, -0.045221, 0.012611, 0.0268658, 1
0.0310924, -0.18395, 0.40765, -0.0504634, 0.0375335, -0.0869199, 1
-0.473602, -0.0590283, 0.418968, 0.0102848, -0.00860531, 0.0675954, 1
0.566041, 0.165583, 0.546174, 0.0479316, -0.017961, -0.0348579, 1
-0.0771563, -0.383997, 0.357898, -0.000169507, -0.0011808, -0.0130416, 1
0.259625, -0.343619, 0.591215, -0.00159817, 0.020571, 0.00767432, 1
0.310776, -0.180549, 0.394849, 0.0376141, -0.0170598, 0.0203318, 1
0.331285, 0.102035, 0.5518, -0.121202, 0.0543394, 0.0688926, 1
-0.234064, -0.169917, 0.342788, -0.0118875, 0.0318153, -0.0115693, 1
-0.208385, 0.170983, 0.458429, 0.28952, 0.242418, -0.100016, 1
0.461965, -0.0590106, 0.340914, -0.00311893, -0.00528142, -0.00244965, 1
0.595186, 0.602045, 0.452417, -0.00102704, -0.00214008, -0.000312518, 1
-0.294068, -0.50152, 0.595151, -0.0111868, -0.0107427, 0.0232269, 1
0.121877, -0.565442, 0.479056, 0.0108403, -0.00175002, -0.00176368, 1
-0.213281, -0.0126352, 0.540548, -0.00114486, -0.006645, -0.00934556, 1
-0.0416162, -0.382974, 0.612134, -0.034355, 0.00521355, 0.0389957, 1
-0.196608, 0.557766, 0.409506, -0.0310303, 0.0924576, 0.00846636, 1
0.122862, 0.259088, 0.592505, 0.00515824, 0.00102677, -0.00198389, 1
-0.189792, -0.604939, 0.392535, 0.0148734, 0.00750073, 0.0182904, 1
-0.078567, -0.18336, 0.592772, -0.0403053, 0.0761776, 0.0804748, 1
0.49522, -0.351358, 0.420528, -0.00506297, -0.0387051, -0.000942943, 1
0.59895, -0.386136, 0.413549, -0.00398193, 0.031156, -0.01016, 1
-0.111234, -0.0502399, 0.445659, -0.262527, 0.187524, 0.0456295, 1
-0.250482, -0.558326, 0.46179, -0.0200808, -0.190658, -0.0696867, 1
0.405816, -0.141644, 0.616122, -0.00852067, -0.00492775, 0.0117513, 1
0.0481529, 0.446703, 0.362887, -0.0234059, 0.0506599, 0.0388846, 1
-0.0231658, -0.379868, 0.344838, 0.0102702, -0.00511586, -0.00904434, 1
0.35493, 0.372958, 0.567101, 0.0238111, -0.0187923, -0.0183336, 1
0.205096, -0.446798, 0.573357, -0.031652, -0.0167135, -0.0110323, 1
0.51531, 0.104599, 0.370026, 0.0495351, 0.00539278, 0.0326405, 1
0.366543, -0.0301443, 0.439678, 0.00586356, 0.00566255, 0.00150382, 1
-0.471199, -0.0611576, 0.500635, -0.017239, -0.0174326, -0.0216554, 1
-0.0769316, 0.457572, 0.330584, -0.0966465, -0.143395, -0.10759, 1
0.445779, -0.422874, 0.348493, 0.00755214, 0.00898294, 0.0373978, 1
-0.226916, 0.612905, 0.470573, 0.000242597, -0.004697, -0.000338325, 1
-0.282284, 0.031095, 0.424758, -0.0268299, -0.0123639, -0.0235522, 1
-0.090661, -0.622034, 0.487281, 0.000885472, 0.00247421, -0.000982656, 1
0.0287645, 0.362859, 0.42303, -0.0119714, 0.0369494, 0.0091099, 1
-0.222685, -0.0620084, 0.468821, 0.0390968, 0.0228161, -0.027215, 1
-0.44911, -0.176662, 0.33748, 0.0102253, -0.00641996, -0.00863537, 1
-0.228932, -0.440083, 0.487435, -0.0199473, 0.100505, -0.0501768, 1
0.269852, -0.281318, 0.629637, -0.000477695, -0.000200648, 0.000708939, 1
-0.247464, 0.271714, 0.586539, 0.00854084, 0.00801122, 0.00224693, 1
-0.185056, 0.087529, 0.323329, 0.00960959, 0.00345212, 0.0200346, 1
-0.0510107, 0.490576, 0.319065, 0.0565499, 0.0841709, -0.208081, 1
0.571354, -0.421671, 0.48433, 0.00583284, -0.00426045, 0.0134135, 1
-0.24947, 0.117631, 0.486312, -0.212181, -0.542299, 0.194738, 1
0.439729, -0.483568, 0.419536, -0.000216925, -0.00475769, -0.0026592, 1
-0.388005, -0.0762894, 0.561524, 0.0496247, -0.0624474, -0.00766938, 1
0.227354, 0.104564, 0.359868, -0.0166107, -0.0133134, 0.000875516, 1
0.317348, 0.505595, 0.407338, -0.0328538, 0.0308811, 0.0551309, 1
-0.252765, 0.145484, 0.4945, -0.394361, 0.0913021, 0.499639, 1
-0.254073, 0.527983, 0.404937, -0.00335617, 0.124185, 0.061018, 1
-0.427772, -0.287036, 0.58431, 0.0287652, 0.0593713, 0.0898609, 1
-0.394381, 0.291917, 0.549463, 0.0336717, -0.0692374, 0.0139997, 1
-0.378048, 0.233307, 0.601536, -0.0024062, -0.00038602, 0.00217916, 1
0.299343, 0.613801, 0.473453, -5.72048e-05, -0.00508571, -0.000183144, 1
-0.275263, 0.423567, 0.510052, -0.0739512, 0.115334, 0.0401439, 1
0.142952, -0.594401, 0.333489, 0.0203217, 0.00164601, -0.00149955, 1
-0.130804, 0.262916, 0.517121, -0.0336901, -0.055805, 0.0601526, 1
0.0487419, -0.0496987, 0.486029, -0.235212, 0.0317321, -0.296818, 1
0.418168, 0.3275, 0.364909, 0.0014661, 0.00713432, 0.00154634, 1
-0.123688, -0.556537, 0.339414, -0.000896166, -0.00150567, 0.00226107, 1
0.236134, -0.354345, 0.425146, -0.00731993, -0.0080301, -0.0151754, 1
0.0535209, -0.118763, 0.340634, 0.000560839, 0.00639241, -0.00128129, 1
-0.26848, 0.133153, 0.556452, 0.0172785, 0.0060402, 0.0361842, 1
-0.382188, -0.197468, 0.552411, -0.00398046, -0.0233081, 0.0512134, 1
0.251699, 0.157233, 0.500812, 0.00174591, 0.053563, -0.0339262, 1
-0.227945, -0.329778, 0.509703, 0.0105622, -0.00851047, 0.00853438, 1
-0.153915, 0.169382, 0.417941, -0.00347819, -0.116827, -0.136268, 1
-0.605285, -0.41184, 0.563007, -0.00924192, 0.00092961, 0.00935046, 1
0.0789037, -0.623636, 0.487391, -0.0043272, -0.0286325, 0.010474, 1
0.278613, -0.11736, 0.505748, 0.0314853, 0.00864576, -0.0270125, 1
0.376342, -0.511189, 0.574653, 0.00794658, -0.00808112, -0.00255884, 1
-0.442928, 0.172295, 0.387471, -0.00103511, 0.032881, 0.0764127, 1
-0.340318, 0.533779, 0.57825, -4.07691e-05, -0.00656519, -0.00410785, 1
0.625564, -0.478372, 0.371392, 0.0464878, -0.045033, 0.0116742, 1
0.315355, 0.403291, 0.568192, 0.00402003, -0.0213086, -0.0825389, 1
-0.201249, -0.454618, 0.328256, -0.000908664, 0.00134065, -0.00531107, 1
0.577635, 0.0214306, 0.528092, -0.0130362, -0.0865329, 0.0467385, 1
-0.270454, 0.046109, 0.582623, 0.00834996, 0.00785175, 0.000337849, 1
-0.538279, -0.504951, 0.584205, 0.00244269, -0.0112234, 0.000729795, 1
0.15136, 0.403625, 0.397374, 0.00105948, -0.0251057, -0.0128164, 1
-0.345502, 0.150004, 0.427068, -0.00820992, -0.00708171, -0.0655766, 1
-0.566745, 0.337039, 0.627633, -0.00184872, -0.00227105, 0.00347085, 1
-0.276787, 0.626685, 0.603586, 0.00108554, -0.0100492, 0.000230137, 1
-0.48364, 0.622285, 0.326503, -0.00284726, 0.0450052, -0.00496746, 1
-0.257997, 0.307677, 0.584816, -0.000337811, 0.00151934, 0.0043679, 1
-0.505085, -0.523536, 0.628652, -0.0325691, 0.049541, 0.0746903, 1
-0.451988, -0.575864, 0.476519, 0.0576141, -0.0451827, 0.0342348, 1
0.400455, -0.216354, 0.330556, -0.0329074, 0.00371412, -0.0400486, 1
0.211094, -0.12467, 0.361809, 0.00649302, -0.00433555, 0.0303746, 1
0.0280605, -0.603273, 0.620206, 0.000358272, 0.000371833, 0.00198577, 1
0.357631, -0.318812, 0.500216, -0.00307509, -0.0801392, -0.0454196, 1
-0.453951, -0.255594, 0.426985, -0.105458, -0.115386, -0.131934, 1
-0.463275, 0.0975825, 0.426165, -0.00205388, 0.0148681, 0.0102897, 1
-0.568783, 0.243906, 0.424246, -0.00128207, -0.00427343, 0.0055965, 1
-0.5227, 0.615872, 0.343674, -0.0191525, 0.0253549, 0.00837427, 1
0.556637, -0.519177, 0.370281, 0.0100108, -0.032265, -0.0183462, 1
0.551393, -0.341201, 0.383806, 0.0325191, -0.024993, 0.00969247, 1
-0.0623834, -0.570709, 0.487208, 0.0240617, -0.0245147, 0.00609104, 1
-8.77095e-05, 0.270348, 0.613532, 0.0890045, -0.000899284, 0.0352822, 1
0.187221, -0.331555, 0.620204, 0.000753528, 0.00301095, 0.00152556, 1
0.148191, -0.603888, 0.383011, 0.00351419, 0.00123922, 0.00511447, 1
-0.370798, -0.427875, 0.476603, -0.0490273, -0.000587262, -0.00250946, 1
0.0772153, -0.261187, 0.343508, -0.102101, 0.0265089, -0.0148227, 1
0.52195, -0.200006, 0.561975, -0.00479876, -0.0347928, -0.0115863, 1
-0.30092, -0.0927429, 0.558452, -0.0112016, 0.00700612, 0.0110839, 1
-0.186149, -0.166069, 0.586149, -0.00872074, -0.00343749, -0.000261901, 1
0.0350487, -0.244639, 0.343358, 0.0924317, -0.0585275, 0.0084347, 1
0.310347, 0.322941, 0.358171, 8.28506e-05, 0.00822455, -0.00303625, 1
-0.260673, -0.30711, 0.583249, -0.000547725, -0.000395107, 0.00127166, 1
-0.326399, 0.510074, 0.34287, -0.00490787, 0.000938047, -0.0031564, 1
-0.365436, 0.0283014, 0.349389, 0.0378471, 0.116541, 0.0164852, 1
-0.0933203, 0.287467, 0.399911, -0.0634044, 0.000316877, -0.0198509, 1
0.553165, -0.265281, 0.492105, 0.00200494, 0.000581262, 0.00165337, 1
-0.592658, -0.373294, 0.599594, 0.000107596, 0.000641596, 0.000621357, 1
0.395315, -0.0442508, 0.418917, 0.00287168, 0.00199994, -0.000743483, 1
0.10927, 0.399563, 0.534891, -0.0209775, -0.0231005, 0.0145841, 1
-0.0659881, -0.195351, 0.31624, 0.000934645, -0.0040787, 0.00205399, 1
0.0475164, -0.514968, 0.554466, 0.0480082, -0.0386141, -0.00706141, 1
0.220275, -0.145678, 0.320198, 0.00230408, -0.0176146, -0.0173733, 1
0.0334181, 0.157886, 0.605207, -0.000947922, 0.00064392, 0.00162786, 1
0.144969, 0.422414, 0.454792, -0.0199298, -0.148832, -0.130609, 1
0.282597, -0.30087, 0.369168, 0.00143687, -0.0094243, -0.00837043, 1
0.622312, -0.377669, 0.460338, 0.0141433, 0.00438826, 0.0108465, 1
0.0708774, -0.340363, 0.524505, 0.00768166, -0.0464244, 0.059306, 1
-0.0506003, -0.575011, 0.355952, -0.00168356, -0.00208358, 0.000931342, 1
0.365143, 0.164222, 0.613334, -0.00650784, -0.0355937, 0.0244259, 1
-0.0151471, -0.531729, 0.407005, -0.0262534, -0.0675011, 0.0256841, 1
-0.0101125, 0.145751, 0.435754, 0.00187126, 0.00126519, -0.00136421, 1
-0.3121, -0.263938, 0.556825, 0.00533921, 0.000245346, 0.0039842, 1
-0.291235, 0.399444, 0.438806, 0.0539393, 0.00892946, 0.271724, 1
-0.39026, -0.0855503, 0.386918, 0.0211432, 0.0183816, -0.070995, 1
0.168981, -0.432917, 0.469191, 0.000375875, 0.000484337, -0.00167619, 1
0.385725, -0.440568, 0.532265, 0.000109579, 0.00131326, -0.00215816, 1
-0.292776, 0.260272, 0.604665, -0.00390607, 0.00544942, 0.0100324, 1
0.545319, -0.420291, 0.618403, -0.00110105, 0.000683412, 0.000777032, 1
-0.550727, 0.574815, 0.501968, 0.075869, -0.133488, 0.0723435, 1
-0.617247, -0.0702958, 0.526527, -0.0489433, 0.0190034, -0.0411374, 1
-0.249154, 0.549555, 0.405473, 0.00805509, 0.140354, 0.0345762, 1
0.233933, -0.392509, 0.49698, -0.0166611, -0.00439283, -0.00671507, 1
-0.0586208, -0.0537805, 0.43935, 0.255874, 0.178561, 0.0605334, 1
0.436675, 0.185923, 0.575453, 0.0132074, -0.00998032, -0.00152078, 1
-0.535507, -0.275059, 0.624715, -0.0025539, -0.0070344, 0.0112453, 1
0.0813322, -0.519298, 0.357082, 0.0101133, 0.0121509, -0.00318373, 1
-0.309461, -0.18211, 0.579641, -0.0684338, -0.0470862, 0.00986854, 1
-0.410654, -0.266755, 0.317077, -0.00435544, 0.0151432, -0.00694136, 1
-0.456895, -0.187519, 0.618272, 0.0545943, 0.0807721, 0.135702, 1
0.29105, -0.174802, 0.443207, 0.00831274, 0.0219865, 0.00368263, 1
-0.122697, 0.206007, 0.423105, 0.0787936, -0.0549369, -0.100438, 1
0.239269, -0.190023, 0.482468, -0.0409188, 0.0796434, -0.116324, 1
-0.292666, 0.381319, 0.626514, 0.00321565, -0.00419634, 0.00381095, 1
0.204806, 0.18803, 0.515504, 0.0428341, -0.156263, 0.0224488, 1
-0.0132351, 0.282487, 0.60423, 0.0872796, 0.0742159, 0.0251557, 1
-0.0342302, -0.266144, 0.316915, -0.0225625, -0.019392, -0.0406234, 1
0.13417, 0.0543581, 0.428878, 0.260335, 0.096198, 0.204533, 1
-0.0671211, 0.273668, 0.51968, 0.0392522, 0.046592, 0.0104167, 1
-0.0587398, 0.446736, 0.31531, 0.00301298, -0.107591, -0.0890031, 1
-0.105507, 0.107823, 0.4291, 0.00885275, -0.034834, -0.0369042, 1
0.407393, 0.615089, 0.323111, 5.23755e-05, -0.00523678, 0.00027372, 1
-0.420042, 0.224395, 0.433096, -0.0088101, 0.0101321, -0.00333194, 1
0.249905, 0.561692, 0.370935, -0.00175714, 0.00731012, 0.0358146, 1
0.236108, 0.136535, 0.575433, -0.0170184, 0.0307174, 0.0464354, 1
-0.221729, -0.506663, 0.488564, 0.318095, -0.00689352, -0.234363, 1
-0.324662, 0.0890699, 0.579519, -0.0246042, -0.0452723, 0.0348184, 1
-0.316929, -0.406724, 0.435618, 0.0242809, -0.00426064, -0.0292455, 1
0.138657, 0.156119, 0.346544, 0.106028, -0.0313677, -0.0187864, 1
-0.302475, -0.532585, 0.615719, -0.000488829, -0.00395829, 0.00444142, 1
-0.301162, -0.00812828, 0.485184, -0.00411781, 0.0191398, 0.012806, 1
0.155311, -0.230699, 0.481465, -0.126004, 0.287332, 0.721119, 1
0.187828, -0.0207767, 0.380073, 0.0129667, -0.0151775, -0.00105748, 1
-0.599642, -0.400835, 0.363005, -0.00576529, -0.00419291, -0.011915, 1
-0.375829, 0.465236, 0.55463, 0.0246915, 6.12963e-05, -0.0055305, 1
-0.59395, -0.386456, 0.585455, -0.00190717, 0.00152138, 0.00516085, 1
0.10038, -0.0811548, 0.450231, 0.0383957, -0.0096936, -0.022107, 1
-0.101397, 0.23188, 0.506041, 0.101509, -0.0145525, 0.169491, 1
0.381147, -0.259426, 0.38758, -0.0176512, -0.0217753, -0.00233514, 1
0.507395, 0.0680622, 0.411925, 0.0122216, 0.00216504, 0.011349, 1
0.450415, 0.396863, 0.567384, 0.00108463, -0.0125506, 0.00626465, 1
-0.128704, -0.0777889, 0.352218, -0.0112802, -0.000335495, -0.00175469, 1
0.537229, -0.519924, 0.504515, 0.00221914, -0.00671552, 0.0108303, 1
-0.462334, -0.489602, 0.561797, 0.00866306, 0.013342, -0.0245154, 1
-0.270241, -0.235468, 0.520615, -0.0169337, 0.00318151, 0.00113174, 1
-0.571576, -0.199454, 0.581492, -0.0856694, 0.0115054, 0.00524495, 1
0.510316, 0.53089, 0.403712, 0.0116096, 0.00328636, 0.0369501, 1
-0.208613, -0.200471, 0.619173, 0.00172372, 0.00487335, 0.0127297, 1
0.555625, -0.449288, 0.396826, -0.0236048, 0.028914, 0.0195352, 1
-0.413908, -0.571857, 0.571332, -0.0285335, -0.0173671, -0.0718117, 1
-0.0261361, 0.508522, 0.513057, 0.00572024, -0.0213939, -0.00575262, 1
-0.276456, -0.250146, 0.336119, 0.0247952, -0.0265203, -0.0362362, 1
-0.12751, -0.34288, 0.363629, -0.00163941, 0.00680342, -0.00669611, 1
-0.629305, -0.17525, 0.398719, -0.05349, 0.0270687, -0.0169641, 1
0.357955, 0.184472, 0.497343, -0.0102316, -0.00285179, -0.0023831, 1
-0.0794382, 0.24286, 0.60497, 0.00355338, -0.113127, 0.117821, 1
-0.273325, 0.123213, 0.580202, 0.0359837, 0.0230868, 0.0121203, 1
0.0815977, 0.544563, 0.372593, 0.0114083, -0.00482617, -0.00601949, 1
0.0384363, 0.470225, 0.417762, 0.0430554, 0.0413077, 0.0185235, 1
0.365812, -0.573646, 0.432289, 0.00191466, -0.0153073, -0.0292812, 1
0.131286, 0.0301812, 0.401928, 0.367943, -0.180173, -0.00253364, 1
-0.336339, 0.383689, 0.496883, -0.0597505, -0.042357, 0.00152774, 1
-0.251791, -0.373785, 0.568654, -0.000416794, 0.00412388, 0.0043481, 1
-0.0572024, -0.373127, 0.36735, 0.0093741, 0.00193223, 0.0012509, 1
0.277747, 0.614792, 0.570959, -5.48872e-05, 0.0106091, -0.0222624, 1
-0.252736, -0.0946096, 0.474183, -0.0196789, -0.049114, 0.0118644, 1
-0.352709, 0.262029, 0.347495, -0.00106952, 0.00144999, -0.00341097, 1
-0.551756, -0.286336, 0.326145, 0.0149375, 0.0126593, 0.0274832, 1
-0.321311, 0.382063, 0.601193, 0.00711209, 0.00152278, 0.00942191, 1
0.0898102, 0.117912, 0.615272, 0.000266232, 4.04187e-05, 0.00262892, 1
0.559038, -0.380765, 0.465326, -0.0148861, -0.00687076, -0.000859684, 1
-0.353103, -0.0871415, 0.403758, 0.0759316, 0.0274382, 0.0312942, 1
0.374501, 0.291031, 0.467802, -0.0178004, -0.0287678, 0.150179, 1
0.129261, -0.396135, 0.532012, 0.00106745, 0.000612898, -0.00221546, 1
0.338734, 0.511576, 0.528219, 0.0473459, 0.00799786, -0.0401685, 1
0.102717, -0.371123, 0.347075, 0.00368428, -0.0157207, 0.00946266, 1
-0.520405, -0.0938687, 0.570074, -0.00899524, 0.00487441, 0.0187321, 1
-0.39035, -0.0156611, 0.340999, 0.108383, -0.101978, -0.056724, 1
-0.345695, 0.292992, 0.594005, 0.0151659, -0.0214209, 0.0224488, 1
-0.460778, -0.247161, 0.465992, -0.147985, -0.15211, 0.0832271, 1
-0.519545, -0.318087, 0.528292, -0.0165255, -0.112959, 0.0584223, 1
0.0818339, -0.041227, 0.349016, -0.0220431, -0.0300684, -0.00774438, 1
0.436938, -0.29669, 0.579264, 0.000279035, -0.00309826, 0.0116656, 1
-0.211706, 0.462535, 0.32274, 0.00157063, -0.00477642, -0.00625156, 1
-0.603514, 0.171305, 0.608125, -0.00246882, -0.00717366, 0.00019251, 1
0.249434, -0.355941, 0.357853, -0.0205106, 0.0309694, -0.0265334, 1
0.377809, -0.246383, 0.491877, 0.0126049, 0.028915, -0.00207548, 1
0.13825, -0.00676899, 0.33047, 0.0311357, -0.0237776, -0.037119, 1
0.242317, 0.277499, 0.561209, -0.00119904, 0.00896935, 0.00808762, 1
0.0984848, 0.446684, 0.341928, 0.0638299, 0.0457394, -0.00185537, 1
-0.5574, 0.557103, 0.419897, -0.00748014, -0.0108674, -0.0169362, 1
0.295841, 0.00897375, 0.567081, -0.0179305, -0.0126702, -0.00678391, 1
0.431977, -0.184052, 0.335418, 0.0297747, 0.0367362, 0.00326755, 1
0.22918, 0.234205, 0.608542, 0.00258512, -0.000541621, 0.0077284, 1
0.260212, 0.260655, 0.493878, 0.0651078, -0.0205196, -0.0105547, 1
0.172857, -0.119875, 0.562383, -0.0201536, 0.0517819, 0.0240192, 1
0.344342, -0.372029, 0.343297, 0.0190471, 0.0165233, -0.0242378, 1
-0.208006, 0.396184, 0.499095, -0.527987, -0.059831, -0.306988, 1
-0.146051, 0.00853775, 0.410979, 0.0203704, -0.043277, -0.0114445, 1
-0.421068, -0.522941, 0.36516, -0.0332293, -0.00312193, -0.0335536, 1
-0.313283, -0.450377, 0.346945, 0.0016881, -0.00844075, -0.000713677, 1
0.106379, 0.475427, 0.506679, -0.069224, 0.046228, 0.0171362, 1
-0.14515, 0.277441, 0.618157, -0.138099, 0.0801979, 0.265147, 1
-0.0634056, -0.123343, 0.519217, -0.00513173, 0.0919905, 0.075408, 1
-0.14909, -0.493094, 0.42689, 0.00806659, -0.00513685, -0.00016076, 1
0.566495, 0.309727, 0.554412, -0.139045, -0.192778, -0.112235, 1
0.296175, 0.0241047, 0.618896, -0.0113792, 0.0164589, 0.0130451, 1
0.409435, 0.446062, 0.560451, -0.00246097, -0.0109108, -0.0168332, 1
-0.114037, -0.329952, 0.405095, 0.0083225, 0.00377136, -0.016162, 1
0.269954, -0.121057, 0.43185, -0.00194108, 0.00583392, -0.00305667, 1
0.470666, 0.195624, 0.476747, 0.0198447, -0.0167561, 0.00656504, 1
0.598518, -0.327961, 0.438113, 0.0086092, 0.0154148, -0.0255547, 1
0.10538, 0.156852, 0.349982, -0.0429409, -0.0293787, -0.0222589, 1
0.0581535, -0.536517, 0.476637, -0.0314929, 0.03379, -0.0370897, 1
-0.384831, -0.055643, 0.510855, 0.0709531, -0.0823819, -0.0202189, 1
0.0628026, -0.119112, 0.430795, -0.000163762, 0.00977618, -0.0278535, 1
-0.239402, -0.452901, 0.594312, -0.0179138, 0.0742478, 0.0528022, 1
-0.283672, 0.586498, 0.548337, 0.00517522, -0.0007953, -0.000611142, 1
-0.561722, -0.157502, 0.62334, -0.00351062, 0.0107144, 0.0152337, 1
-0.201271, -0.517511, 0.435585, 0.0828225, -0.0121903, -0.0514694, 1
0.266203, 0.583119, 0.327, 0.0195812, 0.0312755, -0.0210318, 1
-0.346663, 0.551673, 0.402501, 0.0061411, 0.00128492, -0.00258471, 1
0.145861, 0.0270896, 0.599204, 0.0119126, 0.0767125, 0.076001, 1
0.285862, -0.54472, 0.622566, -0.000501189, -0.00350136, 0.00133811, 1
-0.327442, -0.299588, 0.451165, -0.0101964, 0.00507616, -0.0171595, 1
0.456049, 0.393178, 0.578877, 0.015025, -0.0217148, 0.0220792, 1
-0.340623, -0.476187, 0.623143, 0.00236025, -0.00646204, 0.0286083, 1
-0.483227, -0.129896, 0.612277, -0.00408241, 0.0327429, 0.0275067, 1
0.450195, -0.0616545, 0.415411, -0.00182924, -0.000829338, -0.00017466, 1
0.423701, 0.367038, 0.443524, -0.144648, 0.390593, -0.423481, 1
-0.353814, 0.00327812, 0.431813, -0.00189788, 0.00414085, 0.000360702, 1
-0.305741, 0.286578, 0.41224, 0.00865404, 0.00779495, -0.00444183, 1
0.0443338, -0.197524, 0.576503, 0.0340638, -0.00354202, 0.000789129, 1
-0.0787021, -0.541625, 0.597814, 0.0156277, -0.0143171, 0.00300075, 1
-0.108291, -0.239104, 0.365426, -0.00043698, -0.000674242, -0.00135562, 1
0.43644, -0.413018, 0.621212, -0.00221653, 0.00449322, 0.00836656, 1
0.232096, -0.123678, 0.344674, 0.0154168, 0.00226012, 0.00217532, 1
0.204815, 0.0230585, 0.469691, 0.0594435, 0.0330721, -0.14161, 1
0.134069, -0.15671, 0.611768, -0.00441551, -0.00432188, 0.00457157, 1
0.535785, -0.362973, 0.546037, 0.000655993, -0.00215712, -0.0027504, 1
-0.209974, -0.0868238, 0.389365, 0.0310074, -0.00316035, -0.00847175, 1
0.257349, 0.237398, 0.618501, 0.0065521, 0.000680255, 0.00667644, 1
-0.613545, -0.348231, 0.411629, -0.141837, -0.0763226, -0.159393, 1
0.432541, 0.20303, 0.433713, 0.00257617, -0.00806771, -0.023095, 1
0.303943, -0.535225, 0.531428, 0.0300876, -0.0524445, 0.0269004, 1
0.505721, 0.531179, 0.585665, -0.0179782, 0.0189375, 0.0148045, 1
0.470714, 0.133312, 0.397254, 0.00324732, 0.0174634, 0.0261629, 1
0.589483, -0.291836, 0.56051, -0.0104045, 0.00220022, 0.00270446, 1
-0.0516078, 0.472196, 0.363841, 0.109586, -0.250692, -0.0167717, 1
-0.124389, 0.378017, 0.430589, 0.159091, 0.107016, -0.144568, 1
-0.460096, -0.461921, 0.566374, 0.0138477, 0.00741545, -0.0132198, 1
-0.162561, 0.425392, 0.468232, 0.0219676, 0.437579, -0.269668, 1
-0.208412, 0.44181, 0.538665, -0.183663, 0.305336, 0.109866, 1
0.178177, 0.244388, 0.431932, 0.123661, -0.0350678, 0.00302738, 1
-0.606822, -0.0816325, 0.455617, -0.00200095, -0.0135209, -0.004218, 1
0.258964, -0.205875, 0.430921, 0.119119, 0.0210047, 0.153686, 1
0.0817681, -0.365124, 0.621739, 0.00740418, 0.00807369, 0.00408281, 1
0.410858, -0.405605, 0.391289, 0.00204448, 0.00915978, -0.00563709, 1
0.133043, 0.172751, 0.351848, 0.10648, 0.0359961, 0.00294901, 1
0.328481, -0.581602, 0.603843, 0.000357831, 0.000404482, 0.000260135, 1
-0.469018, -0.411735, 0.330872, 0.00183228, 0.00571838, -0.00632169, 1
0.53655, 0.0556673, 0.594711, 0.0240256, 0.0100173, 0.0304996, 1
-0.110374, 0.477219, 0.547672, 0.0231455, 0.0368996, -0.00630042, 1
-0.475566, 0.0254331, 0.451278, -0.020161, 0.00258355, 0.0169839, 1
-0.00776434, 0.048574, 0.588361, -0.00162236, -0.00303322, 0.00392922, 1
0.554776, -0.322426, 0.379401, 0.0401728, 0.00840319, 0.00909532, 1
-0.241396, 0.389306, 0.445611, 0.131586, -0.159809, -0.07611, 1
-0.274292, 0.1702, 0.501701, -0.193949, 0.156181, 0.149041, 1
0.0309386, -0.32672, 0.387398, -0.00912745, -0.0150281, -0.00330217, 1
0.178402, -0.628203, 0.399488, 0.000517925, 0.0110033, -0.00016039, 1
0.0739191, -0.467257, 0.454045, 0.00213597, -0.0080072, -0.0222995, 1
0.137479, -0.56067, 0.625453, -1.3133e-05, -2.44069e-06, -0.000221591, 1
-0.00353246, -0.0410806, 0.587267, -0.0139849, 0.00478321, 0.0116455, 1
-0.332697, 0.113317, 0.436134, 0.0784332, -0.153401, -0.0456607, 1
0.212489, -0.524411, 0.605768, -0.00350938, -0.00744449, 0.00549657, 1
0.0460786, -0.599598, 0.367671, -0.00901341, -0.00618773, 0.00132051, 1
0.303757, -0.211031, 0.622489, -0.00150233, -6.43065e-05, 0.00516293, 1
-0.433652, 0.144641, 0.507548, -0.0702799, -0.0438244, 0.00935111, 1
0.313225, -0.454384, 0.583359, 0.107996, 0.117491, 0.0632045, 1
0.602888, 0.353981, 0.583799, 0.0417009, 0.203714, 0.204111, 1
-0.319014, -0.202063, 0.624475, -0.0198613, -0.0299843, 0.0362426, 1
0.237239, 0.565379, 0.326817, -0.019524, -0.00454322, -0.02876, 1
0.219196, -0.0681164, 0.474038, 0.0221024, 0.0076952, -0.0180236, 1
0.0484093, 0.22915, 0.344876, -0.155921, -0.127724, -0.190668, 1
0.533019, -0.188325, 0.371264, -0.0826567, 0.0126054, 0.0424685, 1
0.436239, 0.487717, 0.378855, 0.0103257, -0.0506417, 0.0368085, 1
-0.61293, 0.161511, 0.483589, 0.00228281, 0.00352418, -0.00192761, 1
0.617097, 0.357823, 0.362258, -0.00635446, -1.40985e-06, -0.000253172, 1
0.127434, 0.0410839, 0.406153, 0.375296, -0.00532004, 0.0130505, 1
-0.0589851, 0.0140088, 0.337157, 0.00275956, 0.00801928, 0.00503392, 1
-0.243644, 0.324958, 0.444132, -0.0373433, -0.0169194, -0.0287927, 1
-0.265597, -0.0677657, 0.427986, -0.0232929, -0.00628867, -0.0322892, 1
-0.218256, -0.478533, 0.568448, 0.0160515, 0.089819, 0.113814, 1
0.417967, 0.19984, 0.468245, -0.0145304, -0.0187702, -0.00367027, 1
0.537544, 0.102895, 0.578654, -0.0115978, -0.0084136, 0.0175968, 1
-0.497253, -0.0908293, 0.543092, -0.00532327, 0.0221904, 0.0234519, 1
-0.241759, -0.0737962, 0.425979, 0.00753226, 0.00109945, -0.0269102, 1
0.432669, -0.0866628, 0.357944, -7.49734e-05, 9.59868e-05, -0.000876058, 1
0.621774, -0.589192, 0.525706, -0.00491638, -0.000847305, 0.00812811, 1
-0.273469, -0.0182136, 0.371717, 0.00395828, 0.000731331, 0.0121953, 1
-0.184767, 0.368106, 0.610448, 0.00203452, -0.00504831, 0.0311388, 1
0.331836, -0.527454, 0.436015, -0.00966059, 0.00754764, -0.0105333, 1
-0.476073, -0.115747, 0.473873, 0.00783504, 0.0367589, -0.0351713, 1
0.537793, -0.327743, 0.366342, 0.0368513, -0.0117333, -0.00955855, 1
-0.109083, -0.420163, 0.549557, -0.00293196, 0.00321038, -0.00332961, 1
-0.31432, -0.287453, 0.369359, -0.00995411, -0.0226677, 0.00961684, 1
0.598123, 0.100752, 0.508401, 0.0111734, 0.0794362, -0.0829904, 1
-0.217814, -0.096542, 0.329244, 0.0236834, -0.0102948, -0.00702076, 1
-0.0459645, -0.104732, 0.339437, 0.0216315, 0.00311964, -0.0144596, 1
-0.462995, 0.251763, 0.492374, -0.00300379, -0.00808655, -0.010939, 1
-0.236053, -0.562967, 0.42691, 0.00545124, -0.0445996, -0.020853, 1
-0.314116, 0.398832, 0.452537, -0.400859, 0.00363777, 0.314801, 1
0.170018, 0.552723, 0.581091, -0.00578606, -0.00764094, 0.00462467, 1
-0.454343, 0.460552, 0.341665, -0.0058276, -0.00384159, -0.0124367, 1
-0.248901, -0.278494, 0.394115, -5.1001e-05, -0.0102401, -0.00277794, 1
-0.570527, 0.03715, 0.479743, 0.00922958, 0.0160414, -0.0026753, 1
-0.353019, 0.00530969, 0.34744, 0.0628863, -0.0373806, 0.0390943, 1
0.420656, 0.417459, 0.480795, -0.0137388, 0.113041, 0.0406952, 1
0.477705, -0.258469, 0.612103, 0.00240613, -0.00152841, 0.00369244, 1
0.575525, -0.0915, 0.517553, 0.0140019, 0.0286127, -0.00115961, 1
0.0251688, 0.302411, 0.534302, 0.0593837, -0.108811, 0.0182889, 1
0.472882, 0.618258, 0.47652, -0.0025808, 0.0213601, -0.00364702, 1
-0.236823, 0.158313, 0.457209, -0.188415, 0.328811, -0.58895, 1
-0.432311, 0.333933, 0.414857, 0.00111034, -8.04901e-05, -0.00381628, 1
-0.325579, -0.544932, 0.502724, -0.076738, -0.0318467, 0.0198576, 1
-0.00904663, -0.485496, 0.354521, 0.0124355, 0.0127066, -0.0396784, 1
-0.60993, -0.208552, 0.513339, -0.00457809, 0.00131244, -0.00100236, 1
-0.480097, -0.41786, 0.460213, 0.0129552, -0.0180087, -0.0120304, 1
0.183157, -0.570118, 0.553087, -0.0219236, -0.0105664, 0.0229394, 1
0.111716, -0.624557, 0.372721, -0.000146657, -0.000611077, 0.00914785, 1
-0.337925, 0.0305756, 0.605814, -0.00489361, 0.00334283, 0.0050734, 1
0.539357, -0.126506, 0.602888, 0.0403284, -0.0192788, 0.0201086, 1
-0.0744185, 0.266634, 0.484975, 0.219628, 0.00863878, -0.0744516, 1
0.494492, 0.464286, 0.410968, 0.0151803, -0.0186476, 0.0131687, 1
-0.365934, -0.491257, 0.432226, -0.0293552, -0.0102952, 0.0084005, 1
0.385035, 0.12966, 0.468342, 0.0393487, 0.0729458, -0.0486049, 1
0.543192, 0.149694, 0.573695, -0.0408, -0.0627374, 0.0567451, 1
0.0766943, 0.29956, 0.626721, 0.0140314, -0.00175232, 0.0205315, 1
-0.602307, -0.147247, 0.326701, 0.000760476, 0.00158594, -0.0022979, 1
0.350113, 0.594433, 0.328052, 0.00314948, 0.00620671, -0.00371945, 1
0.58107, -0.373456, 0.493187, 0.00143826, -0.00849588, 0.0274366, 1
0.484474, -0.464062, 0.619051, 0.0117191, -0.00578785, 0.0229339, 1
0.376173, 0.0914827, 0.528219, 0.0974215, 0.0471349, 0.104041, 1
-0.20378, -0.0439882, 0.4868, 0.051102, 0.0431245, 0.0281827, 1
0.180164, 0.220041, 0.521477, -0.121467, 0.0967221, 0.16253, 1
-0.610788, -0.0248874, 0.396401, -0.00316608, 0.00315029, -0.0154938, 1
0.00265481, -0.111659, 0.591315, 0.00559874, 0.0152578, 0.0348931, 1
-0.222418, 0.594999, 0.508714, 0.000365725, -0.000603189, -0.000190952, 1
-0.235387, 0.622655, 0.629393, -5.1547e-05, -0.00871247, -0.000232766, 1
-0.188511, 0.342805, 0.620511, -0.00033842, -0.0126577, 0.0233926, 1
-0.136229, 0.293912, 0.369656, -0.0102718, 0.00320665, -0.009447, 1
0.576593, 0.148422, 0.411131, -0.00137157, 0.000669368, -0.00340994, 1
0.532945, -0.105368, 0.591493, 0.0352101, 0.0323163, 0.000925435, 1
0.125968, 0.320815, 0.423005, -0.053294, 0.109197, 0.0432037, 1
-0.446686, -0.128984, 0.320524, 0.0023347, -0.00186722, -0.0208337, 1
0.379293, -0.109809, 0.471793, 0.0051571, 0.0232034, -0.000190903, 1
-0.554957, 0.522809, 0.601369, 0.132581, 0.00340048, 0.12985, 1
0.550377, -0.329572, 0.592628, -0.000593989, 0.00210398, 0.00350738, 1
0.0653799, 0.0650043, 0.590801, 0.00165908, -0.00272605, 0.0162285, 1
0.0631002, 0.506456, 0.519011, 0.00129738, 0.000274974, 0.00122225, 1
0.0252897, -0.259736, 0.434998, -0.051412, -0.0024836, 0.0725178, 1
0.243987, -0.313106, 0.629595, -0.000263856, 0.000592358, 0.000260317, 1
0.628585, -0.410124, 0.445762, 0.0118718, -0.00181026, 0.0215643, 1
0.474702, 0.345808, 0.368475, 0.00398127, 0.00353138, 0.00365483, 1
-0.353132, 0.529085, 0.493719, -0.00295491, -0.00468578, -0.00238053, 1
-0.330962, 0.278415, 0.623758, -0.000679692, 0.000330807, 0.0037341, 1
0.296284, 0.353421, 0.59697, -0.011597, -0.021294, 0.00420632, 1
0.181908, 0.273834, 0.357086, -0.0399787, -0.0779756, -0.180512, 1
0.0325666, -0.290749, 0.530828, -0.0063612, 0.0241179, 0.00725185, 1
-0.124083, 0.402314, 0.499951, 0.733218, 0.00461065, -0.268999, 1
-0.567892, -0.202359, 0.592508, -0.0598237, 0.00543804, 0.0495618, 1
-0.0878252, -0.588336, 0.356741, -0.00027519, -0.000408272, 0.000754529, 1
-0.0892998, -0.589715, 0.4117, 0.000275422, -0.00110759, -0.00246453, 1
0.433821, 0.514951, 0.340661, -0.0550637, 0.0518771, -0.0654547, 1
-0.612134, -0.468144, 0.315442, 0.00326298, -0.000683629, -0.00747204, 1
0.102817, -0.169142, 0.542536, -0.0441159, 0.00410699, 0.0287284, 1
0.0779958, -0.502821, 0.473401, 0.00582415, 0.023824, -0.0239838, 1
-0.0539792, 0.30905, 0.384369, -0.14081, -0.101041, 0.143136, 1
0.114437, -0.288347, 0.469172, -0.0721584, -0.13256, 0.0430203, 1
-0.282105, 0.217533, 0.41226, 0.0298962, 0.0228356, 0.0150009, 1
0.457772, 0.279605, 0.519161, 1.83315e-05, 0.00438139, -0.00665257, 1
0.30795, -0.438184, 0.529568, 0.0833646, 0.0742952, -0.0861768, 1
0.474985, 0.10248, 0.53963, -0.00116583, 0.00180878, -0.00188775, 1
-0.398067, -0.093663, 0.510877, -0.00222446, -0.0420981, 0.0116735, 1
-0.295348, -0.0758338, 0.551331, 0.00948295, 0.0216453, 0.0110982, 1
-0.293507, -0.60298, 0.351555, -0.0195713, -0.0205451, -0.0172097, 1
0.616711, 0.104979, 0.383341, -0.0062029, -6.41958e-05, -0.000856088, 1
-0.00953913, -0.578964, 0.618094, -0.000696048, -0.0095354, 0.00470697, 1
0.268008, 0.165437, 0.388516, -0.26695, -0.0714228, 0.183655, 1
-0.375157, 0.513295, 0.60039, -0.000889521, -0.00166688, 0.00390122, 1
0.0139548, 0.341103, 0.512801, -0.00753125, 0.00184785, -0.0463152, 1
-0.429256, 0.0190892, 0.560746, 0.0273555, 0.690186, -0.394354, 1
0.429088, -0.135889, 0.428875, 0.00256654, 0.0127058, -0.00819761, 1
0.0677527, 0.0960072, 0.56295, 0.0246438, -0.0040207, 0.0338498, 1
-0.408594, 0.430623, 0.386501, -0.00332109, -0.030483, -0.0113015, 1
0.536805, -0.492848, 0.393246, -0.000626518, -0.0349301, 0.0190428, 1
-0.576829, -0.5061, 0.576982, -0.028343, -0.0358038, 0.0165891, 1
-0.303394, 0.114324, 0.589732, 0.000304913, 0.0520542, 0.0441241, 1
-0.350872, -0.247631, 0.4736, 0.018841, 0.0197147, -0.017053, 1
-0.0567343, 0.00717459, 0.444433, 0.0228722, 0.0405329, 0.017943, 1
-0.175026, -0.608834, 0.372218, 0.0225576, 0.00950941, -0.0061668, 1
0.61625, -0.408127, 0.534481, -0.00395113, -0.00201848, -0.0189741, 1
0.339379, -0.609002, 0.343018, 0.0032626, -5.77173e-05, -0.00253073, 1
-0.464975, 0.0887138, 0.524511, -0.00945062, -0.00664112, 0.0211694, 1
0.526898, 0.310083, 0.474676, 0.0104034, -0.00930745, 0.00396226, 1
-0.446953, 0.216924, 0.508954, 0.00510615, 0.025082, 0.00530712, 1
-0.133894, 0.270058, 0.53992, 0.0796132, -0.101031, -0.100493, 1
-0.34582, 0.596628, 0.41101, 0.00594134, 0.000734796, -0.00220153, 1
-0.506746, -0.384208, 0.506593, 0.0734342, -0.0856043, 0.0343797, 1
0.127729, 0.189021, 0.350896, 0.0867257, 0.0811316, -0.0191839, 1
-0.614392, -0.615969, 0.356178, -0.00222644, -0.00465577, -0.0205127, 1
-0.385446, -0.629682, 0.411638, 0.00187972, 0.00984207, -0.00098316, 1
0.492552, 0.33966, 0.416878, 0.0396493, -0.00300037, -0.0448853, 1
0.604698, 0.504649, 0.596547, 0.0302552, 0.0328485, 0.0174403, 1
0.182888, 0.401583, 0.516577, 0.0527283, -0.0933297, 0.0377595, 1
-0.438264, 0.584593, 0.413317, -0.0202227, -0.00676929, 0.0229744, 1
0.337627, -0.179265, 0.323341, 0.00954639, -0.0305832, -0.0290072, 1
-0.0225457, 0.104879, 0.315007, -0.0301404, -0.0171081, 0.0778878, 1
0.361569, 0.228096, 0.376446, 0.102129, -0.0159719, 0.0521328, 1
-0.131912, -0.274138, 0.581192, -0.00200824, -0.0284477, 0.00113886, 1
0.0117456, -0.258567, 0.584691, 0.170232, 0.027291, -0.0918106, 1
0.176532, -0.0140494, 0.584761, 0.114976, -0.0285251, 0.116371, 1
0.563156, -0.15146, 0.512185, -0.0061829, -0.0271308, -0.0100462, 1
-0.289186, -0.176726, 0.480857, -0.010776, -0.0446113, -0.0313259, 1
-0.422851, -0.623802, 0.423761, -0.000969051, 0.00800042, 0.00126037, 1
0.383531, -0.432102, 0.412419, -0.00406244, -0.00727622, 0.0135394, 1
-0.483054, 0.535489, 0.525093, 0.0124695, 0.00470629, 0.00983201, 1
-0.449617, -0.11702, 0.393822, -0.0826237, -0.0259273, 0.00749921, 1
-0.449516, -0.385415, 0.608337, 0.0249885, -0.0409718, 0.00752161, 1
-0.203659, 0.112637, 0.382312, -0.00593709, 0.0499012, -0.0407866, 1
-0.398745, -0.505581, 0.475161, -0.0049674, -0.00275355, 0.0033165, 1
-0.579836, 0.300915, 0.629139, -0.000397682, 0.00191293, 0.00184002, 1
0.499282, 0.234107, 0.433783, 0.00413628, 0.00133249, -0.00368432, 1
0.0281692, 0.574885, 0.547093, 0.0594354, -0.0555765, 0.00313005, 1
-0.568258, -0.477929, 0.548633, 0.00473185, 0.0106444, -0.0389611, 1
-0.133139, 0.535565, 0.598099, 0.00057146, -5.36481e-05, -6.89122e-05, 1
0.256609, -0.577452, 0.57448, 0.00988066, -0.000960089, 0.0185838, 1
-0.162871, -0.397106, 0.387734, -0.00486584, 0.0748043, -0.117379, 1
0.152491, -0.216659, 0.448872, -0.147393, 0.676293, -0.410606, 1
0.0659862, 0.209645, 0.31954, 0.0192717, -0.0621706, -0.171693, 1
0.335306, 0.440864, 0.350635, 0.0232525, -0.016044, -0.0309957, 1
-0.283904, 0.490992, 0.583355, -0.0141541, -0.00632254, 0.0137582, 1
-0.287199, 0.36031, 0.484391, -0.0141123, -0.149518, 0.0323909, 1
0.188008, -0.241484, 0.470621, 0.718808, 0.31622, 0.577127, 1
-0.143474, -0.179779, 0.50863, -0.00548382, 0.00229494, -0.00800002, 1
-0.468795, 0.317045, 0.48503, -0.0107537, -0.00150586, -0.00726921, 1
-0.596253, -0.0563095, 0.498158, -0.0141689, -0.0173337, -0.0125877, 1
0.441741, 0.410783, 0.556372, -0.0139176, 0.0128713, -0.0179542, 1
-0.527175, -0.0666894, 0.344717, -0.0136519, -0.0157104, -0.0178499, 1
0.0083842, 0.62926, 0.554619, -0.0358286, 0.0833554, 0.0226813, 1
0.0266165, 0.334603, 0.507344, 0.0930141, -0.0421771, -0.05568, 1
0.169231, -0.579264, 0.472601, 0.0185759, -0.0329112, -0.00825294, 1
-0.0172034, -0.2365, 0.405188, -0.0157555, 0.0573553, 0.0624499, 1
-0.599494, 0.581472, 0.502308, -0.197829, -0.0370319, -0.0206232, 1
0.0230644, -0.191966, 0.614854, 0.0315836, 0.00777075, 0.0310643, 1
-0.46227, -0.0307974, 0.536624, -0.240913, -0.223303, -0.121235, 1
0.217924, 0.0029132, 0.365056, 0.0103642, -0.000990327, -0.0053966, 1
-0.309297, -0.185309, 0.625242, -0.0219086, -0.0109584, 0.0721477, 1
-0.603662, -0.0825205, 0.451079, -0.000729751, -0.0125901, -0.00396345, 1
-0.484722, 0.555827, 0.450903, 0.02444, -0.00727079, -0.0104752, 1
0.473827, -0.0475198, 0.377063, -0.0154686, -0.0138837, 0.000759906, 1
-0.0166511, -0.508252, 0.389738, -0.0231138, -0.0210417, -0.0224054, 1
0.613826, 0.104508, 0.488104, 0.0726558, 0.0176773, -0.0774566, 1
-0.285277, 0.134977, 0.475981, -0.368364, -0.0210862, -0.0411539, 1
0.464027, -0.471922, 0.585481, -0.00420213, -0.0232922, 0.000420192, 1
0.403588, -0.304228, 0.42029, -0.0197532, -0.0223993, -0.0206009, 1
0.0302302, 0.54366, 0.57851, 0.0100659, -0.0191453, 0.0179041, 1
0.230527, -0.395601, 0.374691, -0.0424415, -0.00530923, -0.0289925, 1
0.211643, -0.369299, 0.511552, -0.00420581, -0.0025494, -0.00884733, 1
-0.503894, -0.224058, 0.493018, -0.0424581, 0.0367551, -0.0562436, 1
0.0397924, -0.380194, 0.323647, -0.00504819, -0.00325476, 0.000615636, 1
0.288119, 0.233118, 0.354075, -0.223139, 0.0782867, 0.0625303, 1
0.587146, 0.216981, 0.537693, 0.0484392, 0.0366881, -0.0210575, 1
0.0197091, 0.561667, 0.413946, -0.0454862, -0.00994619, -0.0496905, 1
-0.596219, 0.395731, 0.453457, -0.000913766, 0.0009269, 0.00212827, 1
0.485776, 0.169355, 0.534891, -0.0212459, -0.00191628, -0.0157174, 1
-0.352916, -0.430378, 0.513315, -0.0412116, 0.0231593, -0.0042233, 1
-0.558731, 0.430112, 0.571905, 0.0243121, -0.017298, 0.00732997, 1
-0.319892, 0.0117909, 0.32209, -0.0245883, -0.0250148, -0.00919606, 1
0.46639, 0.13786, 0.423566, 0.000549521, 0.000147447, 0.00215598, 1
-0.0813913, -0.452311, 0.486008, -0.00526356, 0.0166902, -0.00787027, 1
-0.0467287, 0.465771, 0.386797, 0.121288, -0.285737, 0.183219, 1
0.109645, 0.422954, 0.598533, -0.0680643, -0.0155419, 0.0092431, 1
-0.259437, -0.187301, 0.581459, 0.0984314, -0.0483736, -0.0179401, 1
0.136422, -0.153557, 0.522901, -0.0825653, 0.0702563, 0.00580327, 1
-0.569604, -0.297744, 0.407749, 0.0454875, 0.0498369, -0.0151207, 1
0.310032, -0.0206964, 0.457645, 0.0107356, 0.014949, 0.00232956, 1
-0.156562, 0.0505358, 0.407682, 0.140033, -0.0570791, -0.0424811, 1
-0.388794, 0.360607, 0.568121, -0.0227747, 0.152629, -0.0351872, 1
-0.360362, 0.197033, 0.445095, -0.0525766, 0.168724, 6.4343e-05, 1
0.0739752, -0.514321, 0.489508, -0.00170256, 0.0360687, -0.000643296, 1
-0.501845, 0.0689135, 0.44846, -0.0119905, 0.0095208, 0.00216322, 1
-0.214584, -0.451405, 0.396707, -0.00846725, -0.027904, -0.0781084, 1
-0.340306, -0.0808783, 0.507373, -0.0202906, -0.0210058, 0.0204347, 1
-0.534323, -0.574419, 0.626475, -0.0397439, -0.0405239, 0.0410725, 1
0.297353, -0.51406, 0.394548, 0.0130528, 0.00757729, -0.00330173, 1
-0.591506, 0.425936, 0.546865, -0.00704849, -0.0185521, -0.022539, 1
-0.0208528, -0.360589, 0.402008, 0.0206145, -0.0468214, -0.049796, 1
0.349949, -0.11942, 0.334669, 0.0841823, 0.0398007, -0.0413016, 1
0.102577, 0.150181, 0.541418, 0.0120678, 0.0052237, 0.00344739, 1
0.623029, -0.405807, 0.570328, 0.00893732, 0.000420872, -0.0100333, 1
0.061207, -0.277689, 0.430066, -0.0158357, -0.0710014, 0.0392734, 1
0.595119, 0.13769, 0.474705, -0.0267616, 0.0281064, -0.0496347, 1
-0.337905, 0.427348, 0.611977, -0.00284077, 0.00445913, 0.000705162, 1
0.43166, 0.522988, 0.625863, -0.00113847, -0.0112429, 0.00703004, 1
0.417705, 0.190378, 0.339857, -0.00830459, 0.0421857, 0.00510618, 1
-0.523957, 0.228836, 0.603832, 0.00814789, -0.00126385, 0.00297377, 1
0.403574, -0.421981, 0.356194, -0.000604992, 0.00408362, 0.00494771, 1
-0.508249, 0.557931, 0.483829, 0.102516, -0.0655107, -0.0124292, 1
-0.429501, 0.0305453, 0.363884, 0.27185, 0.108548, 0.00307615, 1
0.476243, 0.0236113, 0.419923, 0.0213073, 0.00354833, 0.00696751, 1
0.237703, -0.545145, 0.507991, -0.0142732, -0.00444548, -0.0303612, 1
-0.561887, -0.579989, 0.384923, -0.0588737, -0.0399695, -0.0775195, 1
0.0770077, -0.287931, 0.334269, -0.0694446, -0.0262867, -0.0769542, 1
0.00506106, -0.486234, 0.622507, 0.0357313, -0.00123045, 0.0798977, 1
-0.0113416, 0.561435, 0.512611, -0.0169368, -0.0171303, 0.00011864, 1
0.0881593, -0.592486, 0.412329, 0.00347997, -0.00398578, -0.00610363, 1
-0.0163672, 0.441052, 0.464325, -0.0360507, -0.00445702, 0.0397319, 1
0.14848, 0.562767, 0.446317, 1.12618e-05, 0.000657269, -7.78297e-05, 1
-0.436056, -0.496698, 0.611444, 0.0244785, 0.0202576, 0.0162718, 1
-0.240448, 0.609509, 0.459856, 0.000452804, -0.00322881, -0.000253508, 1
0.179316, 0.217248, 0.48106, 0.0385818, 0.00771292, -0.0834981, 1
-0.308572, 0.285324, 0.493554, 0.0172863, -0.00233738, -0.0152383, 1
-0.028807, -0.267631, 0.579062, -0.125048, -0.0610476, -0.218419, 1
0.0483429, 0.367393, 0.614994, 0.0389465, 0.00876564, 0.0351438, 1
0.0185176, -0.273912, 0.597862, 0.179038, -0.0458756, 0.0146268, 1
-0.450893, 0.444211, 0.607232, -0.0104182, -0.0101932, 0.0190921, 1
-0.0615049, -0.20212, 0.560004, -0.0235421, -0.0413675, -0.0716644, 1
0.535866, 0.576324, 0.543204, 0.00435851, 0.00811917, 0.00193892, 1
-0.198722, -0.489695, 0.576521, 0.111019, 0.0198204, 0.131947, 1
-0.272801, -0.10018, 0.571407, 0.00791069, 0.0209896, -0.0262517, 1
0.306695, -0.550827, 0.468228, 0.00262565, -0.00851386, -0.0084707, 1
-0.288918, -0.229436, 0.382069, 0.00140727, 0.0114203, 0.043969, 1
0.425371, 0.37172, 0.472652, -0.0552854, 0.454674, 0.492697, 1
0.221765, -0.2099, 0.407009, -0.0588073, 0.137152, -0.130375, 1
0.161888, 0.438581, 0.496022, 0.0726103, -0.23743, 0.0729229, 1
0.0334832, 0.617651, 0.449584, -0.00160869, 0.0473326, -0.00584393, 1
-0.0574445, -0.0738172, 0.556544, -0.00702221, 0.0418059, -0.00874309, 1
-0.337284, -0.167914, 0.543135, 0.00248537, 0.0309798, -0.055352, 1
0.575607, 0.263327, 0.578202, 0.00916127, -0.0538004, -0.00615892, 1
0.361836, 0.62049, 0.395666, 0.000369794, -0.00584289, -0.00035512, 1
0.127611, 0.297222, 0.41545, -0.103433, 0.0491934, 0.0509136, 1
-0.51933, -0.621659, 0.515582, -0.000470358, 0.00437506, 0.00379393, 1
-0.250983, 0.433675, 0.451021, -0.0221578, 0.134079, -0.0206042, 1
0.379697, 0.0254767, 0.556037, 0.050616, -0.0422622, -0.00794328, 1
-0.512122, -0.442598, 0.508191, 0.0110302, -0.0210462, -0.000845916, 1
0.212039, 0.220848, 0.505113, 0.104847, 0.0824507, -0.0172571, 1
-0.509481, -0.46656, 0.329168, -0.0232953, -0.00581809, -0.0144157, 1
0.45677, -0.17388, 0.44468, 0.0201024, 0.00378229, 0.00433874, 1
0.109454, -0.228237, 0.353021, 0.00834096, 0.0772405, 0.0645218, 1
-0.0975932, -0.496364, 0.350653, -0.0168606, 0.00154821, 0.00283796, 1
0.225143, 0.261211, 0.582449, -0.0107313, 0.00264001, 0.00346193, 1
0.627015, 0.371844, 0.584525, 0.205454, 0.179381, 0.104189, 1
0.169488, -0.509102, 0.535453, -0.0102647, 0.036417, 0.0300579, 1
-0.546282, 0.500558, 0.384332, -0.0109851, -0.0152921, 0.00672731, 1
0.417938, 0.6184, 0.431173, -0.00228135, -0.00669642, -0.00216495, 1
-0.0691512, 0.200476, 0.328894, 0.00372858, -0.00321507, 0.00675101, 1
-0.568553, 0.320958, 0.369745, -0.0250125, 0.0269087, -0.0211226, 1
-0.511808, 0.147765, 0.483766, -0.0692857, -0.0363961, -0.0541253, 1
0.0069854, -0.372745, 0.584198, 0.0367548, -0.0102335, 0.0495315, 1
0.159143, 0.159626, 0.617598, -0.0210841, -0.00309607, 0.0226216, 1
0.301828, -0.245195, 0.525409, 0.30146, -0.0839242, -0.0898493, 1
0.111771, -0.248143, 0.46088, -0.37238, -0.199689, 0.0701682, 1
-0.0699812, 0.551308, 0.491095, -0.0219985, 0.0167222, 0.021725, 1
-0.448021, -0.624937, 0.458744, 0.0056145, 0.00375673, 0.00104361, 1
-0.170621, 0.422964, 0.455853, -0.0450485, 0.227397, -0.248527, 1
0.294144, -0.27615, 0.348481, 0.00165456, -0.0074404, -0.0123507, 1
0.349794, -0.21474, 0.586212, -0.00249313, -0.00859086, 0.0315292, 1
0.568848, -0.0965844, 0.465662, 0.0174311, -0.00679808, -0.0211877, 1
-0.0159418, 0.540364, 0.529967, -0.00444184, -0.0234071, 0.0069209, 1
-0.199005, 0.069544, 0.412382, -0.0848628, 0.0758883, -0.0566215, 1
-0.248468, -0.258592, 0.508574, -0.0435479, 0.00467075, 0.00708846, 1
0.593243, 0.483142, 0.604029, 0.00618675, -0.0134621, 0.0222413, 1
-0.0830915, -0.216802, 0.584365, -0.0151199, -0.0925225, 0.0784952, 1
0.621362, -0.0348601, 0.585622, -0.00803679, 1.60729e-05, -8.85423e-05, 1
-0.0635159, 0.424482, 0.533872, -2.00665e-05, 0.00609981, -0.00545576, 1
0.49997, 0.0886626, 0.622326, -0.00386067, 0.00725915, 0.0059311, 1
-0.625959, -0.191507, 0.41115, -0.0674264, -0.0241072, 0.0264418, 1
0.45896, -0.252623, 0.544495, 0.0095211, -0.00412619, 0.00162157, 1
-0.198247, 0.361399, 0.522095, -0.283601, -0.411743, 0.243178, 1
-0.598234, -0.467569, 0.38199, -0.0367836, 0.253266, -0.255176, 1
-0.208633, -0.086073, 0.474833, 0.0377778, -0.0323364, 0.00270321, 1
0.565737, -0.122793, 0.438128, 0.00175849, -0.00791027, -0.00353023, 1
0.462001, 0.424079, 0.541418, 0.0154881, 0.0293122, -0.0161939, 1
0.279609, 0.415478, 0.375212, -0.0186904, -0.0159731, 0.00592499, 1
0.102243, -0.278002, 0.323842, 0.0423032, -0.0245428, -0.145971, 1
-0.282121, -0.407995, 0.503498, 0.00383783, 0.0091255, -0.00246205, 1
-0.312673, -0.403991, 0.613112, 0.00277794, 0.00767947, 0.00343187, 1
0.0719994, -0.574995, 0.392466, -0.00109728, -0.00629494, 0.0124776, 1
-0.269876, -0.143278, 0.325325, -0.00214268, -0.00838972, -0.00365732, 1
0.558576, -0.111549, 0.365923, 0.000439455, 0.00281449, -0.00327078, 1
-0.433318, 0.309782, 0.501896, -0.0120234, -0.00404418, -0.0430305, 1
0.206087, 0.245556, 0.628689, -0.00366973, 0.00494952, 0.00627222, 1
-0.561256, 0.0775932, 0.577218, -0.0202946, -0.0164785, 0.0136261, 1
0.344489, -0.272761, 0.523596, 0.0802025, 0.0649544, 0.0232425, 1
0.58541, 0.459445, 0.611587, -0.0103015, -0.0353722, 0.0205847, 1
0.62085, -0.45264, 0.352097, 0.0505722, 0.0123555, -0.0366665, 1
0.114989, -0.135349, 0.40859, 0.0313159, 0.00514093, 0.00952465, 1
0.0475846, 0.566614, 0.422332, 0.0526955, -0.00645833, -0.0277084, 1
0.357521, -0.333226, 0.544004, 0.0192227, -0.0363827, 0.0574753, 1
0.398893, -0.404613, 0.358625, 0.000139183, 0.00909164, -0.00176436, 1
0.60266, -0.207967, 0.593562, 0.00828444, -0.0132999, -0.00645776, 1
0.0903907, 0.628083, 0.49746, 0.00458012, -0.00943269, -1.44641e-05, 1
0.0852916, -0.563136, 0.359367, -0.00418602, 0.0123901, 0.0250544, 1
-0.125692, 0.411316, 0.448668, 0.196722, 0.182311, -0.123839, 1
-0.551162, 0.366762, 0.406038, 0.00527522, 0.00982271, 0.00652148, 1
-0.624669, 0.357649, 0.450369, 0.00841143, -0.00110042, 0.000196612, 1
-0.476209, -0.157326, 0.574023, 0.0126396, 0.115921, 0.0141494, 1
-0.101776, 0.520222, 0.558186, -0.00413146, -0.000313458, 0.00449254, 1
0.327625, 0.24778, 0.317388, 0.0863008, 0.0643876, -0.301244, 1
-0.0162142, 0.0167101, 0.373726, 0.00991765, 0.00713624, -0.00275005, 1
0.158361, -0.010593, 0.479225, -0.00314419, -0.147945, -0.0822065, 1
0.0127545, -0.550166, 0.478755, -0.0321343, 0.00119957, -0.00251483, 1
-0.517259, 0.165089, 0.495462, -0.121222, 0.121273, 0.0752398, 1
-0.339716, -0.590566, 0.4408, -0.0081316, -0.0110477, 0.00767612, 1
0.195029, -0.511764, 0.374999, -0.0261915, -0.00447327, -0.00361604, 1
0.559255, -0.50647, 0.621903, -0.00207801, -0.00254593, 0.00298467, 1
-0.159121, -0.352716, 0.42508, -0.0230494, 0.0509921, -0.0145636, 1
-0.382883, 0.175472, 0.397645, -0.105091, 0.0372476, -0.0532577, 1
0.589933, -0.126866, 0.617081, 0.00990952, 0.00513687, 0.00543445, 1
0.599558, 0.486883, 0.463768, -0.00131152, 4.513e-07, -0.000247358, 1
-0.425392, 0.0152804, 0.61861, 0.0499579, 0.0636831, 0.486058, 1
0.231581, -0.601929, 0.323578, -0.00382853, -0.000572819, -0.00284054, 1
-0.373254, -0.489224, 0.522341, -0.0319402, 0.0173169, -0.0359483, 1
0.348666, -0.198977, 0.53219, -0.0150222, -0.0385153, 0.00190435, 1
-0.407989, 0.626015, 0.56174, -0.000534792, -0.010239, -0.000160682, 1
-0.167918, 0.555307, 0.592613, 0.0010054, -0.000195907, -0.000966366, 1
-0.200161, -0.233778, 0.346944, -0.0435716, -0.0624428, -0.0550425, 1
0.240233, 0.013303, 0.548302, 0.0378899, -0.0341653, 0.0469609, 1
0.570886, -0.0267279, 0.359095, -0.00517388, 0.0078864, -0.0176848, 1
0.519356, -0.0571329, 0.323325, -0.000681237, -0.00925383, -0.00660469, 1
-0.145428, 0.147438, 0.484636, -0.0803134, -0.0466474, 0.0574207, 1
-0.190841, -0.250944, 0.491645, 0.0405647, 0.0185559, 0.0239752, 1
-0.156456, 0.00576518, 0.526829, 0.000842349, -0.0240224, -0.0145257, 1
-0.586946, -0.275532, 0.319594, -0.0103101, 0.0282446, 0.030099, 1
0.281889, -0.0535577, 0.318607, -0.00305182, 0.00208921, -0.00773166, 1
0.00899601, 0.408488, 0.614925, 0.0768784, 0.0225846, 0.143552, 1
-0.140404, -0.421637, 0.398989, 0.0691287, -0.0574182, -0.020864, 1
-0.012556, 0.448559, 0.559806, -0.0490846, 0.119463, -0.0294576, 1
-0.3392, 0.389482, 0.395633, -0.194414, -0.00534476, -0.0765435, 1
-0.162746, 0.278874, 0.538841, -0.191085, -0.0169837, 0.000907299, 1
-0.129373, -0.496517, 0.418209, 0.00626753, -0.00223748, -0.00559972, 1
0.549244, -0.0573948, 0.512964, 0.000511458, 0.0299859, 0.00401028, 1
-0.00403152, 0.416112, 0.356915, -0.0180822, -0.011558, -0.0187105, 1
-0.416568, 0.45913, 0.445522, -0.00536352, -0.00513701, 0.0273039, 1
-0.398117, 0.111056, 0.589624, -0.0280746, -0.0143367, 0.0288124, 1
-0.383616, -0.509911, 0.534255, -0.0188226, -0.00380755, -0.00752538, 1
-0.443771, -0.0203519, 0.586337, -0.270428, -0.499687, 0.385234, 1
-0.107741, 0.597056, 0.540986, -0.00171788, 0.000738273, 0.00121842, 1
-0.388371, -0.372108, 0.480865, -0.00850124, 0.00448508, 0.00441804, 1
-0.0657656, 0.0951094, 0.393093, -0.0019785, 0.00269046, -0.0021735, 1
-0.430256, 0.5957, 0.426454, -0.00936491, 0.0122715, 0.0254358, 1
-0.0173452, 0.51498, 0.569597, 0.00582932, 0.00283881, 0.0130673, 1
-0.485342, -0.119015, 0.516134, -0.0127869, 0.0383424, -0.00661824, 1
-0.31761, 0.0943806, 0.473426, 0.043971, -0.0760778, 0.0401615, 1
0.204553, 0.326227, 0.343699, 0.0216505, 0.092304, -0.0574467, 1
0.0431947, 0.572574, 0.373712, -0.00335427, 0.00983661, -0.0293694, 1
-0.339639, -0.501161, 0.526114, 0.00293008, -0.0177451, -0.0292712, 1
-0.514146, 0.0210618, 0.517888, -0.0254432, 0.00384642, -0.000797286, 1
0.38987, 0.262654, 0.582351, 0.0225253, 0.0810597, 0.0337423, 1
-0.206523, -0.433075, 0.448638, -0.0365558, -0.0292161, 0.108588, 1
0.105922, -0.233368, 0.440072, -0.199063, -0.0392725, -0.135471, 1
0.551812, 0.37925, 0.411326, 0.00434125, 0.00164035, -0.00738188, 1
0.310345, 0.523872, 0.539063, -0.0303016, 0.0630354, -0.0185416, 1
-0.144974, -0.423702, 0.405167, 0.0731754, -0.0822269, 0.00401287, 1
0.488802, 0.410815, 0.329233, -0.00676552, 0.0114526, 0.0266614, 1
0.603669, -0.175954, 0.629868, 0.00183509, 0.00140333, 0.0192906, 1
-0.421338, 0.11437, 0.347087, 0.141426, -0.111737, 0.1139, 1
0.423193, 0.230188, 0.509843, -0.000885721, 0.0145836, 0.00868475, 1
-0.0251106, -0.00990568, 0.418016, 0.0502122, 0.0414054, 0.00554186, 1
-0.215559, 0.413535, 0.467238, -0.0564574, -0.0144308, -0.153464, 1
0.319066, -0.110507, 0.566387, 0.0126224, 0.0220575, -0.00513624, 1
-0.440499, -0.188658, 0.503708, 0.0533568, 0.00369805, 0.0397104, 1
-0.0551222, -0.508276, 0.477185, 0.0158182, 0.00388022, -0.0396154, 1
-0.418724, -0.0232866, 0.528751, 0.0499638, -0.260079, -0.289887, 1
-0.057981, -0.164448, 0.473964, 0.0538333, -0.141445, -0.0633472, 1
-0.000975084, -0.190743, 0.587466, 0.0730729, -0.00949774, 0.0605215, 1
-0.00135844, 0.0178828, 0.458568, 0.00257545, 0.00118209, 0.00290789, 1
0.127061, -0.188887, 0.358624, 0.0384263, 0.0354377, 0.0302266, 1
-0.353421, 0.415965, 0.513638, -0.0295232, 0.0241033, 0.0061383, 1
0.058714, -0.429557, 0.459531, -0.016451, 0.0168461, -0.0405, 1
-0.592189, 0.519473, 0.589395, -0.131285, -0.0252982, 0.0577273, 1
0.413431, -0.55099, 0.38474, 0.00197483, 0.000451175, -0.00105881, 1
-0.0915898, 0.0238516, 0.415162, -0.00539061, 0.0299431, -0.0115426, 1
0.557225, 0.235091, 0.566831, 0.0263987, 0.0356961, -0.0233181, 1
0.152375, -0.452853, 0.368228, 0.0298506, 0.0122381, 0.0245816, 1
-0.471624, 0.176135, 0.478033, 0.0658918, 0.0771665, -0.0839343, 1
0.618313, -0.455186, 0.325013, 0.0153219, 0.00183736, -0.0473174, 1
-0.0672702, 0.301838, 0.435282, 0.0637673, 0.0166013, 0.0091254, 1
0.107298, 0.57838, 0.381782, 0.00619592, 0.00117671, 0.00117534, 1
-0.358003, 0.00713073, 0.431884, -0.000675077, 0.00344389, 0.000833129, 1
0.220195, 0.0449052, 0.404262, 0.00639704, 0.00250027, 0.00105884, 1
0.0579217, -0.171628, 0.424005, 0.0147353, 0.0673488, -0.0691474, 1
0.336954, 0.366746, 0.587459, 0.0140058, -0.0486591, 0.00196, 1
-0.522253, 0.294008, 0.488741, -0.00602388, -0.00301422, 0.000531272, 1
0.485144, -0.183581, 0.533018, -0.00398682, -0.0117101, -0.0155067, 1
-0.561798, -0.0252415, 0.419561, -0.0168656, -0.00485992, -0.00259458, 1
0.0904074, -0.0368921, 0.463256, 0.0760261, 0.00469505, -0.172391, 1
0.130532, 0.525801, 0.381224, 0.00100042, 0.00157301, -0.000954976, 1
0.611733, 0.00313571, 0.368328, 0.00654561, 0.0191539, 0.000726095, 1
-0.380991, 0.275096, 0.527602, 0.0192217, -0.0558174, -0.0267503, 1
0.086619, -0.134673, 0.381337, -0.0129019, -0.000478863, -0.00552419, 1
0.443739, 0.553212, 0.495921, -0.0142205, -0.0084504, 0.00350454, 1
-0.380095, 0.260203, 0.430117, -0.0193776, 0.00906205, 0.00312304, 1
-0.550113, 0.367914, 0.346128, 0.00245311, 0.00691197, -0.00531876, 1
0.144923, 0.223095, 0.457724, -0.0973736, 0.027832, -0.0568151, 1
-0.242857, 0.29126, 0.608904, 0.00118164, 0.00326134, 0.00267651, 1
0.175462, -0.248296, 0.44219, 0.121537, -0.0640155, -0.525135, 1
-0.491369, 0.5122, 0.41615, -0.00214671, -0.00912953, 0.0276443, 1
-0.226399, 0.493969, 0.574425, 0.00389408, 0.029735, 0.0132846, 1
-0.0130116, -0.516985, 0.485708, 0.0118584, -0.00868246, -0.0158679, 1
-0.422457, 0.199598, 0.60953, 0.000323725, 0.00138195, 0.00117888, 1
-0.157034, 0.0133728, 0.590343, 0.028573, -0.00511261, 0.0398051, 1
0.566724, 0.263241, 0.497903, 3.1125e-05, -0.00461676, -0.00742688, 1
-0.232661, 0.343091, 0.43239, -0.0159659, -0.0244096, -0.0364492, 1
-0.108076, -0.141949, 0.330673, -0.0107229, -0.0044638, 0.00109493, 1
0.462892, 0.245158, 0.560979, 0.000113932, -0.0142481, -0.0134146, 1
0.378655, -0.209344, 0.341414, -0.0535833, 0.00821688, -0.00555071, 1
-0.372437, -0.0707494, 0.626955, 0.0256526, -0.00543175, 0.0167946, 1
0.0322351, 0.332815, 0.592956, -0.00656597, -0.00765166, 0.0140184, 1
-0.18992, -0.31016, 0.621201, -0.00135606, -0.0035247, 0.00121243, 1
0.492984, -0.102653, 0.513609, 0.092956, -0.0266298, -0.0514197, 1
0.411252, 0.370276, 0.359462, -0.00179312, 0.00502857, -0.00158326, 1
0.252769, 0.307037, 0.582763, 0.00215551, 0.00923514, 0.0039884, 1
-0.275474, -0.555588, 0.511045, 0.00816121, -0.0952324, 0.0784724, 1
0.19416, -0.0337005, 0.318067, 0.00185015, -0.00137253, -0.00376629, 1
0.256926, -0.200772, 0.536847, 0.0129603, 0.289806, 0.228091, 1
-0.0190117, -0.45208, 0.32702, 0.00407696, 0.0175219, 0.00400828, 1
0.0867174, -0.194554, 0.466824, -0.113487, 0.0578252, 0.110672, 1
0.0746827, 0.467645, 0.392537, 0.0195729, 0.0320049, 0.0289302, 1
-0.0733461, -0.352239, 0.472488, -0.0168233, -0.0152927, 0.0327111, 1
-0.108396, -0.489219, 0.604315, 0.0278485, 0.0242372, 0.0494394, 1
-0.573812, 0.551996, 0.539393, -0.0631071, -0.0744108, -0.0504622, 1
-0.395892, 0.174802, 0.458662, -0.244315, 0.157084, -0.159876, 1
-0.584694, 0.529291, 0.477255, -0.0319563, -0.0510313, -0.0218298, 1
0.199559, 0.0934881, 0.626321, -0.00142274, -0.00227182, 0.00445787, 1
0.2119, -0.279549, 0.418637, 0.182421, -0.218431, -0.121, 1
-0.160565, 0.331403, 0.463108, -0.146861, 0.0962946, -0.195147, 1
-0.112411, -0.211843, 0.571961, -0.0524154, 0.00981602, -0.00654718, 1
0.494957, 0.492803, 0.531381, -0.0295762, -0.00424207, -0.00850941, 1
-0.454749, -0.210507, 0.600812, 0.125137, -0.0248669, 0.135513, 1
0.175275, 0.31106, 0.321017, -0.0240631, 0.0250249, -0.0625058, 1
0.0726827, 0.367212, 0.616507, 0.0256304, 0.00270744, 0.0149525, 1
-0.289598, 0.601283, 0.502716, 0.0037398, -0.00160112, -0.000689166, 1
0.285122, -0.613374, 0.477548, 0.000162827, 0.001434, -0.00277591, 1
-0.32571, 0.216149, 0.343429, -0.0148083, 0.0445629, -0.0380915, 1
-0.340278, -0.201915, 0.431033, 0.0152855, 0.00590007, 0.00899393, 1
0.0743444, 0.267483, 0.356393, 0.334453, 0.103418, -0.349188, 1
-0.593076, -0.474891, 0.460923, -0.0108926, 0.0352786, 0.173347, 1
0.43484, -0.609897, 0.426632, -0.0125604, -0.00825017, -0.0362297, 1
0.0405111, -0.434683, 0.531497, -0.0343826, 0.0448324, -0.0655957, 1
-0.0760935, 0.370556, 0.451771, 0.0998352, 0.0150129, 0.0191873, 1
-0.0519535, -0.186724, 0.386083, 0.0119974, -0.000289624, -0.0168282, 1
-0.105781, 0.153641, 0.378913, 0.00873939, -0.014158, -0.0204356, 1
-0.614769, -0.1912, 0.38306, -0.0322631, -0.0161604, -0.0691659, 1
0.0354964, 0.113054, 0.594588, -0.00355126, 0.00357756, 0.0181753, 1
0.149287, 0.402739, 0.386619, 0.00235298, -0.0274587, -0.0476655, 1
0.613492, -0.15288, 0.61098, 0.00878694, 0.0100321, -0.00368513, 1
-0.480791, -0.115993, 0.334767, -0.0104152, 0.0146045, -0.0185047, 1
0.102972, -0.311116, 0.339783, 0.0491764, -0.0765453, -0.0369465, 1
0.549575, 0.359359, 0.388604, 0.00223866, 0.000205306, -0.00298824, 1
0.155708, -0.346698, 0.323752, 0.0118821, -0.00372632, 0.00325149, 1
-0.557062, 0.231311, 0.434561, 0.000104598, 1.69925e-05, 0.0011717, 1
-0.272658, -0.504433, 0.315481, -0.000318861, 0.00597918, 0.0110343, 1
-0.0169335, -0.489238, 0.425172, -0.00050012, 0.0348169, 0.045587, 1
0.25538, 0.176221, 0.610926, -0.000496079, 0.00147564, 0.00255637, 1
0.113879, -0.304455, 0.55412, 0.00347505, 0.0021888, 0.0180169, 1
0.400427, -0.320927, 0.358409, -0.000584693, -0.00218426, -0.000542674, 1
0.324494, -0.171755, 0.486902, -0.0289545, 0.0113357, -0.00185378, 1
0.403634, 0.561181, 0.566614, -0.0184097, -0.0327473, -0.0196517, 1
0.502841, 0.480793, 0.498963, -0.00727017, -0.0113194, -0.0185305, 1
-0.462599, 0.00653734, 0.569779, -0.72157, 0.0596182, -0.0145326, 1
-0.427519, 0.0794385, 0.470116, -0.00937376, 0.00844805, -0.0337271, 1
0.0508001, 0.436744, 0.501499, 0.0397877, 0.0256957, 0.026963, 1
0.0527972, -0.210153, 0.53668, 0.00490085, -0.00308452, -0.00174478, 1
0.493558, -0.584736, 0.423244, 0.0118566, -0.000469135, -0.021332, 1
0.417409, 0.159107, 0.504621, 0.0114564, 0.00319877, 0.00127979, 1
0.114036, -0.0704301, 0.58188, 0.0092696, -0.0511597, 0.0247217, 1
0.287746, -0.375899, 0.381451, -0.0427451, 0.137672, -0.0241188, 1
-0.2845, -0.602228, 0.364255, -0.00230242, -0.0363588, 0.00489508, 1
-0.537899, 0.530576, 0.326962, -0.0455163, -0.032621, -0.0318831, 1
0.198024, -0.561987, 0.486088, 0.0117019, -0.0165813, -0.0346617, 1
-0.0427145, -0.359542, 0.348456, 0.013002, 0.0119064, -0.0151011, 1
0.577822, 0.321221, 0.615133, -0.0749154, -0.0234303, 0.215338, 1
0.063962, -0.255945, 0.405104, -0.0176752, 0.0139421, -0.0827424, 1
-0.309173, -0.392351, 0.416411, 0.0144642, 0.00710478, -0.0269799, 1
0.123877, -0.604905, 0.613679, 1.94391e-05, 0.00245311, -0.000244362, 1
-0.377491, 0.139094, 0.43858, -0.283481, -0.118269, -0.204763, 1
-0.569823, -0.203123, 0.502096, -0.01499, 0.00155998, -0.00594505, 1
-0.303946, 0.14234, 0.50903, -0.0800217, 0.0195287, 0.063613, 1
-0.106853, 0.234404, 0.484183, 0.0021206, -0.0231495, -0.121577, 1
-0.0589299, -0.197535, 0.501177, -0.0131096, -0.065316, -0.0290962, 1
0.625494, 0.389714, 0.568782, 0.0818556, 0.147671, -0.0226209, 1
-0.500534, 0.337572, 0.491597, -0.0146416, 0.0106755, 0.00475177, 1
-0.559855, -0.228429, 0.585101, -0.0973106, -0.0523742, 0.0618551, 1
-0.199365, 0.0923614, 0.329523, 0.0076816, 0.0060908, 0.0144502, 1
0.206353, -0.413725, 0.335788, -0.00118526, -0.000228787, -0.00710636, 1
0.141214, -0.161252, 0.528052, -0.0657379, 0.0297472, 0.0382502, 1
-0.624319, -0.101111, 0.31978, 0.00885823, -0.000821989, -0.000389202, 1
0.12414, 0.224906, 0.512856, -0.0530484, 0.0153597, 0.0451397, 1
-0.359594, -0.511911, 0.413966, 0.00955389, -0.0178459, -0.0147314, 1
0.317212, 0.0591229, 0.522073, 0.0269786, -0.0339261, 0.0182247, 1
-0.197933, 0.0546533, 0.462011, 0.0372887, 0.00345247, 0.117377, 1
-0.442657, 0.184082, 0.388913, 0.00187429, 0.0371433, 0.0487243, 1
0.263803, 0.254191, 0.489296, 0.072554, -0.0348567, -0.0282947, 1
0.0843553, -0.575137, 0.354896, -0.0170779, -0.00717022, 0.0186652, 1
0.14252, 0.26118, 0.408956, -0.138447, -0.126122, 0.0654387, 1
0.225743, -0.22757, 0.526133, -0.345544, -0.0445923, 0.0221147, 1
-0.181903, -0.221925, 0.343365, 0.0707123, 0.0306193, -0.073078, 1
-0.162709, 0.532178, 0.557082, 0.000929265, 0.00274664, -0.000795473, 1
0.628788, -0.457379, 0.586595, -0.00699027, -0.00776853, 0.000629145, 1
-0.235202, 0.489796, 0.443885, 0.0314188, 0.0595312, 0.0462905, 1
0.593164, -0.3381, 0.615039, -7.03385e-06, 0.000852135, 0.0015584, 1
-0.0786473, -0.150794, 0.503569, -0.134448, -0.0498174, 0.0627409, 1
0.217077, -0.516954, 0.409626, -0.0168898, -0.00176206, 0.0498875, 1
-0.345591, 0.197365, 0.423332, -0.0203718, 0.141063, -0.0148491, 1
-0.185935, -0.290079, 0.331136, -0.000448303, -0.0341998, -0.0145954, 1
0.189961, 0.565628, 0.431735, 1.54031e-05, 0.000263515, -0.000179221, 1
-0.22536, -0.246238, 0.533744, -0.00966307, 0.0189785, 0.0288349, 1
-0.111828, 0.221016, 0.509298, -0.0833894, -0.0983678, 0.18659, 1
-0.403354, 0.21984, 0.552444, -0.00307765, -0.00199369, 0.00588177, 1
-0.576827, 0.614602, 0.517403, -0.14406, 0.213708, -0.0427056, 1
-0.0612134, 0.577802, 0.590368, -0.00182513, 0.00157453, 0.00142943, 1
-0.12091, -0.130808, 0.395179, -0.0306137, -0.0104713, -0.0291001, 1
-0.626488, -0.543695, 0.423431, -0.045293, -0.073985, 0.0201143, 1
-0.247912, -0.259322, 0.315282, -0.000413759, -0.0135896, -0.0224665, 1
0.185491, 0.184706, 0.400253, 0.00565871, -0.0100094, -0.00657815, 1
0.25011, -0.255297, 0.384169, 0.0563642, -0.0961064, -0.066907, 1
-0.542804, 0.149307, 0.4801, -0.132521, -0.00779481, -0.0124834, 1
0.332247, -0.592484, 0.377863, 0.00203875, -0.00594712, 0.00249492, 1
-0.150414, -0.365874, 0.590314, -2.57539e-05, -0.000147347, -0.000290464, 1
-0.460491, -0.312737, 0.586474, -0.0996163, 0.0202809, -0.000422725, 1
0.349193, 0.256013, 0.573434, -0.0753294, 0.044052, -0.0386276, 1
0.190813, -0.494861, 0.383241, -0.0140449, 0.0243256, 0.0107388, 1
0.511602, -0.491386, 0.404808, -0.0414292, -0.01265, 0.0362345, 1
-0.314526, -0.109334, 0.497468, -0.0160411, -0.0243525, -0.00161555, 1
-0.313327, -0.553807, 0.386154, -0.0282007, 0.0161415, -0.0255419, 1
0.0277577, 0.326266, 0.47982, 0.0277264, -0.0610019, -0.0714633, 1
0.304506, 0.413425, 0.359656, -0.00243143, -0.0240784, -0.00836408, 1
-0.294947, 0.115709, 0.369026, 0.024126, -0.072553, 0.0010481, 1
-0.0434207, 0.595258, 0.435049, -0.00352564, 0.0123979, -0.0142177, 1
-0.202018, -0.495196, 0.514355, 0.385931, 0.0628217, -0.0305217, 1
-0.375976, 0.48396, 0.420867, 0.0308832, 0.00821174, 0.0262868, 1
-0.602096, 0.0448097, 0.454643, 0.000308098, 0.0123988, -0.00550769, 1
-0.329061, -0.0735516, 0.489287, -0.0134665, -0.0076396, -0.0140679, 1
0.0302433, 0.241886, 0.619445, 0.0220441, -0.0165667, 0.00806826, 1
-0.499739, 0.558522, 0.323502, -0.062573, -0.0688802, -0.112594, 1
-0.215051, -0.0436833, 0.56256, 0.00424148, -0.00862039, -0.00332556, 1
0.444304, -0.36914, 0.508425, -6.50713e-05, -0.00215849, 3.37054e-05, 1
0.623002, -0.0341236, 0.379861, 0.0228528, 0.00238603, 0.00103155, 1
-0.420747, 0.552419, 0.371185, 0.051179, -0.0230643, 0.0223093, 1
0.0595209, -0.279562, 0.404877, -0.0149554, -0.0693756, -0.0523128, 1
-0.402912, -0.025575, 0.368376, 0.0116978, -0.106012, 0.118145, 1
0.0206305, 0.00229233, 0.537069, -0.0385524, 0.0509119, 0.00969288, 1
0.579276, 0.303195, 0.361191, 3.53389e-05, -2.85911e-05, -0.000281126, 1
0.016572, -0.296525, 0.579153, 0.0662326, -0.0425495, -0.0444437, 1
-0.0255027, -0.1663, 0.561293, 0.00156764, 0.0589151, 0.0096025, 1
0.00857918, 0.248612, 0.392881, -0.112582, -0.0540554, 0.0646777, 1
-0.261036, 0.062953, 0.458087, -0.0726435, -0.0203715, -0.0179275, 1
0.512738, 0.0559919, 0.607047, -0.0038397, 0.0123115, 0.0236, 1
-0.48767, 0.265209, 0.587661, -0.013436, -0.0189777, 0.0259493, 1
-0.262857, -0.305234, 0.360279, 0.00466013, -0.00556222, -0.00235852, 1
0.0967238, -0.0781828, 0.511376, 0.217792, -0.206085, -0.0151814, 1
0.310301, 0.572411, 0.354459, 0.00510245, 0.0219609, 0.0077255, 1
-0.0612752, 0.521724, 0.587748, -0.00568712, 0.000572676, 0.00561827, 1
0.12356, -0.0916679, 0.356126, 0.00313713, 0.00198586, -0.0062388, 1
-0.0796823, 0.512793, 0.472042, -0.0222048, -0.0216763, -0.00440818, 1
-0.354366, -0.108591, 0.376704, 0.0540914, -0.0549893, -0.0553003, 1
-0.0427691, 0.260336, 0.549933, 0.0705294, -0.048878, -0.119067, 1
0.529651, 0.143111, 0.40644, 0.00148724, 0.000575482, 0.00286204, 1
0.437984, 0.285404, 0.315252, -0.0308505, -0.0351724, 0.0283102, 1
0.268772, -0.607416, 0.396434, 0.000882339, -0.0185927, 0.000407657, 1
0.449962, 0.119271, 0.534379, 0.0154175, 0.00789905, -0.000895298, 1
-0.0243864, -0.200391, 0.519991, 0.046921, -0.0452964, -0.0709351, 1
0.133521, 0.368297, 0.492931, -0.00709923, -0.0238171, 0.00982615, 1
-0.0353404, -0.138106, 0.627505, 0.0024437, 0.00990264, 0.0255248, 1
0.129237, 0.412175, 0.598212, 0.0408956, -0.073403, 0.0225645, 1
-0.50245, -0.572154, 0.413574, 0.252507, -0.272091, -0.398515, 1
-0.255561, 0.0150401, 0.321167, 0.0421009, -0.00164742, 0.00687114, 1
-0.575682, -0.0852726, 0.514435, 0.0107152, -0.0278782, -0.0329795, 1
-0.209848, -0.277252, 0.428295, -0.00859603, -0.0454275, -0.0339241, 1
-0.208768, 0.621483, 0.433932, -0.000478371, -0.00606635, 0.000494259, 1
0.117041, 0.441482, 0.621241, -0.0030403, 0.0557072, 0.0731147, 1
-0.265296, -0.212868, 0.413652, -0.00862418, 0.00519836, 0.0172469, 1
0.554741, 0.550616, 0.348236, -0.0093215, 0.0835408, -0.0623399, 1
0.00661203, -0.114688, 0.4712, -0.00259278, 0.00174169, -0.00285161, 1
-0.00322167, -0.615414, 0.416753, -0.00101267, 0.00388246, -0.000363557, 1
-0.130226, -0.487901, 0.431205, 0.00760252, 0.00077275, 0.00170086, 1
0.264142, -0.113498, 0.592456, 0.0157544, 0.0297717, 0.0453066, 1
0.288882, -0.0592166, 0.413647, -0.0139552, -0.0353244, -0.00210196, 1
-0.17323, 0.360899, 0.501825, 0.091988, -0.508415, -0.125752, 1
0.280025, -0.477833, 0.499705, -0.00150671, 0.0224475, -0.0744571, 1
-0.5041, 0.269172, 0.452584, -0.0016368, -0.00371411, -0.00135094, 1
-0.538989, -0.626088, 0.556858, -0.002378, 0.00607321, -0.00269524, 1
-0.144307, 0.558617, 0.537022, -0.00130011, 0.000432534, 0.000237646, 1
-0.0112904, -0.0647345, 0.350859, 0.0250411, -0.00316177, -0.0162927, 1
0.613583, 0.562007, 0.354496, 0.0183215, 0.0114478, -0.00607611, 1
-0.239258, -0.198182, 0.390012, -0.028904, 0.0364574, 0.0338523, 1
0.225636, -0.564004, 0.519128, -0.0185886, -0.0244577, -0.00966179, 1
0.0756071, 0.354842, 0.346833, 0.0130883, -0.046153, -0.0214016, 1
0.470269, -0.448352, 0.594549, 0.0129348, 0.00657472, 0.0108233, 1
-0.042285, 0.461636, 0.3176, 0.0910398, -0.0848665, -0.136163, 1
-0.563319, 0.5875, 0.542383, 0.0524924, -0.091313, 0.0975714, 1
-0.0129082, -0.581453, 0.543352, -0.000778673, -0.00610852, -0.00273235, 1
-0.305329, -0.0957966, 0.525516, 0.0104695, -0.0150995, 0.0152921, 1
0.58283, 0.522876, 0.351841, 0.0738654, -0.0415528, -0.0322915, 1
-0.533588, 0.506496, 0.334852, -0.0132159, -0.033028, -0.0141178, 1
-0.375531, -0.362726, 0.442798, -0.00538245, 0.0108425, -0.00297729, 1
-0.0754114, 0.492874, 0.459287, -0.012511, -0.0152203, 0.0113239, 1
-0.518753, -0.0614824, 0.390507, -0.0512868, -0.102919, -0.00403123, 1
-0.391348, -0.221177, 0.43591, 0.0950168, 0.0355029, 0.00174671, 1
-0.533008, 0.366502, 0.393828, 0.00898019, 0.0102216, 0.000580109, 1
-0.522536, 0.433146, 0.383212, -0.000214831, -0.000343824, -0.000417064, 1
0.387071, -0.209726, 0.39534, -0.0550562, 0.0184336, 0.0204272, 1
0.0406265, 0.114909, 0.528881, 0.00745971, 0.0169677, -0.0184771, 1
-0.377164, 0.0677759, 0.502109, 0.0344651, -0.036335, -0.0445393, 1
-0.229726, 0.164151, 0.471243, 0.111346, 0.589599, -0.0295973, 1
-0.150244, 0.418583, 0.538052, 0.362146, 0.538687, 0.362706, 1
0.361019, -0.286791, 0.50378, 0.0212698, 0.080012, 0.0111166, 1
-0.321685, -0.175581, 0.330918, -0.00244554, 0.00530425, -0.00199782, 1
-0.0195841, 0.0630338, 0.433115, -0.000952147, -0.00194121, 0.0110615, 1
0.464128, 0.15999, 0.367249, 0.010099, 0.0284765, 0.0290631, 1
-0.480414, 0.267417, 0.318045, -9.03305e-05, 0.00100084, 0.00141262, 1
-0.207493, 0.0245246, 0.423104, -0.0429766, -0.157062, -0.0294066, 1
0.113939, -0.564812, 0.609323, 7.88741e-06, -4.50779e-05, -2.82149e-05, 1
-0.29039, -0.312013, 0.468776, -0.0198823, 0.0166496, -0.00269529, 1
0.458121, 0.0882239, 0.352323, -0.0277905, -0.0569053, 0.10955, 1
-0.176762, 0.567943, 0.614459, 0.000298475, 0.00111668, 0.00140212, 1
-0.544408, 0.298998, 0.385271, 0.0352182, -0.0218332, -0.00121661, 1
0.210784, 0.607277, 0.498866, 8.59805e-05, -0.00300756, -0.000387308, 1
0.274531, -0.0422707, 0.357134, -0.0108875, -0.00699809, -0.0145248, 1
-0.512863, -0.208106, 0.554622, -0.177642, 0.216459, -0.213166, 1
-0.303793, -0.0585563, 0.463985, -0.0158382, -0.00186437, -0.0152936, 1
-0.291539, 0.363914, 0.627607, 0.0016058, -0.00431342, 0.0018721, 1
0.140952, -0.152111, 0.328913, 0.0108789, 0.00774133, -0.0174353, 1
0.0583878, 0.187463, 0.408401, 0.000540408, -0.0226153, 0.0439525, 1
-0.586363, 0.0156197, 0.587948, -0.00817563, 0.0284954, -0.0188685, 1
-0.437, 0.468821, 0.572443, -0.0333177, 0.0195705, 0.0212136, 1
-0.499017, 0.554376, 0.489701, 0.0759122, -0.041221, 0.00703805, 1
-0.217862, 0.135197, 0.48403, 0.761231, -0.386241, 0.291617, 1
0.517676, -0.220235, 0.315971, 0.0139024, -0.0156189, 0.0119853, 1
-0.573643, -0.103135, 0.421436, 0.00072062, -0.00119495, -0.000423576, 1
0.384917, 0.223035, 0.564287, 0.0356601, -0.0446259, -0.102183, 1
-0.278995, 0.56146, 0.497775, 0.00140769, -0.00110649, 0.00030928, 1
-0.288419, 0.0724476, 0.617238, 0.00489779, -0.0183279, 0.0331781, 1
-0.232693, -0.499128, 0.506613, -0.19568, 0.0993331, 0.218853, 1
0.140984, -0.455528, 0.353027, 0.0101971, 0.00373264, -0.00593078, 1
-0.0270785, -0.262564, 0.627723, -0.0570815, 0.0232344, 0.258125, 1
-0.257162, -0.131618, 0.608826, 0.0147114, -0.0042401, 0.0459268, 1
0.441717, 0.280484, 0.485135, 0.0267523, -0.0377775, 0.0278026, 1
-0.142017, 0.168196, 0.587567, -0.000292682, -0.000446357, 0.00117652, 1
-0.138059, 0.224516, 0.404292, -0.0439762, 0.0114332, -0.16262, 1
0.287756, -0.0205296, 0.617542, -0.0298608, 0.0216348, 0.0385321, 1
0.0250518, 0.330439, 0.600416, -0.034436, -0.0124944, 0.0361144, 1
-0.503702, -0.587944, 0.461037, 0.0686333, -0.276007, 0.243065, 1
-0.554602, -0.190673, 0.493746, -0.00774537, -0.00293515, -0.0093713, 1
0.211923, 0.580274, 0.537355, 0.00403027, 0.00122543, -0.00577212, 1
0.364105, -0.0767678, 0.629205, 0.00501031, -0.00360392, 0.00565022, 1
0.355144, 0.296034, 0.438809, -0.131296, 0.0379508, -0.0314545, 1
0.270596, 0.107788, 0.351439, -0.0127024, -0.0853072, -0.0128928, 1
-0.308718, 0.595734, 0.550979, 0.00738237, 0.00125538, -0.00382671, 1
-0.478304, -0.172289, 0.449618, -0.0862545, 0.0866778, -0.0634371, 1
-0.121061, -0.514497, 0.601976, -0.0119248, -0.0377952, 0.0269154, 1
-0.170747, 0.140519, 0.527095, 0.0238775, 0.018334, 0.0458553, 1
-0.288937, 0.26678, 0.5376, 0.018617, -0.00292014, 0.00852222, 1
0.295285, 0.342142, 0.332441, 0.0064171, 0.00695745, 0.0136389, 1
-0.249585, -0.0758984, 0.320018, 0.0240474, 0.0110673, -0.0368112, 1
-0.620019, -0.341757, 0.458317, -0.0922777, 0.0088316, 0.136612, 1
-0.623055, -0.616576, 0.374835, -0.0109855, -0.00699247, 0.00423339, 1
-0.127744, 0.283983, 0.559273, 0.135989, 0.135786, -0.194995, 1
0.0180866, 0.605229, 0.550715, 0.0153538, 0.0184678, 0.015187, 1
-0.297849, -0.503038, 0.350152, -0.00280388, 0.00210979, -0.00761175, 1
0.240695, 0.00586415, 0.379019, 0.00595622, 0.00509575, 0.00291794, 1
0.128745, 0.465081, 0.571639, -0.0069332, 0.0615465, -0.00766563, 1
-0.282728, -0.453819, 0.480844, -0.021963, 0.0344521, -0.0258072, 1
0.607744, 0.471429, 0.408888, -0.00286232, -0.00070594, 0.000156713, 1
-0.582347, -0.408119, 0.547404, -0.0329814, -0.00965132, 0.0398399, 1
-0.562201, -0.398175, 0.619456, -0.00138726, 0.00218168, 0.00127287, 1
0.0111411, -0.391267, 0.622803, -0.0058275, 0.0040537, 0.0792407, 1
0.250554, 0.110952, 0.536308, 0.00117066, -0.000551765, 0.0680531, 1
-0.0322094, -0.500925, 0.530124, -0.0179359, 0.00207634, -0.0299077, 1
-0.349202, -0.168811, 0.561856, -0.0179258, 0.0412772, 0.0535671, 1
-0.208521, -0.55808, 0.405831, 0.0203305, -0.0110166, -0.0041512, 1
0.0476278, 0.200629, 0.36461, -0.0534144, -0.175467, 0.0668439, 1
-0.185669, 0.547864, 0.408646, -0.00147909, 0.072444, 0.013946, 1
0.477779, 0.525645, 0.369012, 0.0364364, 0.0797331, 0.0322902, 1
-0.406522, 0.573261, 0.424473, 0.0080042, -0.0157608, 0.0181207, 1
0.523169, -0.618903, 0.48242, 0.0168883, -0.0196239, 0.000558709, 1
0.48114, 0.0222016, 0.542095, -0.0165184, -0.0112003, -0.00357266, 1
0.452497, -0.357208, 0.412342, -0.0147249, -0.00270642, -0.00880194, 1
0.0778748, 0.240546, 0.444601, -0.00190249, -0.0202142, 0.0313999, 1
-0.321482, 0.521307, 0.55989, 0.00716857, -0.00642684, -0.0116023, 1
-0.593914, -0.317177, 0.577861, -1.26624e-05, -0.000556096, -5.67497e-05, 1
-0.230518, 0.360414, 0.470527, -0.0983224, -0.0923232, -0.0757881, 1
-0.0320044, -0.455218, 0.450002, -0.000869226, 0.0104985, 0.00284514, 1
0.342653, -0.607402, 0.423923, -0.0045159, -0.00550585, -0.00399411, 1
0.558776, -0.383961, 0.409747, -0.0113174, 0.00767133, -0.00407157, 1
-0.263184, -0.490755, 0.412512, -0.04164, 0.00863683, 0.000325825, 1
0.406571, 0.620348, 0.575554, 0.00584401, 0.0458434, -0.0425085, 1
0.0550954, 0.442882, 0.328761, -0.0810628, 0.0196346, -0.0979713, 1
0.444535, -0.109207, 0.546388, -0.139223, 0.0111431, -0.0169033, 1
-0.296913, 0.199274, 0.519224, -0.0353331, 0.037499, 0.00547696, 1
-0.577208, 0.235324, 0.597421, 0.00153371, 0.00378129, 0.00737387, 1
0.474307, -0.625157, 0.530033, -0.000614734, 0.000994591, 0.0104145, 1
-0.163438, -0.0271981, 0.57372, -0.00491083, -0.0260896, 0.00325403, 1
0.376644, -0.314509, 0.57936, 0.00242367, -0.000107036, 0.00821198, 1
-0.447519, -0.385696, 0.325879, 0.00104267, -0.0146986, -0.0106344, 1
-0.0684565, -0.0189167, 0.360681, -0.0141976, 0.0303457, -0.0329374, 1
0.321666, -0.242309, 0.358277, -0.00224262, 0.00365181, -0.00470977, 1
0.104027, 0.44275, 0.626488, -0.0374567, 0.041624, 0.0599432, 1
0.159142, 0.257322, 0.441696, 0.021561, 0.0104209, 0.0743758, 1
-0.175159, 0.590372, 0.334023, -0.0062995, 0.0172775, 0.0132999, 1
-0.618117, -0.616799, 0.550345, 0.00633757, 0.00536878, 8.78232e-05, 1
0.511638, 0.487471, 0.551547, -0.0137347, -0.0248276, 0.0134501, 1
0.111917, -0.30593, 0.387256, 0.029062, -0.0377739, 0.0406495, 1
-0.113058, -0.559249, 0.46612, -0.0136515, -0.0101047, -0.0207052, 1
-0.315473, -0.376805, 0.527187, 0.00025131, -0.00262895, 0.0152847, 1
-0.271884, 0.184702, 0.364967, 0.101907, 0.0724169, -0.0132953, 1
-0.0890874, -0.123595, 0.46188, -0.223225, -0.213293, 0.124767, 1
0.0840935, 0.610395, 0.415077, 0.0129827, 0.00572289, -0.00460452, 1
0.0701927, 0.139574, 0.321916, 0.00567996, -0.0123287, 0.013985, 1
0.577048, 0.594378, 0.627, -0.000374794, -0.000161769, 1.03588e-05, 1
-0.606712, 0.606224, 0.31531, -0.000238313, -0.00203036, 0.0035897, 1
0.334741, 0.487899, 0.594668, 0.0114041, 0.0267882, 0.0405017, 1
0.0210745, -0.0301475, 0.360695, 0.00711727, -0.00163527, 0.000626261, 1
0.310173, 0.486758, 0.378374, -0.0402405, -0.00131399, -0.0132998, 1
-0.3452, -0.458678, 0.441663, 0.0271294, 0.0207198, -0.0100437, 1
0.503621, -0.100599, 0.330348, -9.4114e-06, -2.23113e-05, -0.000249116, 1
-0.556366, 0.440277, 0.45694, -0.00193168, 0.00099269, -0.000527317, 1
0.0312294, -0.105593, 0.452048, -0.0202637, 0.000640437, -0.0369672, 1
0.43161, 0.594563, 0.329451, -0.00163961, 0.00320481, 0.000161823, 1
0.459349, 0.541648, 0.320554, -0.0186379, 0.0568183, -0.041974, 1
0.447497, 0.564899, 0.629601, 0.0110668, -0.00126516, 0.0241328, 1
0.448809, 0.269677, 0.594085, 0.00954595, 0.00187877, 0.0323137, 1
0.307629, -0.339212, 0.429057, -0.00748381, 0.0293271, 0.0139968, 1
0.490482, 0.600924, 0.393256, 0.000269401, 0.00610741, -0.00201397, 1
-0.515877, -0.37424, 0.436077, 0.0297329, -0.0415559, -0.0680491, 1
-0.00915105, -0.500582, 0.568418, -0.0500891, -0.0175161, -0.0317803, 1
0.052314, -0.426985, 0.520996, 0.0101167, 0.0568599, -0.0529239, 1
0.620147, 0.234208, 0.337107, -0.00744312, 0.000106096, -0.000632513, 1
-0.0915146, 0.0358552, 0.328257, -0.0117617, 0.00963219, 0.00726206, 1
-0.0336394, -0.134759, 0.62116, 0.00425867, 0.0144545, 0.0241269, 1
-0.0113494, -0.317225, 0.604894, -0.0049519, -0.0590382, 0.0429668, 1
-0.0127986, -0.498379, 0.514822, 0.0176283, -0.00343289, -0.0564991, 1
-0.156312, 0.439214, 0.58751, 0.0415123, 0.119608, 0.236743, 1
0.29999, 0.299733, 0.58025, -0.00246629, 0.00537111, 0.00256213, 1
0.613086, 0.413819, 0.329199, -0.00455659, 0.000119439, 3.37755e-05, 1
-0.16246, -0.225296, 0.361545, 0.0969779, 0.00899521, 0.0340954, 1
-0.408641, 0.456982, 0.412289, -0.00947014, -0.0187109, 0.0276156, 1
0.415418, 0.447166, 0.628332, 0.000648712, 0.00558396, 0.0185129, 1
0.503921, -0.274312, 0.479805, 0.00213667, -0.000947514, 0.00833467, 1
0.557023, 0.322012, 0.603606, -0.157165, -0.0413075, 0.123847, 1
0.521809, -0.319301, 0.366809, 0.0186287, 0.0103712, -0.00518282, 1
0.421531, 0.297864, 0.399705, 0.0242282, -0.0217991, -0.0376495, 1
-0.0390338, -0.488412, 0.352018, -0.0123464, 0.00210822, -0.0236579, 1
-0.208847, 0.441541, 0.584442, -0.0522382, 0.0799869, 0.216966, 1
-0.4077, 0.424664, 0.530406, 0.00416506, -0.00934346, -0.00719236, 1
-0.350829, -0.367759, 0.316591, -0.00509658, -0.00970603, 0.0395793, 1
-0.164577, -0.146437, 0.588327, -0.0118422, -0.0139141, 0.00508842, 1
0.224654, -0.360982, 0.542628, -0.0106898, 0.013286, -0.00719039, 1
0.21813, -0.487025, 0.316559, -0.0217208, 0.0079996, 0.0132734, 1
-0.382503, -0.559966, 0.554553, 0.0240351, -0.0177695, -0.0377087, 1
-0.48793, 0.591807, 0.317237, -0.00809345, 0.111344, -0.0748646, 1
-0.28062, 0.383374, 0.549193, -0.0347214, -0.0303262, 0.141963, 1
0.0582752, -0.285623, 0.584581, 0.0324165, -0.00360761, -0.000613933, 1
0.20642, 0.135493, 0.537476, -0.0468934, 0.000229952, 0.0313823, 1
0.0243344, 0.357756, 0.486151, 0.0260392, 0.0840035, -0.0874754, 1
-0.373896, -0.623036, 0.551702, 0.00326951, 0.00231534, -0.00434609, 1
-0.367459, -0.15765, 0.357602, 0.00442253, -0.0103478, -0.0065124, 1
-0.534003, -0.56296, 0.424847, -0.46285, -0.0330902, -0.125713, 1
0.376581, 0.285133, 0.460581, 0.0230066, -0.0791091, 0.110677, 1
0.38289, 0.532594, 0.478081, 0.000647558, 0.00107808, 0.000422895, 1
0.0812472, -0.5853, 0.468542, 0.0235927, -0.0250506, -0.0336654, 1
0.0902666, -0.235956, 0.406894, 0.0136427, 0.0294927, -0.110756, 1
-0.232814, 0.452283, 0.49298, -0.0417383, 0.233662, -0.0243099, 1
-0.414343, 0.0287394, 0.369362, 0.175312, 0.153372, 0.122985, 1
0.475632, -0.57689, 0.616292, -5.9885e-06, -0.00010828, -0.000103852, 1
-0.0996188, -0.320822, 0.618024, 0.000266073, -0.00735766, 0.00296612, 1
-0.412666, -0.0583178, 0.42112, -0.0405723, 0.066012, 0.0724284, 1
-0.242187, 0.0376422, 0.437871, -0.0680115, -0.0719801, -0.0440977, 1
0.197274, -0.21574, 0.351664, -0.00997727, 0.00652495, -0.034183, 1
-0.480254, -0.462813, 0.327321, 0.0241095, -0.00548351, -0.0145121, 1
0.172142, 0.248397, 0.338487, -0.0171962, -0.075857, -0.0992652, 1
-0.473546, -0.2913, 0.436989, -0.0187323, -0.0309833, -0.0159009, 1
-0.105895, 0.10585, 0.392569, 0.0065018, 0.00170349, -0.00895474, 1
0.606096, 0.321471, 0.557245, 0.117004, -0.19325, -0.290032, 1
-0.43631, 0.16714, 0.570513, -0.00115333, 0.0171764, 0.0259553, 1
-0.490996, -0.562443, 0.332817, -0.000742251, -0.000290214, -0.00160516, 1
-0.538755, -0.345145, 0.475728, -0.0765798, 0.077445, 0.000572117, 1
-0.1142, 0.0426315, 0.327648, -0.00374267, 0.00522303, 0.00389391, 1
0.377358, -0.390058, 0.431204, 0.00850209, 0.00340085, 0.00964872, 1
0.524086, -0.240349, 0.472991, 0.00311909, 0.00498613, 0.00137467, 1
0.573445, 0.561756, 0.3776, 0.0427647, 0.0850443, 0.0296201, 1
-0.592459, -0.541753, 0.462266, -0.0238004, -0.0372072, 0.0423269, 1
-0.104429, -0.0176845, 0.331237, -0.0148372, -0.00223286, 0.00333395, 1
0.20592, -0.0415517, 0.569096, 0.028454, -0.0268464, 0.018659, 1
-0.0849551, 0.152102, 0.45339, 0.157837, -0.0860797, -0.112281, 1
-0.322756, 0.29107, 0.47027, -0.0136292, 0.018718, -0.0349255, 1
-0.251416, 0.382279, 0.541475, -0.0498056, -0.0746705, 0.134318, 1
0.391569, -0.361885, 0.394642, 0.00367852, 0.00499385, -0.00131878, 1
0.442233, -0.61449, 0.454618, -0.0131387, -0.0492653, -0.0249587, 1
-0.352806, 0.539559, 0.552021, -0.00864258, -0.000624648, -0.0106398, 1
0.279232, 0.483041, 0.53497, -0.039174, -0.0205532, -0.0142196, 1
0.529703, 0.520545, 0.557022, 0.006604, 0.0234403, -0.0132043, 1
-0.141088, -0.213848, 0.39511, 0.0189761, 0.00754103, 0.0137894, 1
-0.0760665, 0.622036, 0.542213, -0.00085084, -0.00755049, 0.00061802, 1
-0.319537, -0.0928829, 0.422748, 0.0206235, -0.00703046, 0.0102023, 1
0.234095, 0.214324, 0.338024, -0.0688424, -0.011239, -0.0240482, 1
-0.404679, 0.592871, 0.591085, -0.00159794, 0.000238218, -0.000179565, 1
0.501292, 0.354477, 0.343123, 0.0140741, 0.000468785, 0.0273692, 1
-0.439995, 0.166747, 0.346991, 0.0288727, 0.165654, 0.0467896, 1
0.118549, 0.443904, 0.32439, 0.0842033, 0.0110469, -0.0781116, 1
-0.193219, 0.0931726, 0.602641, -0.00369796, 0.00665076, 0.0118459, 1
-0.573195, -0.0070877, 0.575286, 0.0302669, 0.00951406, -0.031853, 1
0.394967, 0.481787, 0.364334, -0.043271, -0.0582218, -0.0696505, 1
-0.544446, -0.224243, 0.362352, 0.0112399, -0.0201781, -0.0242743, 1
0.364479, 0.0861834, 0.496622, -0.104325, -0.0472001, -0.148995, 1
-0.464384, -0.309685, 0.392712, -0.00362856, 0.00201061, 0.0201134, 1
-0.372213, -0.0844006, 0.383439, 0.0770373, 0.0272581, -0.0677927, 1
-0.527727, -0.213072, 0.629549, -0.0154132, -0.00375705, 0.0548738, 1
-0.415163, -0.0231033, 0.513745, 0.0403441, -0.0802802, -0.284765, 1
-0.287125, -0.534517, 0.46723, -0.10167, -0.0228058, -0.106094, 1
-0.249492, -0.0977728, 0.333032, 0.0176518, -0.0307763, -0.0144521, 1
-0.358782, -0.0410038, 0.488751, 0.029104, 0.0180014, -0.0376473, 1
-0.57749, -0.276, 0.451707, -0.004043, 0.0157502, 0.00543228, 1
-0.380082, -0.190483, 0.553137, -0.0125315, 0.00375271, 0.0558854, 1
-0.190602, -0.455967, 0.417192, 0.0524933, -0.100117, -0.00563138, 1
0.535959, -0.290387, 0.497262, 0.00109409, 0.00216647, 0.00473594, 1
-0.413047, -0.0326368, 0.318671, -0.0572843, -0.101829, -0.115449, 1
-0.139218, 0.0695995, 0.422894, 0.11721, 0.0246963, 0.0125087, 1
-0.140875, 0.2844, 0.574609, -0.174043, 0.161809, 0.0195632, 1
-0.60575, 0.627238, 0.598471, -0.0173614, 0.00423302, 0.0225119, 1
0.00324381, -0.252217, 0.416536, -0.0081802, -0.00777226, 0.0583038, 1
0.0754463, 0.0189645, 0.563776, -0.0293258, 0.0272352, 0.0149497, 1
-0.489402, 0.0714383, 0.337285, -0.135917, 0.0921374, -0.0663789, 1
0.0574998, 0.32132, 0.447156, 0.0250112, 0.0333532, 0.0975572, 1
-0.249804, -0.499245, 0.490655, -0.413173, 0.231545, -0.0199077, 1
0.159039, -0.593249, 0.575549, -0.00774398, -0.0044407, 0.00628553, 1
-0.371767, -0.376333, 0.409899, 0.00830388, 0.022766, -0.00547451, 1
-0.35701, 0.114413, 0.584789, 0.00199529, -4.81811e-05, 0.0638853, 1
0.0746393, 0.603501, 0.498399, 0.0194324, 0.00175511, 0.00418268, 1
-0.146778, 0.627715, 0.497717, 0, -0.0112815, -0.0002455, 1
-0.27275, 0.000995584, 0.592154, -0.00875466, 0.00876273, 0.0248915, 1
0.133469, -0.553522, 0.439404, -0.00198945, 0.00746394, -0.0306723, 1
-0.13128, -0.41296, 0.614755, -0.00259166, 0.00675129, 0.00173355, 1
-0.0420646, 0.274503, 0.537594, 0.0484271, 0.0451076, -0.100713, 1
0.486631, -0.605265, 0.570273, 0.000354115, 0.00198106, 0.00107547, 1
-0.0706039, 0.183737, 0.579452, -0.016297, -0.0219174, -0.000609146, 1
-0.288262, 0.441934, 0.327878, 0.00797518, 0.00438868, -0.00614812, 1
0.0914056, -0.545039, 0.513972, 0.0133182, -0.00487425, 0.0457878, 1
-0.0892902, 0.159563, 0.507356, 0.0505397, -0.0431509, 0.119583, 1
-0.615549, -0.617178, 0.506794, 0.00532724, 0.00523171, -0.000541621, 1
0.115393, -0.259965, 0.349552, 0.100519, -0.0379389, 0.0142641, 1
-0.0358451, 0.503467, 0.368663, 0.225653, 0.215654, -0.0269076, 1
0.461844, -0.257776, 0.422914, 0.0892567, -0.0169323, 0.0210365, 1
0.401009, 0.330123, 0.334048, -0.0157032, 0.00296816, -0.000214153, 1
0.0315302, 0.18679, 0.340223, -0.0537655, -0.0833757, -0.0240636, 1
-0.20723, -0.513777, 0.543648, 0.0246544, -0.207723, 0.18992, 1
-0.409277, -0.172076, 0.496641, 0.0618039, 0.0362202, -0.0418756, 1
-0.357692, 0.549293, 0.517872, -0.00430369, 0.00632523, 0.000756913, 1
0.438268, -0.16996, 0.400272, 0.0147222, 0.0135434, -0.0163901, 1
-0.0521597, -0.155546, 0.403468, 0.0412846, -0.0411079, -0.04487, 1
-0.544836, 0.58981, 0.495968, 0.167571, 0.118798, -0.0226178, 1
-0.406553, -0.0759984, 0.464344, -0.0120123, 0.00477992, 0.00316777, 1
-0.191829, -0.244117, 0.557391, -0.00621495, 0.00245374, -0.00250754, 1
0.239899, -0.473072, 0.48243, -0.00773648, 0.0260935, -0.0252747, 1
0.316166, 0.188422, 0.371637, 0.241451, 0.0605686, 0.0603053, 1
0.417131, 0.611155, 0.400684, -0.000213622, -0.00326294, -0.000222561, 1
0.0718711, -0.428085, 0.515156, 0.0890836, 0.0199711, -0.025119, 1
-0.461419, -0.155814, 0.494988, 0.0341663, 0.0719958, -0.00738833, 1
0.350142, -0.347509, 0.609989, 0.000345343, 0.000149531, 0.000743576, 1
-0.568623, 0.230295, 0.413611, 5.2178e-05, -0.00311854, 0.00221924, 1
-0.214677, 0.315422, 0.403573, -0.0162009, -0.0200199, -0.00287579, 1
0.509267, 0.538832, 0.542064, -0.00849609, 0.0212964, 0.00222871, 1
-0.153212, -0.28296, 0.323544, 0.0272014, -0.011933, -0.0148344, 1
-0.443504, 0.586902, 0.362767, 0.0158907, 0.0464721, 0.0336053, 1
0.226291, 0.273104, 0.567363, -0.013606, 0.00711902, 0.00353401, 1
0.452912, 0.0602726, 0.562661, 0.00186031, -0.000613091, 0.00295113, 1
-0.464206, -0.49782, 0.613131, 0.0397306, 0.0406655, 0.0173953, 1
0.336489, -0.329275, 0.416686, 0.0302969, 0.0191146, -0.00483692, 1
-0.203412, -0.609096, 0.4873, 0.000464831, 0.00203317, -0.000128242, 1
-0.28331, -0.547756, 0.387383, 0.0186871, 0.0325415, -0.0035114, 1
0.111208, -0.13247, 0.623729, -0.000313001, -0.00380114, 0.00430496, 1
0.465574, -0.253167, 0.600946, 0.000339831, 0.000194764, 0.00405652, 1
0.113977, 0.223585, 0.372715, 0.102868, -0.060367, 0.0423206, 1
0.148227, 0.410044, 0.36195, 0.0366125, -0.0127227, -0.0608608, 1
0.339368, 0.00637158, 0.587717, -0.0315969, 0.00835682, 0.0160317, 1
0.0889675, -0.17068, 0.445294, 0.0110155, 0.097431, -0.0134067, 1
-0.180241, -0.00492247, 0.47833, 0.0108102, -0.00654315, 0.0109058, 1
-0.247572, -0.298397, 0.553502, -0.00267559, -0.00629701, 0.00845202, 1
0.159247, 0.128155, 0.558719, -0.010124, -0.00908452, -0.00170515, 1
-0.411407, 0.474808, 0.579271, 0.0305835, 0.0188664, 0.0329682, 1
-0.121802, -0.0439475, 0.388663, -0.0622457, 0.0142915, -0.0521318, 1
-0.14674, -0.208337, 0.482862, 0.00501436, 0.00498065, -0.00423557, 1
-0.262808, 0.535603, 0.381267, -0.0568513, 0.120663, -0.0849443, 1
-0.0318732, 0.0538663, 0.326287, 0.0087414, -0.00318307, 0.0188094, 1
0.156, -0.236729, 0.485371, -0.153071, 0.0691314, 0.819262, 1
-0.0129852, 0.482202, 0.600192, 0.00145201, 0.0284305, 0.0251041, 1
0.508265, -0.328003, 0.441471, 0.00220824, 0.0114111, 0.0217515, 1
-0.0982673, 0.0543885, 0.524362, 0.0649967, -0.00771818, 0.0482654, 1
-0.404112, -0.416328, 0.39891, -0.00942755, 0.0112479, 0.0170501, 1
0.570838, -0.197771, 0.360121, 0.0562352, -0.0492594, -0.0366992, 1
0.368068, 0.31039, 0.506625, -0.0182565, 0.0123645, 0.0513605, 1
-0.597135, -0.466313, 0.612032, -0.0120777, 0.00869483, 0.0143379, 1
0.0743853, -0.0991579, 0.588442, 0.0145656, -0.0209335, 0.0296293, 1
0.339527, 0.498932, 0.444417, -0.00288347, 0.00414578, 0.0295679, 1
0.384749, 0.0249692, 0.542726, 0.0747349, -0.0616781, -0.105086, 1
-0.19362, -0.617979, 0.505785, -0.00020904, 0.00586315, -0.000401777, 1
-0.312706, 0.520249, 0.581276, 0.00847359, -0.00318537, 0.0039937, 1
0.19325, -0.207981, 0.437382, 0.16886, 0.51389, -0.0544409, 1
-0.229155, 0.0178704, 0.490791, 0.00508241, -0.0282352, 0.042786, 1
0.106559, -0.0412549, 0.598839, -0.0393502, -0.0369538, 0.0784225, 1
0.287117, -0.30315, 0.518945, -0.0480581, -0.0914019, -0.0417246, 1
-0.206236, -0.270322, 0.559858, -0.000433799, -0.0180574, 0.00949709, 1
-0.277963, 0.434027, 0.377577, 0.0188034, 0.0577999, -0.1715, 1
-0.44405, 0.14359, 0.34482, -0.0344159, 0.0834857, 0.107662, 1
0.0736924, -0.101624, 0.508553, 0.0844685, -0.165087, -0.0134402, 1
-0.275258, 0.33472, 0.511549, 0.00268467, -0.0478555, -0.0134597, 1
0.487957, -0.60795, 0.48412, 0.0146466, -0.0470473, 0.0163264, 1
0.293205, 0.215264, 0.589616, -0.0106238, -0.00179451, -0.000530202, 1
-0.477121, 0.616072, 0.436593, -0.00192129, 0.00239275, 0.00300127, 1
0.226114, 0.0926675, 0.58377, -0.0182348, 0.000401254, 0.0395927, 1
0.101615, -0.250179, 0.350491, -0.0151641, 0.00696161, 0.0399552, 1
-0.342458, 0.173548, 0.440402, 0.134689, 0.162027, 0.0796284, 1
-0.62288, 0.525549, 0.391418, 0.00577245, 0.000316288, 0.00049524, 1
-0.372497, -0.548465, 0.584806, 0.0484215, 0.0237406, 0.00512231, 1
-0.253146, 0.155191, 0.401909, 0.00941105, -0.00715713, -0.0479977, 1
0.521139, 0.509896, 0.328098, 0.0270366, -0.0334866, -0.037685, 1
0.04748, 0.36789, 0.333602, -0.0724514, 0.000565321, -0.0679643, 1
-0.535893, 0.031132, 0.544909, 0.000995074, -0.00520529, -0.00697792, 1
0.562644, 0.183974, 0.541436, 0.0401174, 0.0630931, -0.0691534, 1
-0.21084, -0.219875, 0.407112, -0.0104134, 0.0228158, 0.0387804, 1
-0.395615, 0.511704, 0.502058, 0.000625925, -0.000603814, -0.00447822, 1
-0.253576, -0.460717, 0.387954, -0.0370476, 0.00739133, -0.0376083, 1
0.248104, -0.453634, 0.36185, -0.00139792, -0.00305549, -0.00523821, 1
0.553847, -0.196168, 0.382225, -0.0077342, -0.0321933, 0.0733089, 1
0.373218, 0.18065, 0.578513, -0.00159045, -0.0694224, -0.0240098, 1
-0.538999, 0.0718249, 0.548497, 0.0129451, -0.0263188, -0.0275266, 1
-0.486532, -0.510658, 0.482978, 0.0599825, 0.131177, 0.245949, 1
-0.412052, -0.416588, 0.33327, -0.000206546, -0.00180029, -0.0179594, 1
0.507655, -0.483907, 0.536755, -0.00420554, 0.00094889, 0.00433585, 1
0.153545, -0.0647836, 0.324295, 0.00123588, 0.00164438, -0.00746137, 1
0.522065, 0.169565, 0.609712, -0.0148698, 0.00519675, 0.0346949, 1
0.0104421, 0.545952, 0.337042, 0.00572984, 0.00570285, -0.00698703, 1
0.302331, 0.164092, 0.381124, 0.206887, -0.136043, 0.137532, 1
0.489805, 0.087976, 0.489573, 0.00115646, 0.00926394, -0.00254444, 1
-0.501149, -0.16877, 0.377245, -0.0159444, -0.00712939, -0.0157406, 1
0.552977, -0.0778046, 0.552692, -0.000901607, 0.0238269, 0.0162804, 1
0.22711, 0.0656267, 0.582518, -0.0094094, -0.012423, 0.0388647, 1
-0.360831, 0.283538, 0.32088, 0.000990181, -0.00054571, 0.000988664, 1
-0.287676, 0.16123, 0.357394, 0.0738164, -0.0336031, -0.108962, 1
0.599416, -0.315188, 0.498689, 0.00255231, 0.00786232, 0.00864247, 1
-0.623257, -0.423087, 0.38359, -0.00869593, 0.0306017, -0.00841426, 1
0.555665, 0.217318, 0.362587, -0.000591144, -6.05716e-05, -0.000579701, 1
-0.616021, -0.110314, 0.561101, -0.0388802, -0.0435642, 0.0275411, 1
-0.351451, -0.250472, 0.425604, 0.0136989, -0.00788662, -0.00280613, 1
0.346915, -0.121658, 0.540902, 0.00343601, 0.0308878, 0.0035873, 1
0.595967, -0.198644, 0.36396, 0.0569924, -0.0212577, -0.012923, 1
0.286881, -0.601497, 0.537858, 0.00786719, -0.00661101, 0.000462254, 1
0.0970997, -0.332364, 0.451252, 0.0286858, -0.029427, -0.0230876, 1
0.120694, 0.00992304, 0.334068, 0.0130029, 0.00690044, -0.0774205, 1
0.290345, -0.0206241, 0.412762, -0.0150391, 0.0400851, 0.0118456, 1
-0.234751, -0.0139173, 0.464481, 0.00107835, 0.0288288, 0.00237418, 1
0.0396812, -0.088216, 0.36132, -0.00205257, 0.00226279, -0.00354131, 1
0.230102, -0.074274, 0.491232, 0.0283811, 0.0344706, -0.0311149, 1
-0.0453485, 0.204238, 0.586105, 0.00625979, -0.0761725, 0.0105482, 1
0.397141, -0.0788103, 0.3982, 0.00179317, 0.00197445, -0.00359154, 1
0.0408966, -0.112807, 0.506029, -0.0164332, -0.0757758, -0.00509971, 1
0.236811, -0.455889, 0.513146, -0.0270879, 0.0179976, -0.0244026, 1
-0.131611, 0.271174, 0.587546, -0.0661969, -0.0565147, 0.109247, 1
0.413469, -0.238095, 0.432536, -0.0837005, 0.00904993, 0.0522649, 1
0.489816, -0.577713, 0.58487, 0.000361624, -0.000444991, 0.000486522, 1
-0.378989, -0.182501, 0.4239, 0.0082323, 0.0201974, -0.000937338, 1
0.219009, 0.487144, 0.559337, 0.0112321, 0.0035589, 0.0124242, 1
0.404362, 0.0872821, 0.383278, -0.0270309, -0.00461113, 0.0299286, 1
-0.150563, -0.58803, 0.591828, -0.0135082, 0.000941525, 0.00319671, 1
-0.325997, 0.439074, 0.414635, -0.145454, 0.172789, -0.0487632, 1
0.00687493, -0.149993, 0.543924, 0.0750685, 0.0111505, -0.0262998, 1
-0.488861, -0.543145, 0.587443, -0.0207396, 0.0387268, -0.0946797, 1
0.303796, -0.0447919, 0.497745, 0.0103753, 0.00134038, 0.00522854, 1
0.134125, -0.261286, 0.595712, -0.000412604, 0.000454346, 0.00307044, 1
0.60434, -0.401433, 0.608775, -0.00993925, 0.00344746, 0.0245038, 1
0.423968, -0.150459, 0.405659, -0.00313224, 0.00632247, -0.0196125, 1
-0.400284, -0.561413, 0.369954, -0.000903096, -0.0237254, -0.014009, 1
0.577137, 0.472912, 0.549265, 0.00150028, -0.0184529, -0.0223383, 1
-0.409605, -0.307614, 0.559748, 0.0714411, -0.0219208, -0.0711651, 1
-0.562146, -0.00364735, 0.512026, 0.0237789, 0.0130223, 0.014297, 1
-0.163534, -0.626736, 0.317037, 0.00145015, 0.00875212, -0.0019803, 1
-0.507692, -0.485633, 0.338742, -0.0111202, -0.0213945, 0.000509925, 1
0.582151, 0.448126, 0.485035, 0.0016055, 0.00218282, -0.0020922, 1
0.0532781, -0.0477126, 0.577204, -0.0178487, 0.00692397, 0.131618, 1
-0.0837267, -0.0733356, 0.319355, -0.013162, 0.00954413, -0.0241326, 1
-0.168481, -0.279331, 0.439231, 0.0266032, -0.0219215, -0.00870056, 1
0.194226, -0.0496514, 0.456369, -0.00188484, 0.0104674, 0.0171445, 1
0.414114, -0.102478, 0.417106, -0.00308582, 0.0122237, -0.00659894, 1
0.0913201, 0.11788, 0.497693, 0.0120765, 0.0189289, -0.00300987, 1
-0.18954, 0.185698, 0.33929, 0.000274305, 0.000103326, -0.00156376, 1
0.598638, -0.6078, 0.340097, -0.00108391, 0.00312024, 0.000109563, 1
0.606859, -0.485529, 0.37618, 0.01491, -0.0596655, 0.0207794, 1
-0.558028, -0.533341, 0.33072, 0.00361708, -0.00382368, -0.0138819, 1
0.122184, 0.1499, 0.476283, -0.00382973, -0.0320764, 0.00522077, 1
-0.0888537, -0.56379, 0.61544, 0.00309018, -0.00355817, 0.0126518, 1
-0.0713614, -0.102308, 0.388116, -0.0259907, -0.0858485, -0.106015, 1
0.425636, -0.538045, 0.533194, 0.00167958, 0.0123937, 0.0174048, 1
-0.268744, 0.506032, 0.350084, -0.0295144, -0.00194031, -0.093571, 1
0.139752, -0.0326113, 0.537045, 0.0446572, -0.189322, -0.0957329, 1
-0.389329, 0.407812, 0.425979, -0.00718628, -0.00984464, 0.0087052, 1
-0.292095, 0.376486, 0.43152, 0.0809479, -0.575404, 0.0898931, 1
-0.191633, 0.353382, 0.467628, -0.215572, 0.0246878, -0.255706, 1
0.0531592, 0.425318, 0.491784, 0.0363388, -0.0138405, 0.00591498, 1
0.116114, -0.0824615, 0.371768, 0.00538412, 0.0041768, 0.00181999, 1
-0.498608, 0.458648, 0.388311, -0.00494303, -0.00776897, -0.00165884, 1
-0.556702, -0.242677, 0.520225, -0.130978, 0.063407, -0.068324, 1
-0.264163, -0.447004, 0.543205, -0.0539868, 0.0503794, 0.0199785, 1
0.608688, -0.0857849, 0.512222, 0.0222622, 0.0121938, -0.0107361, 1
-0.510829, -0.575996, 0.346578, -0.00122294, -0.00296747, -0.0208666, 1
0.377425, -0.335362, 0.606022, -0.000606549, -0.000542519, 0.00138447, 1
-0.438514, 0.0025063, 0.542653, -0.344419, 0.0834619, -0.674725, 1
0.0276377, 0.440837, 0.473508, 0.00212741, 0.017599, 0.00371319, 1
-0.621703, -0.135967, 0.422346, 0.00175519, 0.0234765, 0.00761648, 1
0.0855051, 0.61011, 0.559222, 0.0105319, -0.0030375, 0.0012922, 1
0.31265, -0.518462, 0.516393, 0.0471531, -0.0402005, -0.0269058, 1
0.605969, -0.4452, 0.613215, -0.00202948, -0.0061489, 0.00807043, 1
0.167017, -0.0793994, 0.343973, -0.00149384, 0.011614, -0.00675696, 1
-0.180016, -0.100675, 0.480017, 0.0379999, -0.0189913, 0.00275636, 1
0.608945, 0.01846, 0.493509, 0.0573232, -0.0454054, -0.0370865, 1
-0.524595, -0.234078, 0.56716, -0.243702, 0.00811147, 0.168793, 1
-0.620359, -0.0426285, 0.410295, -0.00739654, -0.0111026, -0.0145444, 1
0.290327, 0.614973, 0.363014, 0.00173994, 0.00221838, 0.00373073, 1
-0.335496, 0.623233, 0.486513, 0.00440551, -0.00301859, -0.00117586, 1
0.0939632, 0.0787745, 0.481549, 0.0152726, 0.0792039, 0.0388153, 1
-0.189003, -0.238539, 0.509425, 0.0268423, 0.0316238, 0.0163421, 1
0.616643, -0.262533, 0.555616, -0.00372676, 0.00954853, 0.000974068, 1
0.549648, 0.534448, 0.378275, -0.0312312, -0.0129468, 0.0669768, 1
-0.594315, -0.275532, 0.510597, -0.0196261, -0.00597305, -0.00221896, 1
0.0658285, -0.29655, 0.357721, -0.0839135, -0.0265652, 0.0289347, 1
-0.479988, -0.191181, 0.456692, -0.179937, 0.0189685, -0.0528773, 1
0.528723, -0.181576, 0.603526, 0.00948227, -0.0157279, 0.0364389, 1
-0.349949, -0.521213, 0.599778, 0.00676225, -0.00325001, 0.0104074, 1
-0.157821, -0.226745, 0.598096, -0.00499006, 0.0118626, 0.0343693, 1
0.528303, 0.497182, 0.460299, 0.00562786, -0.0034783, -0.0025801, 1
-0.0653541, -0.321785, 0.558155, -0.0153792, 0.00178126, -0.00663784, 1
-0.547509, -0.335106, 0.335031, -0.00147859, -0.00533676, 0.00962712, 1
0.415026, -0.415421, 0.626134, -0.0040462, 0.000588973, 0.00565711, 1
-0.591728, -0.379772, 0.39976, -0.004921, -0.0848117, -0.0456094, 1
0.190733, 0.31602, 0.483113, -0.0275297, -0.0276808, 0.0367454, 1
0.361691, 0.465995, 0.592809, 0.0212673, 0.000804224, 0.0261645, 1
-0.331393, 0.364755, 0.389924, -0.126052, -0.108018, -0.0712444, 1
-0.437142, -0.615158, 0.417112, 0.00762368, -0.0027558, 0.000486427, 1
-0.557882, -0.143015, 0.517916, -0.0120574, 0.0143375, -0.00992493, 1
0.574575, -0.244676, 0.484721, 0.000986158, 0.000383935, -1.22428e-05, 1
-0.104085, 0.319933, 0.561765, 0.0594473, 0.15068, -0.0373293, 1
-0.391319, 0.402387, 0.320498, -0.0275336, -0.00244438, -0.015195, 1
-0.311122, 0.18745, 0.374134, -7.07911e-05, 0.148628, -0.0245975, 1
-0.326441, 0.225685, 0.436682, 0.0611853, 0.0585262, 0.0402327, 1
0.0126716, -0.213545, 0.358196, 0.0130568, 0.155422, 0.0899831, 1
-0.574729, -0.481818, 0.317203, 0.000815904, -0.00032073, -0.00949443, 1
0.53658, -0.183247, 0.565883, 0.0234594, 0.00441461, -0.0116015, 1
-0.423578, 0.00957409, 0.569585, 0.376989, 0.232801, 0.0569331, 1
-0.0150589, 0.0816557, 0.37634, -0.00762272, 0.00287757, -0.00811508, 1
-0.463248, 0.0262669, 0.472662, -0.00871718, 0.0154994, -0.0414015, 1
0.215708, 0.552146, 0.395154, -0.00417638, -0.000553649, 0.00778874, 1
-0.0570841, -0.469137, 0.33826, -0.011599, 0.020013, -0.0064865, 1
-0.0350185, -0.150296, 0.542613, -0.00299326, 0.0637214, -0.0119486, 1
0.201589, 0.153227, 0.441544, -0.00336213, -0.0115878, -0.00922788, 1
-0.571538, -0.464065, 0.545649, -0.00908075, 0.022674, -0.0243138, 1
-0.398683, -0.408831, 0.582685, -0.000891182, 0.000424403, 0.000987449, 1
-0.389796, -0.502214, 0.379382, 0.00606364, 0.0280129, -0.0275312, 1
0.61381, -0.295829, 0.539267, -0.00301312, 0.000820291, -0.0098163, 1
0.372295, 0.319075, 0.40219, 0.00437561, 0.0405452, -0.0854451, 1
0.617727, 0.485791, 0.566247, 0.0272896, -0.019843, -0.0242344, 1
-0.0114802, 0.0715354, 0.546793, -0.0183265, -0.0201191, 0.00632425, 1
0.309209, -0.615512, 0.587, 0.00150839, 0.00493942, 0.00316872, 1
0.402322, -0.0205672, 0.391935, -0.00242863, -0.00109135, -0.00164256, 1
0.0529219, -0.448941, 0.587732, 0.0400355, -0.0719505, 0.101828, 1
0.559171, -0.390516, 0.629207, -0.00233468, 0.000391777, 0.00147851, 1
0.221911, -0.159235, 0.369508, -0.0088828, 0.0067239, -0.00736308, 1
0.0327973, 0.0809327, 0.401446, -0.0443621, 0.0451149, -0.00439325, 1
0.2904, 0.0647792, 0.484979, 0.100964, -0.0219849, -0.126532, 1
-0.0723871, -0.19289, 0.407257, -0.0154341, -0.0162665, 0.00504917, 1
0.276445, -0.205126, 0.371214, 0.0572741, 0.00244918, -0.074864, 1
0.0215808, 0.413357, 0.546589, 0.170037, 0.0158651, -0.0429936, 1
-0.311101, 0.0926027, 0.550202, 0.00541725, -0.0376664, -0.000882126, 1
-0.482956, -0.135039, 0.387569, -0.0489315, 0.0123388, 0.00709352, 1
-0.175143, 0.547847, 0.432824, 0.0154601, 0.0221292, 0.0679018, 1
-0.344067, 0.477054, 0.492686, -0.0036259, 0.00448141, -0.000969738, 1
-0.347093, 0.0690016, 0.610368, -0.00986728, -0.0157946, 0.0145652, 1
-0.128986, -0.528165, 0.473111, -0.0221866, 0.017805, 0.00212098, 1
0.216869, 0.392199, 0.331815, 0.00105215, 0.00136404, -0.00116751, 1
-0.363067, -0.310152, 0.441083, -0.000267948, -0.00848282, -0.0119581, 1
0.00603438, 0.596257, 0.547292, -0.0696451, -0.0108103, 0.00447896, 1
0.230964, -0.012126, 0.493141, 0.0691978, -0.0733214, -0.014306, 1
-0.102535, 0.306736, 0.358801, -0.0574886, 0.00636825, -0.0235469, 1
-0.421583, 0.453744, 0.482532, 0.0221421, 0.00527443, -0.0051775, 1
-0.131234, -0.351363, 0.462003, 0.00530242, 0.00597827, 0.0236652, 1
0.340137, -0.0654671, 0.423775, 0.0123274, -0.00656267, -0.00341501, 1
-0.208971, 0.217403, 0.598517, 0.0034974, -0.000298086, 0.00159726, 1
-0.287351, -0.541547, 0.623966, -0.00165006, -0.00318439, 0.00305519, 1
0.345165, 0.305286, 0.564525, -0.00703598, 0.0194497, -0.00483213, 1
0.412497, 0.572182, 0.329496, -0.00382261, 0.00963086, -0.00150432, 1
-0.343024, -0.051747, 0.32107, -0.000341247, -0.0259143, 0.00305078, 1
0.586219, -0.450747, 0.475529, 0.0112903, -0.00345422, 0.00979177, 1
0.0389287, 0.0766815, 0.394722, -0.0624572, 0.0584533, -0.0287171, 1
0.214205, 0.285062, 0.350667, 0.125458, 0.0122781, -0.133335, 1
-0.375521, -0.476135, 0.420317, -0.0347907, 0.0175408, -0.0144036, 1
0.212563, 0.493965, 0.561441, 0.00561686, 0.00703771, 0.0108901, 1
-0.612189, -0.344969, 0.458301, -0.0392042, -0.0195215, 0.156998, 1
0.521951, -0.00235718, 0.480406, -0.00498215, -0.000453574, -0.00752912, 1
0.497963, -0.287156, 0.399236, 0.0282216, 0.0181103, 0.00335879, 1
0.23621, -0.504622, 0.384791, 0.0226029, 0.0294402, -0.00151875, 1
0.294269, -0.217683, 0.529345, 0.377768, 0.233261, 0.0891513, 1
0.31862, -0.261428, 0.574149, 0.0505965, -0.0251475, 0.100116, 1
-0.299118, 0.407464, 0.435829, -0.204122, 0.290065, 0.201086, 1
0.0198444, -0.0082943, 0.349603, -0.000679361, 0.00468838, -0.00126456, 1
0.162587, 0.246148, 0.38806, 0.0252754, -0.231929, -0.0126954, 1
0.583929, -0.171252, 0.354061, 0.0466413, 0.0394197, -0.0294476, 1
0.309841, -0.153477, 0.425309, -0.00110673, 0.0184651, -0.00851008, 1
-0.376807, -0.26149, 0.582211, 0.0344507, 0.0054441, 0.0265466, 1
0.284888, -0.39349, 0.352931, -0.0305944, -0.00257032, -0.121, 1
0.621906, 0.472683, 0.384266, -0.0074519, -0.00123965, 0.000285954, 1
-0.358784, 0.136988, 0.487337, 0.226547, -0.125893, 0.17494, 1
0.498669, -0.174355, 0.57947, -0.0140217, -0.0323705, 0.00565636, 1
0.275411, 0.156491, 0.523846, 0.0671042, 0.0553213, 0.0239865, 1
-0.501128, -0.453628, 0.364281, -0.00571655, 0.00440817, 0.0248681, 1
-0.362641, 0.338922, 0.583309, 0.167015, -0.0403955, 0.0975198, 1
-0.0703263, 0.292887, 0.383005, -0.117606, -0.0963786, 0.00354711, 1
0.0859905, -0.0272351, 0.502127, 0.172022, 0.231048, -0.0987722, 1
0.527301, 0.225921, 0.594245, -0.0322892, -0.017839, 0.0476145, 1
0.336291, -0.119155, 0.338382, 0.0670739, 0.053486, -0.0223869, 1
0.488089, -0.127212, 0.614043, 0.00903512, -0.00419016, 0.084334, 1
-0.494699, 0.143967, 0.4908, 0.0635051, -0.0925389, -0.0226619, 1
0.194721, 0.0126717, 0.604702, 0.0203179, 0.0114013, 0.0285785, 1
-0.00725139, -0.34188, 0.486334, -0.00152849, -0.0137253, 0.00846584, 1
-0.431723, -0.213044, 0.530418, 0.026361, -0.0342045, -0.0445334, 1
-0.234525, 0.0542779, 0.457657, 0.00375537, -0.00986759, 0.0360228, 1
-0.421142, 0.613915, 0.373388, 0.0239257, 0.0413113, 0.00117846, 1
-0.149048, 0.0699421, 0.52407, -0.0312294, -0.0272435, 0.0371158, 1
0.599532, -0.0327201, 0.42306, 0.00612479, 0.00112106, 0.0142206, 1
0.456659, -0.326392, 0.550762, -0.00182164, -0.00538015, 0.000179634, 1
0.550259, -0.468266, 0.361468, -0.0168604, 0.00229566, -0.0516936, 1
0.486579, -0.333002, 0.55495, 0.0035621, -0.000926631, 0.00311428, 1
-0.0700756, 0.491683, 0.400627, -0.167522, 0.0959541, 0.256528, 1
-0.171122, -0.145532, 0.472648, 0.00493608, -0.0121865, -0.000473116, 1
0.514286, 0.0527086, 0.576878, -0.0125699, 0.0143309, 0.00869779, 1
0.116103, 0.448147, 0.432957, -0.0558449, 0.0344677, -0.0197103, 1
-0.573122, -0.602958, 0.428945, -0.0589682, -0.0491481, 0.00481524, 1
-0.339495, -0.122043, 0.603921, -0.00666656, 0.0123253, 0.0114689, 1
0.496859, -0.152474, 0.43825, 0.00689679, 0.000404805, -0.0035771, 1
-0.330756, -0.325779, 0.514143, -0.0149305, -0.00863352, 0.0221214, 1
0.612364, -0.405483, 0.554567, -0.0104079, 0.000754411, -0.0240489, 1
-0.461618, -0.548867, 0.628808, 0.0661184, -0.00334648, 0.0970946, 1
0.498257, 0.0110207, 0.594237, -0.0119075, -0.0207947, 0.000166429, 1
-0.419087, 0.469862, 0.400363, -0.0290614, 0.01226, 0.00285446, 1
0.211579, 0.354185, 0.571031, 6.18617e-05, -2.76593e-05, -0.000191579, 1
-0.000762619, -0.159675, 0.525577, 0.0550135, -0.0176227, -0.0700719, 1
0.471137, -0.102833, 0.532329, -0.0171707, -0.0121524, -0.0303033, 1
-0.332939, 0.187635, 0.344327, -0.0575661, 0.0334695, -0.0941672, 1
-0.437109, 0.0545306, 0.4637, 0.0101575, 0.00983342, -0.0328807, 1
0.0559642, 0.353738, 0.539746, 0.0824485, 0.0242635, 0.0061562, 1
-0.407318, 0.336139, 0.595866, -0.0965699, -0.0351582, 0.1396, 1
0.551023, 0.504485, 0.61614, -0.0237568, -0.00265909, 0.0398661, 1
0.5464, 0.372778, 0.461404, 0.0170884, -0.0108689, -0.0174447, 1
0.403496, 0.583655, 0.421379, 0.00098454, 0.0032725, 0.00124916, 1
-0.514905, 0.16527, 0.352435, -0.0450306, 0.0232064, 0.0357976, 1
0.509294, -0.465456, 0.470007, -0.0183293, 0.00253345, 0.00113512, 1
0.0917505, -0.624282, 0.601789, 0.000279248, 0.00944365, -0.000277773, 1
-0.298788, -0.327258, 0.491207, -0.000327836, -0.00218396, 0.00658611, 1
-0.181405, -0.134403, 0.347349, 0.00146336, 0.000685712, 0.000452153, 1
0.413467, 0.551525, 0.593275, -0.0126849, -0.0303982, 0.00615647, 1
0.0525965, -0.485757, 0.519818, 0.0161647, -0.0445541, -0.0233121, 1
-0.083793, -0.564697, 0.488449, 0.00987042, -0.0303278, 0.0186521, 1
-0.139086, 0.611666, 0.424152, 0.0013129, -0.00115537, -3.56939e-05, 1
0.446605, 0.385198, 0.412575, 0.0814907, 0.125197, -0.188647, 1
-0.387732, 0.500257, 0.611384, -0.000756687, -0.00369592, 0.0160616, 1
-0.237921, 0.379588, 0.337529, -0.00132567, 0.00466663, 0.00495835, 1
0.38218, -0.158625, 0.338949, 0.015454, -0.00218318, -0.0102741, 1
0.269484, 0.17255, 0.414625, -0.100183, -0.0185047, 0.216648, 1
-0.28554, 0.621108, 0.538516, 0.0031219, -0.00542811, 0.000463177, 1
-0.15607, 0.404612, 0.518906, 0.290377, 0.164621, -0.0444157, 1
-0.302826, -0.172755, 0.554957, 0.00379832, 0.0030742, -0.0743169, 1
0.516521, 0.373415, 0.571274, -0.0912963, 0.0176134, 0.0136588, 1
-0.0495384, -0.395634, 0.5667, -0.0589786, -0.00134784, -0.01691, 1
0.387144, -0.578993, 0.505508, -0.00549415, -0.0164639, 0.0413799, 1
-0.482409, -0.336762, 0.473082, 0.0868067, 0.043412, -0.0323516, 1
-0.556729, 0.055281, 0.410488, -0.00309561, 0.00362435, 0.000390638, 1
-0.466541, -0.192503, 0.528322, 0.0216967, 0.00763434, -0.0753613, 1
-0.370672, -0.552982, 0.413969, -0.00807713, -0.0290942, 0.0142444, 1
0.027903, -0.208559, 0.411755, -0.0353746, 0.000398649, -0.0396676, 1
-0.337889, 0.265334, 0.355417, -0.000380446, 0.00262352, -0.00565149, 1
0.477808, 0.592472, 0.469719, -0.0108328, 0.00765835, -0.0301004, 1
0.177783, 0.479029, 0.405582, 0.0079345, 0.0154574, -0.00500626, 1
-0.0569747, -0.200473, 0.464165, -0.0043921, -0.0378092, -0.0213539, 1
-0.31003, -0.443292, 0.476907, 0.0371631, -0.0156302, -0.0181872, 1
0.452076, -0.295738, 0.550208, 0.00458866, -0.00240731, -0.00409755, 1
-0.175451, -0.222503, 0.406537, 0.0316378, 0.0213266, 0.0254775, 1
0.206573, -0.059081, 0.515902, -0.0173754, 0.0251376, 0.0112345, 1
-0.199991, 0.200211, 0.535148, 0.00635574, 0.00196832, 0.0222075, 1
0.195958, -0.40185, 0.325517, -0.00023561, 0.00109192, -0.00320585, 1
0.583053, -0.109775, 0.549341, 0.0229575, -0.00498092, 0.0427704, 1
-0.515131, -0.261931, 0.539969, -0.0666347, -0.0644923, -0.0457142, 1
0.10382, 0.545816, 0.502235, 0.000487604, 5.37531e-05, -0.000171651, 1
0.466223, -0.141122, 0.609608, -0.0502242, -0.0540796, 0.0528546, 1
-0.196972, 0.178811, 0.341294, 0.00231179, 0.000374396, -0.00239066, 1
0.45073, 0.000923176, 0.42485, -0.0109819, -0.0212091, 0.0114798, 1
0.131707, 0.455435, 0.526715, -0.138737, 0.0568684, 0.140202, 1
0.497928, 0.0320447, 0.354454, 0.0180354, -0.00689196, 0.00737969, 1
0.0416827, 0.462017, 0.561997, 0.0417297, 0.0294008, 0.00913666, 1
-0.337581, 0.0280119, 0.619026, -0.00402669, 0.00332341, 0.0047298, 1
-0.29544, -0.0188983, 0.434091, -0.0122507, 0.0233677, -0.0260186, 1
-0.617928, 0.0959345, 0.526099, -0.0222448, -0.000919921, -0.012613, 1
0.28202, -0.430209, 0.505062, -0.0163659, -0.00313162, -0.0745431, 1
-0.228894, -0.593949, 0.627273, 6.80029e-06, 0.000463723, -0.000232209, 1
-0.310318, -0.160958, 0.514484, -0.0241479, 0.0119713, -0.0257607, 1
-0.20507, -0.340191, 0.357224, -0.00232041, -0.00206241, 0.000977649, 1
0.234403, 0.421479, 0.628574, -0.00282329, -7.96083e-05, 0.00191517, 1
-0.178591, 0.289443, 0.479094, -0.0978562, -0.217833, -0.0538233, 1
-0.0207026, -0.298837, 0.437108, 0.0082067, 0.0249547, 0.0138283, 1
-0.292567, -0.00645472, 0.601601, -0.0203197, -0.00834487, 0.0380997, 1
-0.336318, 0.328069, 0.439386, -0.0221455, -0.025407, 0.00692376, 1
0.14012, 0.340105, 0.620861, 0.00130559, -0.00220006, 0.00017749, 1
-0.275337, -0.00783869, 0.355818, 0.0247231, -0.012655, 0.029933, 1
0.484985, 0.39323, 0.364821, 2.03023e-06, 0.00113866, 0.00531944, 1
0.474222, -0.547051, 0.482073, 0.00301845, 0.0350159, 0.00476975, 1
0.0123057, -0.122158, 0.554516, 0.0135865, 0.0134727, 0.0237889, 1
0.181276, -0.517719, 0.502395, -0.00302949, 0.0205237, -0.055472, 1
0.175718, -0.0663467, 0.417265, -0.0199614, -0.0128122, -0.0302454, 1
-0.427758, 0.542914, 0.500046, 0.00152641, 0.00357573, -0.00159673, 1
0.0607455, -0.379616, 0.340942, -0.00469407, -0.00843162, 0.0031739, 1
-0.0527022, -0.0859704, 0.58045, -0.00725466, 0.0103928, 0.0303638, 1
0.444915, -0.575814, 0.507985, 0.0115271, 0.00186556, 0.0402897, 1
0.408504, -0.221187, 0.348535, 0.00310376, -0.0160617, 0.00513857, 1
0.571847, -0.366165, 0.604333, -0.00316879, 0.00288561, 0.00253, 1
-0.488722, -0.521907, 0.625061, 0.0204866, 0.0529355, 0.0700373, 1
0.179641, 0.120362, 0.437031, 0.0148047, 0.00987427, 0.00714414, 1
-0.12215, -0.328325, 0.465092, 0.0063232, 0.0313993, 0.0214923, 1
0.627502, 0.477357, 0.605996, 0.0299311, -0.0113278, 0.0139829, 1
-0.223293, -0.580365, 0.584234, -0.00130094, -0.00267794, 0.00191914, 1
0.516964, 0.110344, 0.331839, 0.0694005, 0.0041531, -0.0147954, 1
0.620804, -0.572322, 0.467837, 0.0350779, 0.0026445, 0.0040455, 1
0.422749, 0.502557, 0.481374, -0.000894647, -0.000209159, 0.000121107, 1
-0.0651646, 0.281097, 0.583569, -0.0453405, 0.134842, 0.0625323, 1
0.0690469, 0.222981, 0.334536, 0.0638011, -0.133726, -0.2531, 1
-0.0334748, 0.364222, 0.361551, -0.000366852, 0.298311, -0.0535802, 1
-0.0530842, -0.0861006, 0.549132, -0.000111679, 0.0271211, -0.0193167, 1
0.435112, 0.421713, 0.624542, -0.00336829, -0.00351157, 0.0212667, 1
-0.224375, 0.419252, 0.58639, -0.074053, -0.00989271, 0.130349, 1
-0.320244, -0.434005, 0.59879, 0.0157537, 0.027921, 0.0209783, 1
-0.503163, -0.547004, 0.468885, -0.0691454, -0.135926, 0.489358, 1
-0.435735, -0.556164, 0.483295, 0.0426399, -0.0273992, 0.0258142, 1
0.175687, 0.496548, 0.451443, 0.0159002, 0.0695194, -0.0568494, 1
-0.418669, -0.19858, 0.364227, 0.00681177, 0.000869303, -0.0130108, 1
-0.604249, 0.50043, 0.577463, -0.119126, -0.0693923, -0.0230846, 1
-0.52603, -0.163008, 0.511027, -0.0288931, 0.00148628, -0.00572177, 1
-0.339755, 0.413871, 0.332011, 0.0275509, 0.0316666, -0.0171361, 1
0.596846, 0.21902, 0.594931, 0.0206191, -0.0047153, 0.0123183, 1
0.575159, 0.624609, 0.542253, 1.8997e-05, -0.00967122, -0.000220885, 1
0.400865, -0.325599, 0.591242, -0.000672094, -0.00143179, 0.00276942, 1
0.27617, -0.198798, 0.611982, 0.000585411, -0.00436628, 0.0127461, 1
-0.368146, -0.00456966, 0.31545, 0.055096, -0.0185101, -0.114098, 1
0.305108, -0.458846, 0.597078, 0.0452667, 0.0342157, 0.134423, 1
-0.408972, -0.247552, 0.389942, 0.0122817, -0.0102558, -0.0525444, 1
-0.211991, -0.221838, 0.357559, -0.0660155, -0.00809862, 0.0126859, 1
-0.421993, -0.117904, 0.474298, -0.00283627, -0.00891563, 0.0017837, 1
0.36219, 0.172304, 0.420275, 0.0257418, 0.00271949, 0.0219306, 1
0.430308, 0.139187, 0.317539, -0.0307014, 0.0448674, -0.0785367, 1
0.290177, 0.084383, 0.3162, -0.00099459, -0.00339065, 0.00677545, 1
-0.0606661, -0.144715, 0.392292, 0.0103327, -0.0297609, -0.0629883, 1
-0.215551, -0.498509, 0.500083, 0.328947, 0.111443, -0.110179, 1
-0.287476, -0.236691, 0.34145, -0.00154852, 0.0154217, -0.0374475, 1
-0.285603, -0.561547, 0.384229, 0.0163131, 0.0159916, 0.000860788, 1
-0.417144, -0.340555, 0.479832, -0.00173212, -0.00276813, -0.00172145, 1
-0.117302, 0.0774171, 0.581863, 0.00616359, 0.00363282, 0.0157955, 1
0.053007, 0.285387, 0.394896, -0.159446, -0.0276616, 0.320958, 1
-0.569655, 0.0176133, 0.595463, 0.028503, 0.0271395, -0.00524453, 1
-0.148482, -0.182042, 0.472769, -0.00418331, -0.00266609, -0.000847944, 1
-0.138253, -0.521828, 0.336374, -0.00239641, -0.00176011, 0.0028847, 1
-0.133379, 0.0474691, 0.457686, 0.0115247, -0.00784683, -0.0236668, 1
0.175861, 0.461882, 0.49055, 0.252512, 0.219855, -0.0609272, 1
-0.343662, -0.455558, 0.588868, -0.0262589, 0.0157323, 0.0269492, 1
-0.237791, -0.111197, 0.605972, 0.0417832, 0.00993852, 0.0178409, 1
0.0391974, 0.101622, 0.363342, -0.00367388, 0.010746, -0.00693291, 1
-0.56133, 0.614283, 0.540187, 0.0890094, 0.180686, 0.0456394, 1
0.506195, 0.037327, 0.454043, 0.00805457, -0.000160738, -0.000898602, 1
-0.434074, 0.0976353, 0.615937, -0.00521627, 0.00551817, 0.00705816, 1
-0.572076, 0.579116, 0.412936, -0.00544796, 0.00513876, -0.0111379, 1
0.0590735, -0.1891, 0.43997, -0.016301, 0.0140396, 0.0288986, 1
0.144642, 0.307484, 0.609328, 0.00109204, 0.000483258, -0.000252609, 1
-0.544468, -0.146619, 0.567307, -0.00423168, 0.0441273, 0.00716162, 1
0.157803, 0.139683, 0.610909, -0.0160681, -0.0281502, 0.00813737, 1
-0.00658025, 0.531855, 0.425619, -0.0142132, -0.00189205, 0.013824, 1
-0.102547, -0.0589105, 0.608515, -0.00150352, 0.0017121, 0.00422291, 1
0.0908941, 0.00972287, 0.604595, -0.033715, 0.0186922, 0.0347892, 1
-0.268211, -0.114045, 0.456436, -0.0111791, -0.0213399, -0.0394732, 1
0.288035, 0.081844, 0.323354, -5.6047e-05, -0.00740856, 0.00323368, 1
0.23193, 0.139732, 0.625624, 0.00322155, -0.000980222, 0.00770744, 1
0.623747, -0.431158, 0.420858, 0.0285235, -0.0144357, 0.0258024, 1
-0.136228, 0.343447, 0.340238, 0.00250728, -0.000234708, -0.0147852, 1
-0.21877, 0.428943, 0.461074, 0.0403715, 0.0867342, -0.0952327, 1
-0.469394, -0.043217, 0.338504, 0.00376167, -0.037017, -0.0486935, 1
-0.545612, 0.580166, 0.628959, 0.0104207, 0.0102677, 0.0138039, 1
-0.103065, -0.152344, 0.45674, -0.125784, -0.13803, 0.000600902, 1
-0.188859, 0.568513, 0.616662, -0.00098187, 0.0011035, 0.00142391, 1
-0.290332, -0.329661, 0.43066, -0.00560978, -0.0127027, -0.0296674, 1
0.275484, 0.588337, 0.608612, -0.0195028, -0.0197862, 0.0219949, 1
0.308973, 0.190303, 0.486054, 0.0152165, 0.00694192, 0.00716833, 1
0.291614, 0.184087, 0.535755, 0.0164643, 0.0164684, 0.0112888, 1
-0.544808, -0.582104, 0.464126, -0.14424, -0.112914, 0.171616, 1
-0.443783, -0.17091, 0.413871, 0.0364899, 0.00602435, -0.0326671, 1
0.140587, -0.0103406, 0.560557, -0.00926369, 0.0134194, 0.0271705, 1
0.234676, 0.0740106, 0.548108, -0.0607316, -0.0155757, 0.0571893, 1
0.230657, 0.600909, 0.352531, -0.00571284, 0.0194232, 0.0175513, 1
-0.462235, -0.217913, 0.337168, 0.00357434, -0.0079415, -0.00644315, 1
-0.515441, 0.121719, 0.412244, 0.00219118, -0.0042009, -0.00698605, 1
-0.0527297, -0.23276, 0.401837, -0.0519293, 0.0280635, 0.0306445, 1
-0.138137, -0.553751, 0.606904, -0.0146126, -0.022737, 0.00781872, 1
0.54615, 0.367827, 0.495435, 0.00550281, -0.0133523, -0.0107782, 1
0.169316, 0.452982, 0.5074, 0.126053, 0.0579407, 0.264114, 1
-0.494035, -0.620765, 0.622163, 0.000400034, -0.0107038, 0.00610394, 1
-0.0984784, 0.149786, 0.462087, 0.0496142, -0.1218, -0.0488428, 1
-0.376103, -0.245502, 0.323099, 0.00314339, 0.0118189, -0.00460369, 1
0.556403, 0.615119, 0.315835, -0.000174087, -0.00377212, -0.000750492, 1
-0.553327, -0.477079, 0.418848, 0.266602, 0.111869, 0.0420132, 1
-0.46458, -0.362557, 0.606768, -0.00877735, -0.0613124, 0.00665968, 1
-0.075531, 0.214676, 0.391087, 0.0359984, -0.000876715, -0.0256245, 1
0.271891, -0.553425, 0.410141, 0.0303819, 0.0069186, 0.00644429, 1
0.179653, 0.622689, 0.344606, -0.0037217, -0.00685129, 0.000109376, 1
-0.358462, 0.162041, 0.615343, 0.000607667, 0.010391, 0.0113728, 1
0.41121, 0.29797, 0.617642, 0.00189913, 0.0174161, 0.0187304, 1
0.380008, -0.430472, 0.497598, -0.00165795, 0.0025513, 0.00193203, 1
-0.291498, -0.176611, 0.593713, -0.0278233, 0.00700708, 0.0801851, 1
-0.259031, -0.250172, 0.590002, -0.00340403, -0.0132503, 0.00407876, 1
-0.255617, -0.173535, 0.628223, 0.024643, -0.000822083, 0.0613451, 1
0.159848, -0.00815177, 0.380093, 0.0440529, -0.0605831, 0.00224981, 1
0.0670674, 0.546281, 0.591253, 0.00296603, -0.00225715, 0.00244678, 1
0.37149, 0.188208, 0.610388, 0.000666616, -0.0578581, 0.0677365, 1
-0.507802, -0.262102, 0.608569, -0.0161321, -0.0509934, 0.1052, 1
-0.389303, 0.00939996, 0.491589, 0.0457324, 0.0373828, -0.0850857, 1
-0.447786, -0.209353, 0.40859, -0.0122655, 0.0262998, -0.122978, 1
-0.49707, -0.459309, 0.458463, 0.000141548, 0.0615617, -0.00360818, 1
0.233395, -0.120844, 0.571801, -0.0274037, 0.0847172, 0.0891742, 1
0.0883946, 0.250089, 0.351768, 0.447921, -0.121333, -0.23272, 1
-0.07145, 0.624435, 0.465875, -0.00333808, -0.00207828, -0.000827244, 1
-0.0784106, 0.15432, 0.621328, -0.00238704, -0.00386213, 0.00304829, 1
0.182035, -0.408576, 0.600407, 0.00158047, 0.00588924, 0.030063, 1
0.0271929, 0.592877, 0.489968, 0.0220032, 0.0273919, 0.0139541, 1
-0.0511101, -0.544888, 0.581934, -0.0159819, -0.0271665, 0.00174994, 1
-0.136687, -0.304227, 0.426793, -0.00163385, 0.0156612, -0.00439771, 1
0.56974, -0.12205, 0.531945, -0.00844649, -0.0366859, 0.0234535, 1
-0.315753, 0.0108436, 0.574609, -0.0150921, 0.011624, -0.0111552, 1
0.258173, -0.385725, 0.386907, -0.0779038, 0.0262684, 0.0132622, 1
0.0255253, 0.332633, 0.60692, -0.0326266, -0.00750744, 0.0577359, 1
0.172669, -0.36878, 0.605538, -0.00504477, 0.0193771, 0.0120989, 1
-0.483686, 0.182772, 0.486627, 0.0294916, 0.132621, -0.0214545, 1
-0.518229, -0.265156, 0.541974, -0.125517, -0.13117, 0.0274359, 1
0.623472, 0.392, 0.532702, 0.0201477, 0.0542293, -0.0564105, 1
0.0634903, -0.289073, 0.553971, 0.00870087, 0.0126211, 0.00769275, 1
-0.128629, 0.204202, 0.320423, -0.00643041, -0.0178623, 0.0134411, 1
0.318614, 0.143979, 0.447402, 0.00401713, -0.011842, 0.0180591, 1
-0.0734588, 0.45819, 0.607604, -0.00853112, 0.00556726, 0.00539424, 1
-0.294878, 0.0863997, 0.353681, 0.0132575, -0.0198027, -0.0104269, 1
-0.00717699, -0.518038, 0.594331, -0.00848899, -0.0740019, 0.0878211, 1
-0.099351, 0.284594, 0.344645, -0.0451873, -0.0137116, 0.00602134, 1
-0.197053, 0.430872, 0.547829, -0.211593, 0.230004, 0.336339, 1
0.489528, 0.542606, 0.324049, 0.0122386, 0.0602248, -0.034392, 1
0.137569, 0.536114, 0.57954, -0.00664363, -0.00203684, 0.00167699, 1
-0.251476, -0.0303593, 0.34978, 0.0140897, 0.0142065, 0.00475527, 1
-0.555446, 0.470975, 0.558322, 0.0407289, -0.0469922, -0.0164772, 1
-0.533679, 0.159626, 0.436826, -0.0126143, 0.0105977, -0.0461483, 1
-0.00399873, -0.543797, 0.393882, -0.00399039, -0.0654463, -0.0202405, 1
-0.0934382, -0.208711, 0.572973, -0.0479963, -0.011507, -0.0142984, 1
0.0613608, 0.414076, 0.600954, 0.0119568, 0.0101108, -0.000682554, 1
-0.0811705, -0.315239, 0.514612, -0.00183726, 0.00131532, 0.00483833, 1
0.0374813, 0.117671, 0.464839, -0.00420081, 0.00438533, -0.00872531, 1
-0.291058, -0.0227643, 0.443, -0.0124503, 0.0316773, -0.0214572, 1
-0.25479, -0.515159, 0.419537, -0.0357055, -0.00177015, -0.0493369, 1
-0.456486, -0.136672, 0.569438, 0.0431573, 0.0460633, 0.0333594, 1
-0.317291, -0.062154, 0.529691, 0.00358486, 0.0326297, 0.0330824, 1
-0.603858, 0.0341303, 0.412107, 0.00149835, 0.00668287, -0.00445009, 1
-0.116482, -0.599832, 0.433648, -0.000470866, -0.00303837, -0.00505612, 1
0.19912, -0.0633066, 0.538961, -0.00988737, 0.00503716, 0.0163304, 1
-0.0288414, 0.628018, 0.484989, -0.00774526, 0.00448493, -0.00184633, 1
-0.144878, -0.0831162, 0.563671, 0.00396574, 0.0205346, 0.00217536, 1
-0.606284, 0.584328, 0.435598, -0.0085419, 0.00263473, -0.00967682, 1
-0.00685516, -0.336693, 0.587397, -0.0236902, 0.0389719, 0.0336628, 1
0.505216, 0.0384804, 0.616099, -0.00762749, 0.000747226, 0.0230611, 1
-0.336489, 0.211958, 0.42444, 0.0396056, 0.101842, 0.00531304, 1
-0.578591, 0.524631, 0.566392, -0.0611484, -0.00596631, -0.141932, 1
0.280246, 0.550736, 0.417434, -0.00370552, 0.00617523, 0.00687854, 1
-0.591181, -0.195709, 0.424967, 0.0229855, -0.00772086, 0.0671143, 1
-0.116515, -0.626552, 0.566631, -0.00372227, -0.0197116, -0.00437125, 1
-0.480524, -0.0254302, 0.566144, -0.261273, -0.141446, -0.0366738, 1
0.199507, 0.459655, 0.387875, 0.00923956, 0.00718362, -0.00801208, 1
-0.0656642, 0.483334, 0.376466, -0.177232, -0.00961693, 0.121875, 1
0.416799, -0.153484, 0.449783, -0.00625894, -0.00250529, 0.00801739, 1
0.246535, -0.278232, 0.616894, -0.000824592, -0.0004048, 0.00223335, 1
0.191075, 0.0152426, 0.512393, 0.0153619, 0.0109514, 0.0640827, 1
0.628907, 0.0666155, 0.48606, 0.0716518, -0.0228141, -0.0808828, 1
0.374622, -0.283102, 0.466253, -0.00848701, 0.0391892, -0.0564694, 1
-0.475497, -0.244319, 0.574817, 0.119777, -0.192262, 0.210006, 1
-0.0355566, 0.269129, 0.575669, 0.152339, 0.0582221, -0.00263532, 1
-0.288887, 0.418569, 0.411821, 0.0283484, 0.366138, -0.291604, 1
-0.544162, -0.0118877, 0.369244, -0.0726643, 0.0105019, -0.0321424, 1
-0.252591, 0.552412, 0.332587, -0.0177831, 0.0147667, 0.0101235, 1
-0.00665442, 0.339247, 0.451707, -0.023437, -0.0006308, -0.0188268, 1
0.532553, -0.0441811, 0.53964, -0.00121354, 0.00589082, 0.0106975, 1
0.480277, -0.483069, 0.385959, -0.0276663, 0.00358824, -0.00383131, 1
0.00999524, -0.484125, 0.560104, 0.0191446, -0.0124505, -0.046527, 1
-0.565619, 0.52046, 0.331838, -0.0149463, -0.00628463, -0.00647511, 1
0.0394665, -0.585, 0.428249, -0.0085226, -0.0128368, -0.0159313, 1
-0.181121, 0.00940688, 0.33804, -0.0013388, -0.00117067, -0.000878446, 1
-0.398296, 0.350484, 0.600173, -0.0368957, 0.0668656, 0.187596, 1
-0.010939, 0.436285, 0.43971, -0.0364606, -0.0386063, -0.00960902, 1
0.20611, -0.44627, 0.420322, 0.00140933, -0.0015868, 0.00702155, 1
0.27653, 0.177039, 0.347643, -0.199561, 0.0821078, -0.309757, 1
-0.436497, 0.0796285, 0.494089, -0.0153692, 0.00866961, -0.00975435, 1
0.462134, -0.0700584, 0.530812, -0.0502622, 0.0976763, 0.0172357, 1
-0.513882, 0.5699, 0.567272, 0.0431436, 0.00528165, 0.0123652, 1
0.466607, -0.625682, 0.539896, -0.000582199, 0.0058105, 0.00580911, 1
0.534031, 0.0437478, 0.551137, -0.0253318, 0.00105138, 0.000958054, 1
-0.272827, 0.492591, 0.395998, -0.115598, -0.0634051, -0.0196074, 1
-0.180594, -0.535669, 0.326128, -0.00184002, -0.00148801, 0.00269657, 1
-0.299755, 0.0833554, 0.59269, 0.0052487, -0.0351053, 0.0303878, 1
0.199159, -0.340498, 0.323632, 6.49501e-05, 5.27579e-05, -0.000326541, 1
0.620522, 0.565996, 0.525382, -0.00757228, 0.00188334, -0.00133709, 1
-0.508759, -0.500465, 0.387799, -0.00129, 0.0439286, -0.0686484, 1
0.20767, 0.591632, 0.527775, 0.00215153, 0.0011246, -0.00392961, 1
-0.188934, -0.552214, 0.512759, 0.061643, -0.103684, -0.00528529, 1
-0.439699, 0.544357, 0.51383, 0.00324383, 0.00480574, 0.000396553, 1
0.459959, 0.448425, 0.367276, 0.0133727, -0.0501387, -0.0103372, 1
0.144653, -0.454366, 0.332932, 0.0258384, 0.0100095, -0.056323, 1
0.468718, -0.0049967, 0.356506, -0.0328805, -0.00650219, -0.00228851, 1
0.513303, 0.325212, 0.534836, -0.0596988, -0.0145214, -0.0279878, 1
0.364209, -0.105593, 0.607202, 0.00199817, 0.0016594, 0.00508907, 1
0.398809, -0.115035, 0.59121, -0.0144856, 0.00953176, 0.0122974, 1
-0.0195146, 0.00617018, 0.623585, -3.09169e-08, 3.56361e-08, -0.000245514, 1
0.271753, -0.416123, 0.614002, 0.00592728, 0.0630566, 0.0525705, 1
-0.137, 0.0249067, 0.318458, -0.00300849, 0.00341802, 0.0148127, 1
-0.605817, 0.215171, 0.612038, -0.0167905, -0.00101914, 0.012599, 1
0.189574, 0.0451659, 0.566653, -0.00453554, 0.0391751, 0.0360305, 1
0.39875, -0.440144, 0.610552, 0.000238763, 0.000887854, 0.0049872, 1
0.470552, -0.60139, 0.451812, 0.0245462, -0.0281908, -0.0444254, 1
-0.623277, 0.541876, 0.375624, 0.00673106, 0.000722067, -0.00154217, 1
0.256139, 0.276122, 0.506717, 0.0440393, 0.0373572, 0.0543905, 1
0.165094, 0.0449678, 0.320467, 0.00850164, 0.00838818, -0.0187153, 1
0.010081, -0.60451, 0.479501, -0.0117538, -0.00739968, 0.000603361, 1
-0.0154337, 0.297207, 0.532961, 0.0211793, -0.000932025, -0.00655876, 1
-0.0792795, -0.469757, 0.381697, -0.00826771, 0.00553125, 0.00804003, 1
-0.0653754, -0.445611, 0.59298, -0.0198917, 0.0110215, -0.0106494, 1
-0.137078, 0.373927, 0.446781, 0.029967, 0.0834854, -0.029808, 1
-0.39032, 0.142713, 0.494236, -0.142566, -0.108732, 0.0812498, 1
-0.467964, -0.0166983, 0.501379, -0.109428, -0.056402, -0.0743955, 1
0.0793583, -0.0100119, 0.479357, -0.00648118, 0.117472, -0.133754, 1
0.321929, -0.383836, 0.390897, 0.0926398, 0.0519819, 0.0161379, 1
-0.171057, 0.411221, 0.55963, -0.140039, -0.0597101, 0.695221, 1
-0.149114, -0.208661, 0.565993, -0.0438252, 0.0319077, -0.0126598, 1
0.508963, 0.405869, 0.482804, -0.0157597, 0.0211006, -0.0021329, 1
0.120953, -0.303374, 0.522855, 0.0208368, 0.00928922, 0.00894398, 1
0.387813, 0.261214, 0.568943, 0.0130143, 0.0649809, -0.0517562, 1
0.239881, -0.505828, 0.504934, -0.0247517, 0.025611, -0.0122412, 1
-0.492849, -0.266184, 0.383122, -0.00341762, -6.72966e-05, -0.00133319, 1
0.224167, -0.104185, 0.536438, -0.0231758, 0.0695041, 0.0382519, 1
-0.290171, 0.605137, 0.376444, -0.00104058, -0.000545864, -0.000782469, 1
0.367331, 0.297102, 0.437976, -0.0463517, 0.032348, -0.0550114, 1
-0.588936, -0.503918, 0.38329, 0.0563569, -0.189824, -0.408895, 1
0.389656, -0.0230688, 0.488616, 0.0010221, -0.00202008, -0.0041406, 1
0.133774, -0.14407, 0.432592, 0.0126082, 0.0380435, -0.0237102, 1
-0.454865, 0.606847, 0.514239, 0.00357312, -0.000944009, 0.00134525, 1
0.376629, 0.364696, 0.422052, -0.115615, 0.0455887, -0.0861909, 1
0.132549, -0.0253865, 0.453086, -0.0077201, -0.0453677, -0.0373089, 1
-0.367567, 0.111728, 0.544031, -0.000570468, -0.0161053, 0.0443703, 1
-0.0950082, -0.294069, 0.360494, -0.00664001, -0.00542897, -0.00171915, 1
-0.469111, 0.0457233, 0.354287, -0.0247966, 0.257023, -0.28499, 1
-0.223262, -0.216909, 0.586053, 0.0150451, -0.0111154, 0.000405421, 1
0.268715, -0.175881, 0.617565, -0.0018938, -0.00563637, 0.0154029, 1
0.541949, -0.416189, 0.454307, -0.0113181, 0.00839247, 0.000505339, 1
-0.0234419, 0.347548, 0.57578, -0.043894, -0.0226054, 0.0274438, 1
0.446999, 0.522646, 0.570001, 0.00356993, -0.00447249, -0.0037424, 1
-0.0158969, 0.269312, 0.503684, 0.0507669, -0.0369299, -0.060654, 1
0.412384, -0.228102, 0.339847, 0.00431945, -0.03111, 0.00138176, 1
-0.295127, 0.0342941, 0.525269, -0.00879953, -0.0178799, -0.00135852, 1
0.621069, 0.569249, 0.609243, -0.00643468, 0.00191558, 0.000912679, 1
-0.45681, -0.529825, 0.463183, 0.264283, -0.0254092, 0.100559, 1
-0.299589, -0.123123, 0.566447, -0.0187114, 0.0309599, -0.00615243, 1
-0.475229, -0.484372, 0.364985, 0.0108936, -0.00615446, 0.00286236, 1
-0.524824, -0.572386, 0.418429, -0.241775, -0.289006, -0.28901, 1
0.0324764, 0.0341351, 0.347825, -0.0182869, -0.00129165, -0.0209724, 1
-0.184257, -0.148829, 0.320996, -0.000187376, 0.00498839, -0.000882535, 1
-0.424106, 0.465238, 0.545815, 0.0118208, 0.00137693, -0.0447129, 1
0.330704, 0.247658, 0.331299, 0.180496, 0.09735, -0.188185, 1
0.430163, 0.582494, 0.497363, -0.0111767, -0.00130104, -0.00175941, 1
0.0113877, 0.5736, 0.482184, -0.0154677, -0.016224, 0.0108946, 1
-0.0714938, -0.513174, 0.507219, -0.0082363, -0.013524, 0.00129421, 1
0.521312, -0.1828, 0.318947, -0.0106001, 0.0390114, -0.0276656, 1
0.267244, -0.0280654, 0.355345, -0.0126621, 0.00368254, -0.014294, 1
0.467259, 0.0770744, 0.36974, 0.0250635, -0.0731121, 0.167173, 1
-0.378879, -0.520413, 0.535764, -0.00160302, -0.0276801, -0.0105691, 1
-0.247505, -0.0747057, 0.341066, 0.0233146, 0.0190775, -0.00345636, 1
-0.223448, 0.131151, 0.614866, 0.00256151, 0.000788914, 0.0014211, 1
-0.560042, -0.168109, 0.51929, -0.0211194, 0.00484939, -0.0128298, 1
-0.494775, -0.367909, 0.507423, 0.106929, -0.0145069, 0.0620338, 1
0.23475, 0.273443, 0.493332, -0.0379734, 0.0075575, -0.00759297, 1
-0.356366, -0.428015, 0.522529, -0.0453475, 0.032907, 0.00965541, 1
0.412583, -0.536667, 0.319338, -0.000849565, -0.00583127, 0.00656015, 1
0.428446, 0.360541, 0.469813, 0.0846933, 0.203576, 0.578266, 1
0.5899, 0.197837, 0.331591, -0.000347387, 0.000645862, 0.00013377, 1
-0.450995, 0.448921, 0.358978, -0.0135312, -0.00900459, -0.0139109, 1
0.432135, -0.428547, 0.497793, 0.00254799, 0.00188255, 0.00406965, 1
0.536473, -0.0220321, 0.37309, 0.012736, 0.0242164, -0.0162928, 1
0.476085, 0.0478889, 0.488553, -0.00184953, -0.00267334, -0.00115166, 1
0.0333913, 0.183077, 0.554067, -0.0017362, 0.00589883, 0.00154186, 1
-0.456771, -0.212136, 0.464937, -0.0885699, 0.018135, 0.0748562, 1
0.256629, 0.0614606, 0.515424, -0.126605, -0.0850472, 0.0711822, 1
-0.173108, -0.15592, 0.538748, -0.00647731, -0.00368401, -0.00598142, 1
-0.155681, -0.357437, 0.471393, -0.0217835, 0.0128714, 0.0306181, 1
0.463644, -0.3975, 0.363361, 0.00235385, 0.00182484, -0.00109721, 1
0.530079, -0.218532, 0.3181, 0.0318547, -0.0253825, -0.00993342, 1
-0.553861, -0.41636, 0.368454, 0.00560475, -0.00550112, -0.00930359, 1
0.177383, -0.509851, 0.520437, 0.000490132, 0.038267, -0.0216048, 1
0.409815, 0.596198, 0.374919, 0.000348578, 0.00168265, -0.000808122, 1
-0.155825, -0.000374605, 0.578179, 0.0222215, -0.0255264, 0.0124258, 1
-0.45941, 0.172818, 0.367654, -0.0478313, 0.0753531, 0.0896515, 1
0.140411, -0.200517, 0.54051, -0.0408568, -0.0186696, 0.0962211, 1
-0.317746, 0.256339, 0.344039, -0.00168891, 0.00399044, -0.00176097, 1
0.57732, -0.529305, 0.412171, 0.00486027, -0.00666603, 0.00238534, 1
-0.0569625, 0.564302, 0.470286, -0.00311454, 0.0237575, -0.0259201, 1
0.136555, 0.464417, 0.573144, 0.0114929, 0.0560584, -0.00110705, 1
0.14903, 0.54052, 0.626545, -0.00140691, -0.0010214, 0.00242022, 1
0.362921, 0.0879389, 0.341591, -0.00867952, -0.00070494, 0.00229399, 1
-0.0751834, -0.13221, 0.33315, -0.0244331, -0.0213168, -0.00835552, 1
0.164564, 0.341929, 0.490547, -0.0324268, 0.0313865, 0.0438147, 1
-0.0425739, 0.512482, 0.376261, 0.0898046, 0.280249, 0.0340379, 1
0.168115, 0.0229293, 0.483622, -0.0273189, 0.107074, -0.0768765, 1
-0.1897, 0.335146, 0.390216, -0.0111996, -0.00900752, 0.000578756, 1
-0.0734704, 0.282503, 0.415381, 0.0160081, -0.0492156, 0.0213253, 1
0.315285, -0.404423, 0.398966, 0.0529249, -0.118098, 0.122794, 1
-0.323424, 0.362095, 0.357579, 0.0083263, -0.0376822, -0.040122, 1
-0.550701, -0.118838, 0.335218, -0.00436237, 0.000129244, 0.0019649, 1
-0.564375, -0.385881, 0.514694, -0.0872769, 0.0096431, 0.0115343, 1
-0.457936, 0.168899, 0.32415, -0.0449021, 0.198727, -0.103819, 1
-0.385263, -0.2965, 0.567123, 0.0834671, -0.0025525, 0.0097762, 1
0.316999, 0.29089, 0.537753, 0.00149962, 0.00676275, -0.00461738, 1
0.562115, -0.170959, 0.385995, 0.0145283, 0.0721007, 0.0725395, 1
-0.0232489, 0.269305, 0.627272, 0.0113397, -0.00345355, 0.124697, 1
0.27769, -0.434129, 0.540407, -0.052824, 0.0786765, -0.0616846, 1
-0.58064, 0.51112, 0.596792, -0.0398806, -0.0979, 0.13031, 1
-0.244705, -0.442268, 0.529825, -0.0571121, 0.0890849, 0.000647841, 1
-0.0743159, -0.363005, 0.342625, -0.00559058, 0.0157491, -0.0174592, 1
0.00662945, -0.297416, 0.403645, -0.00571986, -0.042002, -0.00281403, 1
-0.45445, -0.125389, 0.603361, 0.00970203, 0.00948924, 0.0192542, 1
-0.417775, 0.119312, 0.371745, 0.0789287, -0.0535716, 0.156018, 1
0.590792, -0.193652, 0.601958, -0.000622076, -0.0037189, -0.00179411, 1
0.22195, -0.2615, 0.401728, 0.101091, -0.125312, -0.119192, 1
0.506002, 0.345214, 0.626545, -0.0144351, 0.000897712, 0.0116257, 1
0.495236, -0.00705962, 0.360522, -0.0173739, -0.00947799, -0.00260488, 1
0.13701, 0.0422635, 0.330811, 0.00616283, 0.0309344, -0.0519319, 1
0.00432366, 0.427522, 0.377735, -0.0261286, -0.0415616, 0.0237737, 1
-0.39623, -0.276757, 0.444475, 0.0412223, -0.0592475, -0.0154193, 1
-0.285659, 0.359835, 0.527611, -0.0310985, -0.096107, 0.0212364, 1
0.0689947, 0.535349, 0.338773, 0.000298219, -0.000889036, -0.00487431, 1
-0.0374155, -0.512389, 0.526092, -0.0041893, -0.0350747, -0.0184044, 1
0.189638, -0.551561, 0.320188, -0.00190301, -0.00441241, -0.00328231, 1
0.0776185, 0.300353, 0.412304, 0.209285, 0.114369, 0.261381, 1
0.424603, 0.176391, 0.341117, -0.00278725, 0.0513712, 0.0189271, 1
0.41093, 0.0416633, 0.496843, 0.0484093, -0.0500517, -0.0284763, 1
0.593091, -0.451291, 0.349918, -0.0135134, 0.0137749, -0.0479647, 1
-0.603518, 0.182997, 0.614289, -0.00608852, -0.00664644, 0.00555414, 1
-0.352505, 0.41673, 0.387609, -0.0463233, 0.0295979, -0.00954029, 1
0.165467, -0.498893, 0.320077, 0.0025529, -0.00856127, -0.0115958, 1
-0.243941, 0.200065, 0.611405, 0.00234556, -0.00307018, 0.0055549, 1
-0.148774, -0.467314, 0.325817, 6.00264e-05, 5.94376e-05, -0.00328288, 1
-0.564258, 0.352288, 0.345418, 1.15068e-05, 0.0132071, -0.0134971, 1
-0.543431, -0.200057, 0.577997, -0.0961358, 0.0679013, 0.0506859, 1
-0.154142, -0.405417, 0.464603, 0.0225037, -0.018449, 0.062999, 1
-0.0496011, -0.624451, 0.317528, -0.00302806, 0.00471106, 0.00314404, 1
-0.582084, 0.598604, 0.362197, -0.00122089, 0.00108521, -0.00151704, 1
-0.442339, 0.62505, 0.565437, 7.57145e-05, -0.00987907, -0.000241664, 1
-0.505036, -0.357418, 0.512128, 0.0538398, 0.0389602, 0.0984232, 1
-0.214527, 0.438013, 0.544896, -0.256598, 0.184307, 0.211528, 1
-0.194147, -0.435892, 0.437421, 0.0216038, -0.0678019, 0.0962896, 1
-0.26838, 0.0452981, 0.478084, -0.0611241, -0.054484, 0.0432578, 1
-0.225039, 0.111003, 0.408665, -0.023726, 0.0257401, -0.0738045, 1
-0.103296, 0.197535, 0.516141, 0.0360246, -0.153013, 0.180954, 1
-0.311163, -0.58657, 0.572278, 0.00096861, -0.00511146, 0.00284707, 1
0.287323, -0.0062072, 0.573656, -0.0206045, 0.00361838, -0.0184338, 1
0.29751, 0.0416726, 0.565816, -0.0166319, 0.00804609, 0.0530989, 1
0.48637, 0.229297, 0.564588, -0.0122717, -0.012638, -0.00337552, 1
0.228262, 0.354224, 0.317742, -0.00380912, 0.0108744, 0.00101293, 1
-0.243079, -0.490267, 0.584736, -0.0714312, -0.014944, 0.0574508, 1
-0.58335, -0.0544503, 0.318273, -0.000120784, 0.0014424, -0.000810564, 1
-0.0935922, 0.307133, 0.487088, 0.150722, 0.14519, 0.0955971, 1
0.558815, -0.547869, 0.357348, 0.00320633, -0.00926599, -0.00171591, 1
-0.32638, -0.0212018, 0.564223, -0.00212494, -0.00615271, -0.0104068, 1
0.478257, 0.297598, 0.575071, -0.00379722, 0.0261391, -0.00877702, 1
0.247514, -0.0450419, 0.416028, -0.010865, 0.000368105, -0.00320982, 1
0.0222845, -0.377495, 0.583937, 0.0904174, -0.003779, 0.026685, 1
-0.234305, -0.521089, 0.483771, 0.0554088, -0.308038, -0.130338, 1
-0.495807, 0.337137, 0.414836, 0.00358147, 0.00388314, -0.00152808, 1
-0.484765, -0.535906, 0.44976, 0.296858, 0.000329392, 0.0807999, 1
0.594254, -0.489292, 0.593638, 0.00632505, -0.00506349, 0.00150016, 1
0.607417, 0.0470791, 0.512931, 0.108431, -0.0866883, -0.0304835, 1
0.0359152, -0.0240694, 0.533454, -0.182371, 0.172218, 0.0688246, 1
0.20538, 0.279514, 0.370663, 0.164511, -0.0665982, 0.0631618, 1
-0.057583, 0.127807, 0.602553, 0.00054159, -0.00230429, 0.000795082, 1
-0.277152, -0.254641, 0.433802, -0.00782195, 0.0113536, -0.00103785, 1
0.127035, 0.397606, 0.496919, -0.0353481, -0.100385, 0.0164746, 1
-0.0570691, -0.466662, 0.524138, -0.00763271, 0.0373491, 0.0124925, 1
0.618087, -0.332506, 0.450931, 0.0216503, 0.00953097, -0.00580176, 1
-0.242423, -0.187307, 0.474445, 0.0153108, -0.00992624, 0.00100547, 1
0.29669, -0.223017, 0.509613, 0.278668, 0.0771539, -0.265515, 1
0.151389, -0.245563, 0.363892, 0.0608875, 0.00350723, -0.0224958, 1
-0.316741, 0.420315, 0.515366, -0.114952, 0.0641974, 0.0352303, 1
0.557149, -0.00426804, 0.427753, -0.00166776, 0.012538, 0.0110557, 1
-0.480053, 0.568112, 0.617196, 0.000675305, 0.000121176, 0.000883083, 1
-0.589693, -0.339003, 0.396045, 0.0501963, 0.00146958, -0.163313, 1
-0.114412, 0.417995, 0.337955, -0.00995347, -0.0135392, -0.00494583, 1
0.613337, -0.269038, 0.378781, -0.00423857, -0.00109914, -0.000395225, 1
0.190034, -0.280914, 0.453145, 0.276507, -0.827005, 0.000551458, 1
-0.526096, 0.106627, 0.563809, 0.025732, 0.0202785, 0.00176683, 1
0.111759, -0.226647, 0.350564, 0.0247279, 0.0768437, 0.0445681, 1
-0.369642, 0.554706, 0.446664, 0.00552687, -0.00384577, 0.00448604, 1
-0.174001, -0.391999, 0.394252, -0.0412344, 0.0992649, -0.0963021, 1
0.627535, -0.464813, 0.550676, -0.00931257, -0.00408778, -0.0026155, 1
-0.181307, -0.314903, 0.535213, 0.000639591, -0.00510274, 0.00147749, 1
-0.232377, -0.274632, 0.607953, -0.00539013, -0.00368324, 0.00248661, 1
0.0918747, 0.240919, 0.554961, 0.000319767, -0.00026937, -0.00358247, 1
0.183769, 0.224293, 0.330211, 0.00345398, -0.0272587, -0.0229376, 1
0.438966, -0.215636, 0.417473, 0.0251755, 0.0845138, -0.0138966, 1
-0.268306, -0.111769, 0.601621, -0.0252852, 0.0204296, 0.0219197, 1
-0.532922, 0.629953, 0.387469, -0.000991674, -0.00991637, -0.000699347, 1
-0.390592, -0.369653, 0.368654, 0.0072499, 0.0125857, -0.00373364, 1
0.136139, 0.0863098, 0.428145, 0.0774764, 0.115677, 0.0819536, 1
0.453221, 0.0838809, 0.469433, 0.000228115, 0.00556305, -0.00391429, 1
0.136072, 0.532538, 0.548198, -0.00437984, -0.000126792, -0.00280459, 1
-0.242928, -0.329803, 0.322049, -0.00286528, 0.00099401, 0.00227468, 1
-0.330967, 0.392035, 0.53977, -0.0294687, 0.00601064, 0.0373092, 1
0.628951, -0.0541587, 0.438352, -0.00420689, -0.00337573, 0.00503186, 1
-0.570058, -0.245156, 0.541934, -0.127632, 0.0111296, -0.00560365, 1
-0.160091, 0.116501, 0.356501, 0.00522357, 0.00820641, -0.00858463, 1
-0.273461, 0.213542, 0.356498, 0.0290541, 0.0698685, -0.0219745, 1
0.0164863, 0.452914, 0.421576, 0.0136686, 0.00695202, 0.00828119, 1
0.231176, -0.0409107, 0.600644, -0.00696305, 0.000211592, 0.00419184, 1
-0.576096, -0.217653, 0.464124, -0.00493128, -0.00698784, 0.00542065, 1
0.0417095, 0.548383, 0.439767, 0.0498082, -0.0668634, 0.00785706, 1
-0.285351, -0.324508, 0.514807, 0.0208678, 0.00532455, 0.0375784, 1
-0.257082, -0.025512, 0.455325, -0.00512663, 0.0502825, -0.0192581, 1
-0.617856, -0.0265244, 0.599277, -0.0281995, -0.00754719, 0.0100591, 1
-0.124374, 0.0333806, 0.380497, 0.0213249, -0.00822593, -0.0205096, 1
-0.476492, 0.503253, 0.567113, -0.00218892, 0.00645827, 0.00657651, 1
-0.310415, -0.400172, 0.463007, 0.0336282, 0.0134484, 0.00705945, 1
-0.144349, 0.246278, 0.418745, -0.134722, 0.170226, -0.0457739, 1
0.282028, -0.152509, 0.566008, 0.0673449, -0.00324114, 0.0346741, 1
0.164752, -0.0986413, 0.354104, -0.0102374, 0.00557467, 0.00380986, 1
-0.498607, 0.573032, 0.333709, -0.0721646, 0.0665702, 0.000820985, 1
0.000534662, -0.342283, 0.410073, 0.0541296, 0.00658073, -0.0132625, 1
-0.46009, 0.0305986, 0.561186, -0.495449, 0.438464, -0.160434, 1
0.101285, 0.0427061, 0.397064, 0.030103, 0.155765, -0.294942, 1
-0.0214628, 0.548295, 0.5629, -0.018893, -0.00311986, 0.0250225, 1
0.240597, -0.55816, 0.531222, 0.0149571, -0.000192611, 0.0483543, 1
-0.0108058, -0.238612, 0.58867, 0.0486019, 0.146722, -0.0797334, 1
0.581297, 0.247002, 0.492749, 1.98609e-05, 0.00100952, -0.00214194, 1
-0.263576, -0.100933, 0.612112, -0.0164867, 0.0394748, 0.0432379, 1
-0.519397, -0.566145, 0.429961, -0.192809, -0.211794, -0.0292873, 1
-0.362907, -0.434789, 0.415728, 0.0209219, 0.00960501, -0.012903, 1
-0.287998, 0.195709, 0.487648, -0.0617952, 0.0984179, -0.0167016, 1
0.0923674, 0.365583, 0.337807, 0.0782959, 0.00855607, -0.065721, 1
-0.182743, -0.163095, 0.505975, -0.000696148, -0.00400969, 0.000153633, 1
0.145585, 0.445405, 0.485558, -0.271002, -0.00935146, -0.106385, 1
-0.122669, 0.0560386, 0.503508, 0.0212801, -0.0279462, -0.0036312, 1
-0.517634, -0.584731, 0.601346, -0.0302774, -0.0647592, -0.00395942, 1
0.57712, 0.62653, 0.505606, 2.36033e-06, -0.0105238, -0.000127393, 1
0.0282619, -0.26701, 0.322882, -0.011844, -0.0925454, -0.0682701, 1
-0.0431419, -0.156444, 0.338836, -0.0011149, -0.0203737, 0.00846645, 1
0.416776, 0.110613, 0.38763, -0.0245103, 0.0213124, 0.0453566, 1
-0.440164, 0.452579, 0.594048, -0.0160459, -0.018992, 0.042292, 1
0.250503, -0.0850175, 0.527953, 0.0534796, 0.0532616, 0.0189696, 1
0.341805, 0.362203, 0.329688, 0.00231622, 0.000382493, 0.00192202, 1
-0.154151, -0.122175, 0.598531, -0.00238042, 0.00443819, 0.0300237, 1
0.528153, 0.38512, 0.455049, -0.00166516, 0.0104776, -0.0186391, 1
0.0223324, 0.497449, 0.466358, 0.00248139, 0.00589283, 0.0135799, 1
-0.0921367, 0.444606, 0.465499, 0.0315555, 0.0379408, -0.00763956, 1
-0.589567, -0.157096, 0.556238, -0.0229453, -0.00790367, -0.00467731, 1
-0.557967, 0.429726, 0.359636, 8.17289e-05, 9.05137e-05, -0.000683864, 1
-0.462548, 0.216539, 0.54478, 0.000824498, 0.000284695, 0.00477752, 1
-0.171955, 0.406339, 0.500434, -0.225718, 0.385537, -0.623859, 1
-0.315616, 0.0268781, 0.321689, -0.00239278, 0.0834123, -0.0358238, 1
0.53627, -0.261281, 0.56973, -0.00132212, -0.00297494, -0.000721532, 1
0.595097, 0.214532, 0.381695, -0.000656409, -0.00103582, -0.000544809, 1
0.469366, 0.112721, 0.320484, 0.0820068, 0.0857322, -0.155257, 1
-0.23029, -0.49491, 0.602338, -0.00652176, -0.0227474, 0.0907025, 1
0.375214, 0.042917, 0.555998, 0.0282736, 0.00780483, 0.0499394, 1
-0.282642, 0.0833134, 0.359234, 0.0270356, -0.0236318, 0.00464043, 1
-0.577545, 0.15531, 0.624156, 0.00131125, -0.00440041, 0.0023294, 1
-0.398928, 0.322725, 0.5208, 0.00674668, 0.0209074, -0.0620086, 1
0.520265, -0.479193, 0.464894, -0.014958, -0.00740951, -0.00342766, 1
0.00214594, -0.164846, 0.629104, 0.0135582, 0.00797158, 0.0266439, 1
0.0289731, -0.258539, 0.406293, -0.021452, -0.00473993, -0.0217328, 1
-0.21196, -0.293405, 0.617417, -0.00302977, -0.00476849, 0.00203355, 1
0.0548948, -0.454002, 0.488106, -0.0226664, -0.0433291, -0.0437453, 1
0.0769059, -0.0543277, 0.52187, 0.221857, -0.129924, 0.170217, 1
-0.0335971, -0.309077, 0.375108, -0.0104896, -0.0195352, -0.0158137, 1
-0.329458, 0.0382444, 0.553427, -0.00123584, -0.0127596, -7.37975e-06, 1
-0.15245, 0.0906626, 0.434764, 0.0621372, 0.0782401, 0.0362364, 1
-0.17568, 0.321698, 0.357954, 0.0061635, -0.018066, -0.0205274, 1
-0.612334, 0.211999, 0.395647, 0.00211788, 0.00234991, -0.000469361, 1
-0.0126867, -0.415819, 0.511926, -0.0227177, 0.0133876, -0.0282907, 1
-0.0161243, 0.243118, 0.604783, 0.0876901, -0.0941875, 0.0574684, 1
0.349121, -0.598806, 0.373941, 0.00335347, -0.00507072, -0.00102098, 1
0.298935, 0.0860525, 0.417931, -0.00155206, 0.000422677, -0.0122105, 1
-0.268493, -0.467005, 0.56184, -0.0549777, 0.0246627, 0.034632, 1
0.559059, 0.129361, 0.32708, 0.00491769, 0.000923226, -0.000243035, 1
-0.460362, 0.429867, 0.494132, 0.0645519, -0.0416527, 0.00584004, 1
0.493421, -0.352546, 0.359307, -0.0152637, -0.041926, -0.0139801, 1
-0.287377, 0.101737, 0.597222, 0.0275767, 0.0106123, 0.0354716, 1
-0.115486, 0.119366, 0.492731, -0.00825183, -0.0509253, 0.0285608, 1
0.207175, -0.523284, 0.546267, 0.0181763, 0.00508897, 0.0490503, 1
-0.264973, 0.0905548, 0.449556, -0.0951351, -0.088012, -0.137537, 1
-0.365696, -0.190288, 0.457345, 0.00861429, 0.00980032, 0.0104074, 1
-0.12986, -0.521316, 0.321367, -0.000829289, -0.000780164, 0.0073756, 1
0.281938, -0.159846, 0.362107, -0.0719875, -0.00181995, 0.0416047, 1
0.00944437, -0.230751, 0.551938, 0.0479826, -0.00127289, -0.061496, 1
0.0578375, -0.0611489, 0.501914, -0.130461, -0.19111, -0.170402, 1
-0.485488, -0.197691, 0.571268, 0.0166992, 0.209532, -0.016349, 1
-0.308188, 0.144896, 0.439212, 0.196455, 0.0374929, 0.0432938, 1
-0.439154, -0.600554, 0.626544, -0.0290701, -0.0401633, 0.0358477, 1
0.271843, 0.236585, 0.338232, -0.203264, 0.0580291, -0.131897, 1
-0.0629429, 0.601576, 0.518362, -0.00642175, 0.0103211, 0.00788807, 1
0.475353, -0.394083, 0.628281, 0.00185311, 0.00443765, 0.00318252, 1
-0.21512, 0.106021, 0.340461, 0.00285061, 0.0117993, 0.00551632, 1
-0.189578, -0.242005, 0.45799, 0.0314215, 0.0484466, 0.00477341, 1
-0.00107645, 0.397403, 0.557793, -0.0250629, -0.110756, -0.0292753, 1
-0.313178, -0.174723, 0.385015, 0.000331339, 0.00893351, -6.5993e-05, 1
0.434552, -0.0302479, 0.493083, -0.0094874, 0.0108656, -0.0097891, 1
0.199771, 0.291527, 0.371816, 0.122878, 0.0917883, 0.0542908, 1
-0.563236, 0.482337, 0.379169, -0.00185542, -0.00556846, -0.000187628, 1
-0.576913, 0.124216, 0.595806, -0.00514296, 0.00893976, 0.00789669, 1
-0.483912, -0.56869, 0.588709, 0.0124653, -0.0825755, -0.0575221, 1
0.329608, 0.536626, 0.332697, 0.0183496, -0.000878024, -0.0196148, 1
0.322876, -0.308458, 0.516693, -0.071444, -0.0524595, -0.0288333, 1
0.424792, 0.131928, 0.613683, 0.00148865, -0.000870515, 0.00129219, 1
-0.263102, -0.499112, 0.555543, -0.0846389, -0.0562121, 0.0251251, 1
-0.551784, -0.182326, 0.354371, -0.00247536, 0.0142001, -0.0268072, 1
-0.27165, -0.377737, 0.5043, 0.00901459, -0.00360633, 0.0017183, 1
0.440755, 0.451998, 0.419691, 0.0237004, -0.0208032, 0.0201197, 1
-0.591835, 0.518725, 0.382784, -0.00198792, 0.000397219, -0.000814902, 1
-0.335087, 0.571776, 0.571329, 0.00107584, 0.00442936, -0.0107078, 1
-0.471718, -0.5421, 0.586647, 0.0452257, 0.0357199, -0.0726215, 1
0.623191, 0.417471, 0.563313, 0.00616598, 0.0475251, -0.0118329, 1
-0.565874, 0.110384, 0.328708, -0.000185232, -0.0205518, 0.0306946, 1
0.240973, -0.0947876, 0.519181, 0.0572365, 0.0452524, -0.00357645, 1
0.175851, 0.272074, 0.551894, -0.00716111, 0.0102482, 0.00958585, 1
-0.121832, 0.350253, 0.348821, 0.00961555, -0.000499846, -0.0165291, 1
0.0357263, -0.55136, 0.411878, 0.0123067, -0.017576, 0.00577836, 1
-0.466927, 0.519358, 0.367386, 0.0110688, -0.0458131, 0.000256637, 1
-0.0480897, 0.557487, 0.339577, -0.00267701, 0.0327963, -0.00726662, 1
0.223121, -0.407564, 0.32503, -0.00307861, -0.000549568, -0.00619267, 1
-0.0114162, -0.249319, 0.346996, -0.0719856, -0.066866, -0.0936453, 1
-0.18468, -0.256091, 0.608854, -0.0116343, -0.0187987, 0.0231349, 1
-0.451282, -0.192002, 0.47896, 0.0636608, 0.072586, 0.085499, 1
-0.396377, -0.580993, 0.612754, 0.0575194, -0.0115073, 0.0550398, 1
0.420418, 0.224822, 0.523281, 0.00714899, -0.00022102, 0.00139476, 1
0.108139, -0.526974, 0.453354, 0.0156973, 0.014568, -0.0223506, 1
0.243498, 0.138716, 0.473004, -0.0160818, -0.00184831, -0.0753978, 1
-0.628845, 0.301753, 0.445353, 0.0116888, -8.99028e-06, -0.000166325, 1
-0.419226, -0.376301, 0.427234, -0.0111021, 0.020621, 0.00933295, 1
-0.320845, 0.476784, 0.482834, -0.0091737, 0.0138472, -0.00571264, 1
-0.280653, -0.164596, 0.577995, 0.0338491, 0.097791, -0.0362175, 1
-0.152596, 0.280687, 0.356481, -0.00724543, 0.000616917, -0.00754688, 1
-0.237032, 0.459369, 0.465972, -0.0159237, 0.179589, 0.0240044, 1
0.41888, -0.566972, 0.478214, 0.0118328, 0.0324236, -0.0223637, 1
0.35004, 0.48341, 0.376929, 0.00104972, -0.0233792, -0.0564203, 1
-0.0766887, -0.0384141, 0.402676, -0.0706963, 0.15385, -0.153049, 1
0.476799, -0.42488, 0.594846, 0.0149416, 0.0213091, 0.0010504, 1
-0.151037, -0.423761, 0.512793, 0.00984857, 0.00273896, 0.00225413, 1
0.370448, -0.213024, 0.576209, 0.0168979, -0.0284815, 0.0345749, 1
-0.440471, 0.0960945, 0.537914, -0.0177956, -0.0100903, 0.0243279, 1
0.230937, 0.445405, 0.339274, -0.00233423, -0.00105002, -0.000594938, 1
0.0230632, -0.337155, 0.566937, 0.0601995, 0.0540642, -0.0142306, 1
0.189061, 0.0557767, 0.524288, -0.0418135, 0.110524, 0.0353757, 1
-0.466906, -0.155307, 0.540036, 0.0118196, 0.0343155, 0.00408722, 1
0.186024, -0.43523, 0.503398, -0.00219958, 0.00170599, -0.00923125, 1
0.433813, 0.118045, 0.336304, -0.101526, 0.0553987, 0.0166116, 1
-0.475336, -0.0351199, 0.387575, 0.105413, -0.0836156, 0.0221757, 1
-0.615805, 0.443806, 0.439125, 0.005359, 0.000747897, -0.00018711, 1
0.175442, 0.184291, 0.54336, -0.0744731, -0.0418183, 0.083576, 1
-0.0395746, 0.373783, 0.409893, -0.00725313, 0.0587042, 0.0842117, 1
-0.407771, -0.0252428, 0.363753, -0.0416951, -0.130753, 0.0894599, 1
-0.310601, 0.627784, 0.436955, 0.00128579, -0.0105762, -0.00282356, 1
-0.562706, 0.186882, 0.60839, 0.00941044, -0.0124765, 0.00479398, 1
0.274521, 0.349939, 0.412073, -0.0142028, 0.017263, -0.0041768, 1
-0.0851874, -0.094, 0.460756, -0.124188, -0.0304402, 0.291486, 1
-0.591449, -0.290151, 0.332776, -0.00960708, 0.0143238, 0.0315541, 1
-0.506162, -0.135523, 0.481487, -0.0505323, 0.0307619, -0.0389511, 1
-0.21579, -0.121364, 0.434948, 0.00255959, -0.0264518, -0.0169536, 1
0.280783, -0.575885, 0.32353, 0.000972808, 0.000356169, -0.0158025, 1
-0.0656304, 0.0145039, 0.574466, 0.00171777, -0.000836272, 0.00150675, 1
0.314014, 0.236696, 0.410665, 0.00996679, 0.0213129, 0.0700885, 1
0.5091, 0.556059, 0.41012, 0.00602058, 0.032312, 0.0193152, 1
-0.262932, 0.623316, 0.614331, 0.00024165, -0.00896124, -0.00016179, 1
-0.349224, 0.267874, 0.544325, 0.00463646, -0.0390501, 0.0130418, 1
0.039141, -0.447277, 0.363334, 0.00499191, 0.0125821, -0.00910931, 1
0.622239, -0.408763, 0.448288, 0.00554857, -0.00273239, 0.0243768, 1
-0.566509, -0.284961, 0.571898, -0.0615659, -0.0321881, 0.0372773, 1
0.0995131, 0.129212, 0.384066, -0.0317947, -0.0239128, 0.0432508, 1
0.579378, -0.219969, 0.397585, 0.0132711, -0.0320127, 0.026038, 1
0.613571, 0.344364, 0.558702, 0.223774, 0.102387, -0.252915, 1
0.391583, 0.028415, 0.460385, 0.00724183, -0.0190623, -0.0113611, 1
-0.485611, -0.0924483, 0.441909, -0.0159949, 0.00183357, 0.0143765, 1
-0.105058, 0.274583, 0.440247, 0.0463674, 0.0222409, -0.153237, 1
-0.167587, 0.555323, 0.349725, 0.00439202, 0.015263, 0.000655265, 1
-0.51014, -0.0354993, 0.395397, -0.0655918, -0.0851234, 0.0492754, 1
-0.316729, -0.043224, 0.450697, -0.0335081, 0.0169373, -0.0274401, 1
0.216494, 0.0202302, 0.536947, 0.0701237, 0.0018265, 0.10952, 1
-0.0157687, -0.51022, 0.411759, -0.01464, -0.0146429, 0.0513976, 1
0.260568, -0.560805, 0.514258, 0.0390218, -0.0364894, -0.00504628, 1
0.590983, -0.577198, 0.442858, -0.0120906, -0.01252, -0.0402016, 1
0.305938, 0.444348, 0.607453, -0.0251035, 0.0340541, 0.0561558, 1
-0.372374, 0.5887, 0.42685, 0.0167198, 0.00599866, 0.00373878, 1
0.135336, -0.146322, 0.338005, 0.0118833, 0.0106713, -0.0166064, 1
-0.623528, 0.316055, 0.319345, 0.00278576, 0.00819753, 0.00354689, 1
-0.484555, 0.435879, 0.467961, -0.0253082, -0.0221597, -0.0780325, 1
-0.162895, -0.510814, 0.614646, -0.0246468, -0.00257964, 0.0263218, 1
0.379964, 0.335644, 0.462213, -0.290855, 0.012026, 0.0743058, 1
0.00789967, -0.310088, 0.492148, -0.0331846, 0.0186685, -0.00186888, 1
0.39501, 0.580443, 0.509438, -0.00470439, 0.000553881, -0.00930865, 1
-0.0678113, 0.541463, 0.522629, -0.00995779, 0.002191, 0.0352847, 1
0.443695, 0.217437, 0.476225, 0.0103508, 0.0134018, 0.00642007, 1
0.353653, 0.475027, 0.465909, 0.000784849, -0.00252399, 0.00721428, 1
-0.458801, -0.0196004, 0.58682, -0.395074, -0.30784, 0.252355, 1
-0.366708, -0.0131647, 0.508343, 0.0997261, 0.0360677, -0.0288772, 1
-0.349255, 0.132244, 0.459822, 0.118524, -0.112164, 0.0662599, 1
0.262662, 0.599312, 0.489609, -4.27686e-06, -0.00127359, -0.000270906, 1
0.201392, 0.349313, 0.416029, 0.0618112, 0.0116664, -0.00805987, 1
-0.469612, -0.27275, 0.495998, 0.0567218, -0.0597286, -0.0310876, 1
0.239055, -0.507704, 0.483618, -0.0183094, 0.010506, -0.0543988, 1
-0.243048, 0.0544485, 0.461493, -0.0163604, -0.0235095, 0.0309479, 1
0.587542, -0.13182, 0.358361, 0.00597744, 0.0157867, -0.00290442, 1
-0.0274108, -0.40813, 0.319627, 0.00228223, 0.00156603, -0.000550793, 1
0.5763, -0.236967, 0.472218, 0.000904806, 0.000249176, 9.48751e-06, 1
0.403725, 0.0262888, 0.626418, 0.00942763, 0.000694125, 0.0123333, 1
-0.0827572, 0.306997, 0.501988, 0.0918959, 0.143189, 0.0930498, 1
0.496603, -0.0603037, 0.494325, 0.019621, 0.0516819, -0.0442582, 1
-0.0648144, -0.488875, 0.424163, -0.0191001, 0.00575152, 0.00691774, 1
0.339376, -0.328524, 0.513466, -0.0420667, -0.103183, -0.00827043, 1
-0.196485, 0.540494, 0.544031, 0.00136791, 0.00310015, -0.00121862, 1
0.478061, -0.332517, 0.400152, -0.0319763, -0.0103728, -0.00747252, 1
-0.195821, -0.374938, 0.524688, 0.00291119, 0.00739984, 0.00356984, 1
-0.0223023, 0.227614, 0.580146, 0.116205, -0.111609, -0.0001947, 1
-0.00372016, 0.173951, 0.363414, -0.0216212, -0.0177414, 0.00779975, 1
0.625225, -0.052287, 0.527477, -0.0048484, 0.00635424, 0.00309698, 1
0.611042, 0.494919, 0.446735, -0.00411926, -0.000101922, -0.000103202, 1
0.0991398, 0.361558, 0.58915, 0.00667859, -0.0114207, -0.0020709, 1
-0.443414, -0.333219, 0.624422, 0.0565641, 0.00502968, 0.0966906, 1
-0.00669004, -0.623807, 0.3848, -8.14322e-05, 0.00900073, -0.000341813, 1
-0.47268, -0.190328, 0.362433, 0.0105616, -0.0178426, -0.0173397, 1
0.443516, -0.342231, 0.436795, -0.0125474, -0.0139675, 0.000209735, 1
-0.47573, 0.0919116, 0.500551, -0.00548708, -0.0236585, -2.03889e-05, 1
0.363095, -0.560354, 0.399964, 0.00508689, 0.00078312, -0.00832662, 1
0.163827, 0.0658891, 0.600942, -0.000354734, 0.00445087, 0.00304937, 1
0.357554, 0.0611507, 0.43038, 0.00570898, -0.0169972, -0.0372773, 1
-0.0523924, 0.0422293, 0.396619, -0.00327565, 0.0103589, -0.00669948, 1
0.474622, -0.488594, 0.329518, -0.0170086, 0.00655568, 0.0397235, 1
0.311369, -0.302044, 0.403704, -0.00243252, 0.00842448, -0.00775253, 1
0.289204, 0.321229, 0.405243, -0.00831907, -0.0169143, -0.00998411, 1
0.568478, 0.478512, 0.515151, 0.00577139, -0.0025787, -0.011415, 1
-0.501643, 0.292064, 0.587085, -0.0185073, 0.00842487, 0.0135272, 1
-0.0143908, 0.446298, 0.452572, -0.0402391, 0.00928231, 0.0222304, 1
-0.53204, 0.17943, 0.469974, -0.0601162, 0.0766011, -0.0463433, 1
-0.192112, -0.286707, 0.328955, -0.013124, -0.031353, -0.0233232, 1
-0.308196, -0.559116, 0.501734, -0.0142408, -0.0805467, 0.019349, 1
0.153397, 0.0184554, 0.3548, 0.0584084, -0.0162203, -0.063041, 1
0.479945, -0.136886, 0.390143, 0.00343517, 0.00234565, -0.00240984, 1
0.538088, -0.455481, 0.472122, -0.0027207, 0.00563497, 0.0127163, 1
-0.366951, 0.463686, 0.394939, 0.0316029, -0.00444493, -0.0151968, 1
-0.00590728, 0.4022, 0.357076, 0.00585381, 0.0148184, -0.0129983, 1
-0.465155, 0.530521, 0.587583, 0.00111658, 0.00204704, 0.00278063, 1
0.623257, -0.113833, 0.541667, 0.0101843, -0.00540642, 0.00716771, 1
-0.0863103, -0.0159101, 0.429033, -0.0491901, 0.156289, 0.0108077, 1
0.533659, 0.421942, 0.514847, -0.00055022, 0.0151052, -0.00152476, 1
0.589554, -0.516217, 0.532559, 0.00333937, -3.91674e-05, 0.00131636, 1
0.0766358, 0.267143, 0.379682, 0.422207, -0.150073, 0.287784, 1
0.235911, 0.117125, 0.502952, -0.0955166, -0.00845719, -0.0800146, 1
0.536555, 0.0252495, 0.546572, -0.0279276, -0.0321445, 0.0069642, 1
-0.0948094, 0.288262, 0.505003, 0.0902018, 0.119336, 0.144791, 1
0.225019, -0.347609, 0.448062, -0.0286689, -0.00953067, 0.0304388, 1
0.393396, -0.182801, 0.423201, -0.0220868, 0.0126156, 0.0030927, 1
0.223874, -0.189507, 0.552234, -0.132486, 0.0560243, 0.162268, 1
-0.129313, 0.354146, 0.390765, 0.0346811, -0.0466168, -0.133157, 1
0.326893, 0.257841, 0.33876, 0.112387, 0.283237, -0.0700208, 1
-0.133571, 0.217432, 0.367197, -0.000980402, -0.0162376, -0.0705431, 1
-0.523187, -0.335896, 0.591473, -0.0166344, -0.0039089, 0.00315519, 1
-0.264384, 0.529978, 0.463263, -0.00545244, 0.0162866, 0.0329889, 1
0.487495, 0.436569, 0.627067, 0.00655853, 0.00333084, 0.00191656, 1
0.15393, -0.288204, 0.541641, 0.00859261, -0.00940987, 0.0118826, 1
-0.345913, 0.566779, 0.61223, -0.00564149, 0.00394554, 0.0174964, 1
0.186408, 0.330212, 0.409039, 0.0521345, 0.0545005, 0.00320214, 1
0.619287, -0.0758777, 0.519153, 0.0094463, 0.0124926, 0.000991988, 1
0.308368, 0.424773, 0.450199, -0.000850576, -0.00183596, 0.00267445, 1
0.611503, 0.121702, 0.357168, -0.00431331, -0.000118269, -4.47686e-05, 1
-0.55331, 0.618095, 0.569017, 0.0870482, 0.0937587, 0.112207, 1
-0.344451, -0.535055, 0.327552, 0.00289265, -0.00578088, 0.00926208, 1
-0.498412, -0.169476, 0.617537, -0.0556693, 0.0480696, 0.0851106, 1
0.0947151, -0.311944, 0.569189, 0.00326071, 0.00345564, 0.0142227, 1
0.0831282, 0.47195, 0.339647, -0.00202711, 0.131884, -0.00671692, 1
-0.27016, -0.503926, 0.323851, -0.000690603, 0.0031945, 0.00529866, 1
-0.341095, 0.312445, 0.563894, 0.0608542, -0.0242033, 0.0141705, 1
0.0351341, 0.301769, 0.387434, -0.370384, 0.210852, -0.00642942, 1
-0.408108, -0.0198261, 0.336136, -0.0611, -0.115016, -0.105012, 1
0.132759, -0.0382861, 0.524053, 0.0703665, -0.140045, -0.0812258, 1
0.301504, 0.0383671, 0.521086, 0.0594201, -0.116174, 0.0237949, 1
0.0577171, 0.32388, 0.544813, 0.0808278, -0.0301963, -0.00198228, 1
0.107997, 0.455431, 0.344953, 0.0796685, 0.0828315, 0.0186428, 1
0.0582924, -0.0798171, 0.424458, 0.00239835, 0.0254427, -0.0342202, 1
-0.184807, -0.626652, 0.384954, 0.0157642, -0.00897044, 0.0126185, 1
-0.0861463, -0.266849, 0.416464, -0.0150072, -0.00578035, 0.00634911, 1
-0.0506703, 0.0220195, 0.337084, 0.0100913, 0.0110305, 0.00594168, 1
-0.314946, -0.57281, 0.570017, 0.00163932, -0.00874982, 0.00707538, 1
-0.0251362, -0.350955, 0.40757, 0.00859515, -0.0155899, -0.0575261, 1
0.059483, 0.411768, 0.555489, 0.0509196, 0.0048563, 0.00542467, 1
-0.364159, 0.0833087, 0.40759, -0.0369609, -0.0491896, -0.0242355, 1
0.460257, -0.488938, 0.331069, -0.00439894, -0.0103761, 0.0308212, 1
0.119655, 0.249023, 0.602418, 0.00650939, 0.000297869, 0.001415, 1
0.23954, -0.322648, 0.424973, 0.0255922, 0.0124315, -0.0121075, 1
-0.582483, 0.122509, 0.4258, -0.00349059, -0.00628396, 0.00117767, 1
-0.302593, -0.593601, 0.516579, 0.00138698, -0.0284549, 0.0082853, 1
0.103334, -0.014308, 0.364593, -0.0103051, -0.119119, -0.0312996, 1
0.191744, 0.300709, 0.378881, 0.0713614, 0.182738, 0.0821234, 1
-0.0480418, -0.35439, 0.448633, -0.037391, -0.0425888, 0.0366491, 1
0.32231, 0.335056, 0.394085, -0.00435279, 0.0102444, -0.0161706, 1
0.0244125, 0.600861, 0.572403, 0.0349055, -0.00507542, 0.100486, 1
0.394845, 0.431155, 0.607659, -0.00622249, -0.0147238, 0.0179149, 1
0.459194, -0.0791538, 0.512424, -0.0823097, 0.0489502, -0.0795622, 1
0.349011, -0.469577, 0.589253, 0.0914487, -0.0131678, 0.0175, 1
-0.470953, -0.422097, 0.462389, 0.0110285, -0.0115841, -0.00584282, 1
-0.0276783, -0.0947259, 0.47148, 0.146758, 0.0614121, 0.0854449, 1
-0.481217, -0.621355, 0.625394, -0.00124869, -0.00838655, 0.00547427, 1
-0.282772, 0.200352, 0.54308, 0.00822133, 0.00923631, 0.0150023, 1
-0.0271745, -0.477653, 0.611973, -0.0396397, -0.00633929, 0.0683273, 1
0.507432, 0.474621, 0.538247, -0.0126447, -0.0316854, 0.00199812, 1
-0.436083, -0.13093, 0.530971, 0.0516501, 0.0438985, 0.00499853, 1
0.5936, -0.366048, 0.481269, 0.0150447, -0.00887613, 0.0223081, 1
0.504383, -0.536818, 0.618971, 0.000450634, -0.000892255, 0.000413691, 1
0.0342249, 0.442157, 0.344086, -0.0675073, 0.0334945, -0.0569274, 1
-0.128618, 0.601168, 0.396053, 0.00269492, 0.00240627, -0.000829181, 1
0.461012, -0.0564737, 0.529862, -0.0337285, 0.0911736, 0.0186498, 1
-0.172923, 0.092273, 0.532014, -0.0592309, 0.0322039, 0.0101993, 1
-0.191202, 0.439464, 0.424611, 0.0207861, 0.0591952, -0.0977896, 1
-0.538736, -0.217674, 0.462689, -0.00308506, 0.000860896, -0.0112394, 1
-0.610696, -0.340205, 0.423853, -0.116673, 0.0133493, -0.0831771, 1
0.282363, -0.146325, 0.548612, 0.0836737, 0.0288932, -0.016945, 1
-0.113607, -0.182688, 0.61459, -0.0188027, 0.0176786, 0.0407218, 1
0.55154, -0.308268, 0.322895, 0.0110137, 0.00499127, -0.011165, 1
0.507571, 0.35592, 0.590925, -0.0505939, -0.00757398, 0.0236888, 1
0.623987, -0.402661, 0.583726, 0.0138501, 0.00787242, 0.0128696, 1
-0.311656, -0.571612, 0.412117, -0.0092086, -0.0162012, 0.0248321, 1
0.547865, -0.114572, 0.592676, 0.0419958, 0.00387345, -0.00314678, 1
0.156067, 0.324189, 0.545051, -0.0017156, -0.000576886, 0.00764409, 1
0.594586, 0.415417, 0.333142, 4.45721e-05, 0.000368988, 0.00064985, 1
-0.0745121, 0.434684, 0.405582, -0.0232669, -0.0693575, 0.0359462, 1
0.360974, 0.0870835, 0.526491, -0.163902, -0.0134486, 0.0620411, 1
0.0355667, 0.60344, 0.323328, -0.0296239, -0.00650724, 0.0131487, 1
-0.0259258, 0.525016, 0.403752, 0.050257, 0.0916305, 0.0614622, 1
0.00572762, 0.402624, 0.335241, -0.0082749, -0.00677432, -0.0577561, 1
-0.150425, 0.396647, 0.392067, -0.0205771, 0.04847, -0.0972729, 1
-0.335374, -0.544972, 0.406655, -0.0107304, -0.00645451, -0.00481883, 1
0.053168, -0.627071, 0.535503, -0.00140568, 0.00930775, 0.00290794, 1
-0.095981, 0.15896, 0.459059, 0.0905225, -0.0493832, -0.075727, 1
-0.435629, 0.123582, 0.405422, -0.011906, -0.0074071, 0.0492089, 1
-0.362988, -0.580893, 0.356602, -0.00165284, -0.00486039, -0.00622654, 1
-0.000588692, 0.410044, 0.535864, -0.0498333, 0.00929382, -0.16374, 1
-0.414477, -0.184352, 0.529233, 0.000160328, 0.0286253, -0.00914143, 1
-0.38109, 0.419685, 0.502996, -0.0217398, 0.00969167, -0.00774576, 1
-0.0260083, -0.204551, 0.446161, -0.0051087, 0.00682765, 0.012294, 1
0.0550302, 0.274988, 0.387832, -0.176055, -0.182788, 0.329195, 1
0.363371, 0.569577, 0.40908, 0.00288332, 0.013726, 0.00854724, 1
-0.529864, -0.007218, 0.409803, -0.0882971, 0.045162, 0.0586203, 1
0.352219, 0.526764, 0.607034, 0.00470035, 0.0121827, 0.00887146, 1
-0.331398, -0.538828, 0.480439, -0.081487, -0.005567, -0.0372798, 1
0.0303641, -0.271853, 0.492706, -0.0181702, 0.0238861, 0.0147192, 1
0.196847, 0.357522, 0.437727, 0.0425278, 0.0418866, 0.0202156, 1
-0.17955, 0.573008, 0.549129, -7.18385e-05, 0.000135711, -0.0007626, 1
-0.582471, -0.438046, 0.49656, -0.0227841, -0.00769122, 0.00366523, 1
0.169588, 0.165909, 0.602913, -0.00498747, 0.00754577, -0.00735881, 1
-0.56562, -0.409024, 0.514169, -0.0506157, -0.0616948, -0.00258642, 1
-0.274217, 0.58431, 0.499073, 0.00270279, -0.00203059, -0.000549108, 1
0.102177, -0.575517, 0.339777, 0.0141227, 0.00591793, -0.00266914, 1
0.481463, 0.406666, 0.628959, 0.00865723, -0.00288955, 0.00756234, 1
0.389746, -0.554696, 0.336761, 0.0015574, 0.000226956, 0.00032937, 1
-0.208352, 0.105631, 0.426289, 0.0295984, 0.0403746, -0.0485962, 1
0.502547, -0.327485, 0.358178, -0.0243463, -0.0247653, -0.0230745, 1
-0.2664, 0.122928, 0.34394, 0.0500943, -0.0278675, -0.0350381, 1
-0.589737, 0.170421, 0.391919, -0.00984612, 0.00454168, -0.00492809, 1
0.136576, -0.289955, 0.590887, 0.00012661, -0.00011544, 0.00429072, 1
0.0283743, -0.225612, 0.33114, 0.0819141, 0.0399498, -0.085505, 1
-0.434803, 0.130134, 0.319727, 0.098326, 0.0453412, -0.190684, 1
0.30156, -0.397652, 0.333338, 0.00517288, -0.00328422, -0.0702301, 1
0.400742, -0.546152, 0.592496, -9.17714e-05, -0.000182672, 0.000600413, 1
0.396725, 0.473558, 0.611313, 0.0107336, 0.0173428, 0.0224717, 1
0.483843, -0.364758, 0.48023, -0.00261905, -0.00669964, 0.00872437, 1
-0.330855, -0.492174, 0.555849, 0.00655533, -0.0425591, 0.0389948, 1
-0.158068, -0.128611, 0.42909, -0.01086, -0.00874868, -0.0118464, 1
-0.0422368, -0.0883843, 0.629186, 0.000451679, 0.00539843, 0.0107729, 1
0.265512, -0.581772, 0.399207, 0.00105958, -0.0290939, -0.00133799, 1
0.109206, 0.0765658, 0.500295, 0.051991, 0.0451779, 0.0298867, 1
0.17384, 0.271726, 0.375337, -0.0154448, -0.10576, -0.0517176, 1
0.19282, -0.0566772, 0.433415, 0.015462, 0.0079787, -0.0213923, 1
0.266247, -0.285899, 0.454368, 0.0202305, -0.00213004, 0.00226766, 1
0.116376, -0.519137, 0.415267, 0.00205967, 0.00183097, -0.00657017, 1
0.041772, 0.59467, 0.481568, 0.0418498, 0.0257753, 0.0233828, 1
-0.557164, -0.366148, 0.516015, -0.0755402, 0.0936297, 0.0447491, 1
0.406306, 0.105747, 0.326372, -0.101816, -0.0174478, -0.0260666, 1
-0.397186, -0.566453, 0.461767, 0.00120266, -0.004156, 0.00354183, 1
-0.400295, 0.329022, 0.473814, 0.0100899, 0.00289124, -0.0293769, 1
-0.0633945, -0.191735, 0.335465, -0.0051181, -0.00228938, -0.00657126, 1
-0.58207, 0.612068, 0.560887, -0.100526, 0.0808458, 0.0970752, 1
-0.340647, 0.174924, 0.389227, -0.113221, 0.0772938, -0.12392, 1
0.133087, -0.188792, 0.475243, -0.1015, 0.300378, 0.112758, 1
-0.569294, 0.557547, 0.50295, -0.106829, -0.203674, 0.0172266, 1
-0.168154, -0.0306447, 0.494127, 0.0105508, 0.00804492, 0.00441423, 1
0.498192, 0.0421552, 0.560081, -0.0323731, -0.00341424, -0.00651276, 1
0.0423996, -0.181502, 0.429027, -0.0449545, 0.0356316, -0.0269261, 1
0.08796, 0.0512752, 0.444904, -0.0704364, 0.137712, 0.263507, 1
-0.584827, 0.280944, 0.369669, -0.0327557, -0.0197878, -0.00239774, 1
0.0505035, -0.412414, 0.479226, -0.026208, 0.0460093, -0.0519304, 1
0.132437, -0.36452, 0.474752, 0.0107485, -0.00955898, -0.00450036, 1
-0.143867, -0.0752038, 0.360992, -0.0025303, -0.000655484, -0.00063716, 1
0.153115, -0.57208, 0.471285, 0.00569715, -0.0165348, -0.00771914, 1
-0.465765, -0.511411, 0.453181, 0.262201, 0.202894, 0.0124763, 1
0.286109, -0.0496017, 0.60301, -0.0361564, -0.0201232, 0.0138074, 1
-0.257238, -0.181374, 0.456058, 0.0105524, -0.0138146, -0.0160797, 1
-0.536769, 0.490989, 0.568174, 0.0793814, -0.0564633, -0.0067316, 1
-0.0805897, -0.0510141, 0.423502, -0.0692747, 0.205823, -0.135202, 1
0.4391, -0.00587808, 0.336247, -0.0088009, -0.00464471, 0.00371938, 1
-0.602079, -0.585338, 0.390634, -0.00708928, 0.00312235, 0.0117799, 1
0.0548978, 0.177062, 0.456995, -0.0036141, 0.000737321, 0.00332298, 1
-0.565948, -0.596768, 0.595685, -0.0128249, -0.010189, -0.00252122, 1
-0.381906, 0.18631, 0.610156, -0.00225082, 0.00312868, 0.00331545, 1
0.243307, 0.350509, 0.324812, -0.00502324, 0.0141412, 0.00673598, 1
-0.463824, 0.00665445, 0.469903, -0.0143286, -0.0256338, -0.0665773, 1
-0.571635, 0.37938, 0.58205, -0.00119722, -0.00336271, 0.00158504, 1
-0.0073285, 0.472575, 0.547307, 0.00651325, 0.0776136, -0.0403028, 1
-0.254487, -0.237978, 0.377062, -0.00679279, -0.0309417, 0.0342746, 1
0.179593, -0.428842, 0.533084, -0.00971966, -0.00357481, -0.0197818, 1
0.264653, -0.400957, 0.54424, -0.0254373, 0.0171375, -0.00954796, 1
0.567263, 0.283904, 0.431015, 2.18154e-05, -8.94835e-05, -0.000337252, 1
-0.12461, 0.34792, 0.439313, 0.206779, -0.0633089, -0.17552, 1
-0.261724, 0.595977, 0.3284, -0.00340264, 0.00426234, 0.00570888, 1
-0.340955, 0.209321, 0.573518, -0.0145376, 0.000936169, 0.0029702, 1
-0.301633, 0.375461, 0.417691, -0.127695, -0.515552, -0.154318, 1
0.318051, 0.433789, 0.355045, 0.00931142, -0.0174992, -0.0260247, 1
0.126397, -0.203503, 0.315698, 0.0320983, 0.0414584, -0.0616365, 1
-0.20423, 0.171973, 0.413694, -0.00637852, 0.00099122, -0.21374, 1
0.0440918, -0.278398, 0.463975, -0.0375876, 0.00525768, 0.0418115, 1
-0.343428, 0.616219, 0.521226, -0.00246425, -0.00290707, 0.00458367, 1
0.573605, 0.553519, 0.434712, 0.00434944, 0.00338413, 0.0152641, 1
-0.22219, -0.201055, 0.364201, -0.0469003, 0.0846341, 0.022397, 1
0.275137, 0.167185, 0.355704, -0.216261, -0.0074325, -0.231553, 1
0.32881, 0.456194, 0.565525, 0.0057685, -0.0306409, -0.04209, 1
0.103029, -0.475403, 0.501899, 0.023939, 0.00214172, 0.00464927, 1
0.513866, 0.472612, 0.452856, 0.00230901, -0.00342853, -0.00160289, 1
-0.585807, -0.0309542, 0.559471, 0.00715551, 0.0246281, -0.0139144, 1
-0.582941, 0.394779, 0.444973, 0.00176329, 0.00194494, 0.00402677, 1
-0.18809, -0.191092, 0.532865, -0.00473192, 0.0077944, -0.00251244, 1
0.407882, 0.0954431, 0.529428, 0.228839, 0.035054, 0.0445779, 1
-0.0270658, 0.0390846, 0.510317, 0.00129103, -0.000731914, 0.000506231, 1
0.451854, 0.446858, 0.617545, 0.00939347, 0.01578, 0.00468934, 1
-0.611197, 0.0920307, 0.50185, -0.00255914, -0.0115603, -0.0390186, 1
-0.448307, -0.209123, 0.458407, 0.0418456, 0.106336, 0.00385212, 1
0.553866, 0.52387, 0.497048, 0.00984814, 0.000507098, -0.00497262, 1
0.0416103, 0.407773, 0.45771, 0.0106818, -0.0365406, -0.0245485, 1
0.593106, 0.45193, 0.607462, 0.00256036, -0.0353881, 0.0110336, 1
0.311136, 0.498952, 0.548666, -0.0313719, -0.00423111, -0.000678323, 1
-0.428825, -0.319101, 0.343402, 0.0499896, 0.00638643, 0.0200217, 1
0.442706, -0.541183, 0.524754, 0.0105112, 0.0149305, 0.0134235, 1
0.0405665, 0.0617149, 0.377034, -0.0833311, 0.0308368, -0.0775826, 1
-0.438018, -0.116395, 0.331257, 0.00484962, 0.00713238, -0.0319298, 1
-0.487694, -0.0976283, 0.511756, -0.000295672, 0.0415231, -0.0188412, 1
0.259779, 0.0840278, 0.616966, 0.00508945, -0.00064586, 0.0092131, 1
-0.426446, 0.00793069, 0.590443, 0.173385, 0.0462488, 0.767326, 1
0.301818, -0.580422, 0.534895, 0.0105082, -0.00848798, 0.00667057, 1
-0.387197, -0.617279, 0.490387, -1.87e-05, 0.00634791, -0.000326726, 1
-0.477203, 0.32382, 0.457634, -0.00828315, 0.00350435, -0.0201798, 1
0.457534, 0.524958, 0.53535, -0.00652197, 0.00172622, -0.000806147, 1
0.571214, 0.337701, 0.557545, -0.183716, 0.026325, -0.16508, 1
0.150375, -0.251696, 0.415483, -0.28606, -0.0516271, -0.562012, 1
0.398583, -0.0597503, 0.543875, -0.00704012, -0.00107031, -9.24739e-05, 1
0.463686, 0.0825195, 0.361977, 0.012154, -0.0714928, 0.164415, 1
-0.00914386, -0.287665, 0.540475, -0.00408131, -0.00832614, -0.0456116, 1
-0.061133, -0.0841472, 0.384967, 0.0331507, -0.0814868, -0.115163, 1
-0.219215, -0.412293, 0.397352, -0.068363, 0.06575, -0.0883242, 1
-0.599488, -0.169527, 0.400523, 0.0230825, 0.0637623, -0.0125256, 1
0.102133, -0.0167662, 0.323987, -0.0114237, -0.0271675, -0.0377819, 1
-0.587185, -0.189196, 0.612717, -0.0237287, 0.0108465, 0.0276088, 1
0.294287, -0.247945, 0.539652, 0.190022, -0.105533, 0.188186, 1
0.00461256, 0.532393, 0.319237, 0.0146465, 0.0111347, -0.00426239, 1
0.406616, 0.301013, 0.46179, 0.0515439, -0.213801, 0.0666915, 1
0.062262, 0.134736, 0.324929, 0.0145184, -0.00819552, 0.035513, 1
0.250243, -0.504371, 0.410504, 0.0142786, 0.0242276, 0.0244916, 1
-0.107712, 0.0644591, 0.546958, 0.036166, -0.00272532, 0.0505099, 1
0.172227, 0.475207, 0.601375, 0.00869272, 0.00691116, 0.00799509, 1
0.501708, 0.505683, 0.401503, 0.0334902, -0.0319218, 0.0380126, 1
-0.416055, -0.0221483, 0.554802, 0.298295, -0.603829, -0.114519, 1
-0.380034, 0.0206306, 0.350012, 0.0845887, 0.146605, 0.00867339, 1
-0.449019, -0.315046, 0.445517, 0.00709778, -0.00935151, -0.00704046, 1
0.449661, 0.31953, 0.421124, 0.0795089, -0.153756, -0.168315, 1
0.466682, 0.0961831, 0.338887, 0.0681643, 0.00600041, -0.0269536, 1
-0.206012, -0.471518, 0.530062, 0.149388, 0.23937, 0.0772868, 1
-0.166222, 0.408688, 0.56146, -0.0575164, -0.115152, 0.702273, 1
0.215866, -0.328988, 0.420084, -0.0204991, -0.0132051, -0.0255416, 1
-0.116156, 0.473203, 0.381395, -0.108297, -0.0140596, 0.023275, 1
-0.230508, 0.344947, 0.350324, -0.0106354, 0.0068263, 0.00289449, 1
0.115577, 0.558856, 0.502278, -0.000134112, 9.57281e-05, -0.00048561, 1
-0.185068, -0.451142, 0.349945, -0.000848359, -0.00336561, -0.0222053, 1
-0.0449448, -0.270197, 0.428674, -0.0284447, -0.0181347, 0.0302038, 1
0.477196, -0.4505, 0.351066, 0.00471038, -0.000391856, 0.0137978, 1
-0.35816, -0.613782, 0.532603, 0.00129408, 0.00222846, -0.00175205, 1
-0.262539, -0.18983, 0.572214, 0.0864675, -0.0668586, -0.0719755, 1
0.597781, 0.273912, 0.516895, 0.00468385, -0.034989, -0.0326483, 1
0.323767, -0.140186, 0.592139, 0.0133062, 0.00267453, 0.019103, 1
-0.515752, 0.373622, 0.552949, 0.00244739, 0.0013009, -0.00280643, 1
-0.250101, -0.48685, 0.481695, -0.283111, 0.371954, -0.207805, 1
-0.10873, 0.25869, 0.463918, 0.0388591, 0.00451159, -0.163076, 1
-0.619471, -0.556341, 0.508623, 0.000528878, -0.00212331, -0.00247516, 1
-0.479618, 0.0286779, 0.598565, -0.184761, 0.0954022, 0.128092, 1
-0.0248471, -0.124089, 0.328449, 0.00425776, 0.00367228, 0.0163084, 1
0.11949, 0.147715, 0.332494, 0.0371276, -0.0643579, -0.0991575, 1
-0.269952, 0.515139, 0.442528, -0.0358968, 0.0212483, 0.0904284, 1
-0.50095, 0.482957, 0.353515, -0.00364167, -0.0189025, -0.00763027, 1
0.306704, 0.17676, 0.475959, 0.0214414, 0.000743927, 0.00720946, 1
0.155407, 0.290971, 0.411874, -0.00714289, 0.0821242, 0.0854746, 1
-0.152651, -0.589093, 0.447652, -0.00384824, -0.00381347, -0.00385381, 1
0.514202, -0.0678593, 0.354834, -0.00685641, -0.0175162, -0.0137909, 1
-0.149979, -0.0573668, 0.37324, -0.00308347, -0.000768145, -0.00323081, 1
0.624587, 0.0929787, 0.5379, 0.136049, 0.0549813, 0.0736361, 1
0.498993, -0.561832, 0.349387, -0.00371246, -0.0100949, 0.0158953, 1
0.552863, 0.187622, 0.543806, -0.022676, 0.0717113, -0.06915, 1
0.622914, 0.547633, 0.5151, -0.00831489, 0.00254343, -0.00301723, 1
-0.126829, -0.58328, 0.478349, -0.00881984, -0.0186089, 0.000297972, 1
0.0273037, 0.353387, 0.365048, -0.00240296, 0.0353429, 0.0052981, 1
-0.588713, -0.12117, 0.595282, 0.0103376, -0.00893182, 0.0269878, 1
-0.201144, 0.356143, 0.605499, -0.0220474, -0.0122748, 0.00822295, 1
0.329537, 0.240382, 0.431044, -0.00749833, -0.0276162, 0.00403582, 1
0.488946, -0.539561, 0.574193, 0.00161338, -0.00217643, 0.000866785, 1
-0.537949, -0.544937, 0.439946, -0.461772, 0.248433, 0.145725, 1
0.353724, 0.58402, 0.456979, 6.39361e-05, 0.000670073, 0.00149026, 1
0.491344, 0.506919, 0.346394, 0.0657255, -0.0460004, -0.0148747, 1
0.146715, 0.499869, 0.325811, 0.00568696, 0.00620152, -0.000460857, 1
-0.312738, -0.256923, 0.337482, -0.0458673, -0.0213981, -0.0353112, 1
0.34073, 0.400344, 0.58332, 0.0735185, -0.00459758, -0.0145171, 1
0.540994, 0.441595, 0.395537, 0.000368024, -0.000292428, -0.000423601, 1
0.402267, -0.389513, 0.327082, -0.0164721, 0.025713, 0.0494161, 1
0.30441, 0.569988, 0.544668, -0.00211037, 0.0126982, -0.00355482, 1
-0.49127, 0.42897, 0.567268, -0.00744654, -0.00521288, 0.00607478, 1
0.545574, 0.520985, 0.588525, -0.00616671, 0.0232485, 0.0140457, 1
-0.214494, 0.244745, 0.577039, -0.00312383, -0.00575635, 0.00722662, 1
0.353497, 0.106125, 0.546278, -0.107122, 0.128247, 0.120596, 1
0.479146, -0.377123, 0.513754, 0.000217683, -0.00213754, -0.000867908, 1
0.522465, -0.0598975, 0.607015, 0.00269616, 0.0186847, 0.00797846, 1
0.612468, -0.349131, 0.54961, -0.00477363, 0.00134006, -0.00144559, 1
0.425894, -0.438101, 0.502517, 0.00181654, 0.000465709, 0.00430629, 1
-0.511813, 0.594129, 0.56263, 0.0505681, -0.000666676, 0.0140886, 1
-0.463413, 0.268576, 0.547636, -0.0261553, -0.0448321, -0.0109505, 1
0.455332, 0.407269, 0.497388, 0.0330847, 0.0625463, 0.0312017, 1
0.204552, 0.32288, 0.470143, 0.0452612, 0.0184426, -0.034607, 1
0.0387981, -0.521578, 0.373838, 0.0155912, -0.0178857, -0.0269989, 1
-0.172899, 0.461883, 0.557861, 0.0593984, 0.302627, 0.120581, 1
-0.507641, 0.311065, 0.621071, -0.00102403, 0.00208255, 0.00618323, 1
0.28745, 0.203567, 0.448605, 0.0149412, 0.0191743, 0.0353691, 1
0.195654, 0.186071, 0.518813, -0.0311605, -0.157986, 0.0471022, 1
-0.125761, -0.0179986, 0.566779, 0.016484, -0.0056689, -0.00244283, 1
0.624382, 0.100152, 0.557821, 0.0496386, 0.0380716, 0.0724641, 1
0.355049, 0.266702, 0.467474, -0.0615514, -0.0972612, 0.099751, 1
0.0257391, 0.0920705, 0.4118, -0.0162662, 0.0356096, 0.0117552, 1
-0.504563, -0.333341, 0.335029, -0.0453502, -0.00910495, -0.0130022, 1
0.116082, 0.33542, 0.362126, 0.0396465, -0.0137176, -0.00760215, 1
0.351509, -0.467442, 0.320105, -0.0116169, -0.00199297, 0.00463649, 1
0.0630972, -0.34512, 0.555363, 0.0284946, -0.0049401, 0.0299309, 1
0.0275259, 0.572293, 0.448764, -0.0218282, 0.00748679, 0.00989953, 1
0.562021, 0.137984, 0.33779, 0.00407545, 0.00112616, 1.04153e-06, 1
0.117421, -0.61774, 0.490782, 0.0150092, -0.0141393, 0.00656798, 1
-0.135317, -0.623321, 0.358329, 0.00505021, 0.00828963, -0.00198352, 1
-0.423888, 0.361691, 0.582495, -0.12962, 0.0801215, 0.00929889, 1
0.18608, -0.242534, 0.448022, 0.59034, 0.247168, -0.19602, 1
0.573354, -0.117134, 0.522178, 0.00265005, -0.0307704, 0.00287901, 1
-0.606383, 0.628912, 0.448542, -0.00409744, -0.0057222, -0.0107477, 1
-0.417807, 0.350457, 0.489172, -0.00526292, 0.0300032, -0.0148847, 1
-0.397312, -0.216409, 0.560383, 0.00865005, -0.0288554, 0.0589132, 1
0.564211, 0.44108, 0.545965, 0.00270275, 0.00472326, -0.00842289, 1
-0.160588, 0.373137, 0.42297, -0.217231, 0.0153678, -0.168715, 1
-0.0693534, -0.139406, 0.426026, 0.0147695, -0.15792, -0.133453, 1
-0.626081, 0.355241, 0.427687, 0.00890262, -0.00101327, -0.00032691, 1
-0.452692, 0.561317, 0.360619, 0.0330807, -0.0279675, 0.0561251, 1
0.617362, 0.117434, 0.457476, 0.0245498, -0.00108467, -0.0564314, 1
-0.110404, 0.0608244, 0.585683, 0.00470053, 0.000958321, 0.0109611, 1
-0.541548, 0.0844051, 0.58542, 0.00892223, -0.00320023, 0.0236245, 1
-0.00730785, 0.296561, 0.515544, 0.00822732, -0.0515001, -0.0531008, 1
-0.570474, 0.529213, 0.618932, 0.021772, 0.0235429, 0.164647, 1
0.411131, 0.463461, 0.571712, 0.0146509, 0.00867895, 0.00353019, 1
0.0751385, -0.327091, 0.507505, 0.0193473, -0.00921582, 0.0324669, 1
0.507093, 0.233519, 0.315163, 0.00332314, -0.00381918, 0.00672731, 1
-0.308655, 0.237402, 0.561464, -0.0151907, 0.0128584, 0.00598429, 1
0.142165, 0.414673, 0.544302, -0.0032765, -0.0624357, 0.0263964, 1
0.324712, 0.402071, 0.41617, 0.00167302, -0.00449687, 0.0051959, 1
-0.365237, -0.338297, 0.588867, 0.0153442, -0.00853722, 0.00802579, 1
-0.542357, -0.249881, 0.452477, -0.00111105, 0.00804773, -0.0194823, 1
0.539398, 0.372774, 0.369127, 0.000728716, 0.000577615, -0.00113782, 1
0.0817195, 0.432264, 0.343939, 0.0111443, -0.0437297, -0.00662555, 1
0.0375953, 0.213432, 0.617295, 0.00360528, -0.00551485, 0.00226591, 1
-0.195412, -0.341393, 0.378031, -0.00551015, 0.00892736, -0.00453146, 1
0.574681, -0.464263, 0.593902, -0.00339926, 0.00505976, 0.00140986, 1
0.575404, -0.142955, 0.495762, 0.00587955, -0.02397, -0.0203007, 1
0.301406, 0.629173, 0.441939, -0.000115115, -0.0119191, -0.00019134, 1
-0.0412395, 0.323922, 0.384966, -0.0381121, -0.0297591, 0.304648, 1
0.363512, 0.588648, 0.457882, 0.000384661, 0.000603683, 0.00110211, 1
0.199125, -0.583672, 0.552903, -0.0225661, -0.0163408, 0.0184686, 1
-0.51082, 0.585689, 0.488606, 0.177919, 0.065418, 0.00205409, 1
-0.294241, 0.0374449, 0.439181, -0.0299068, -0.0169619, -0.0159219, 1
-0.178412, -0.554923, 0.335048, 0.000341856, 0.000424697, -0.000631807, 1
-0.229086, -0.120372, 0.407191, -0.00265006, -0.0230839, -0.0128451, 1
0.0231125, -0.175655, 0.448616, -0.0788329, 0.0127167, 0.0412203, 1
-0.121133, -0.230214, 0.570368, -0.0195426, -0.0378143, -0.00506126, 1
0.601986, -0.558772, 0.57017, -0.00171682, -0.00042325, -0.000335256, 1
-0.150112, 0.0299524, 0.49366, -0.0407865, -0.0522843, -0.00459313, 1
0.129824, -0.236499, 0.483331, -0.476628, -0.0834835, 0.428401, 1
-0.5585, 0.59259, 0.494904, -0.0137375, 0.121792, -0.0969424, 1
0.393185, -0.548193, 0.483835, 0.000833735, 0.0574273, -0.00552787, 1
-0.172246, -0.21247, 0.335706, 0.0841408, 0.0578646, -0.0882101, 1
0.324551, 0.239081, 0.354466, 0.180546, 0.0439236, 0.141017, 1
0.404816, -0.619968, 0.481863, -0.0148335, -0.0352866, 0.00245208, 1
-0.486275, 0.0331076, 0.595441, -0.137003, 0.0758681, 0.0759685, 1
0.0482603, 0.541938, 0.380396, 0.00173409, -0.0190966, -0.0220442, 1
-0.190123, 0.51396, 0.398194, 0.0494982, -0.0394278, -0.000502535, 1
-0.429296, -0.266115, 0.563173, 0.0540046, 0.00394883, -0.0365412, 1
0.285417, 0.493672, 0.346558, -0.0262728, -0.0139941, -0.0194597, 1
-0.301113, 0.565136, 0.337214, -0.00213077, 0.00188733, -0.00166953, 1
0.418576, 0.328358, 0.357657, -0.00231417, 0.00718213, 0.00332248, 1
-0.165938, -0.473851, 0.46203, 0.0385168, -0.00211102, -0.00194301, 1
-0.0830424, 0.480663, 0.36431, -0.305305, 0.0101076, -0.00773748, 1
0.0748931, 0.255516, 0.366808, 0.318791, -0.238767, 0.0714461, 1
-0.517507, 0.399204, 0.532576, -0.00513646, -0.00463479, 0.00325595, 1
0.604329, -0.182499, 0.51057, 0.000187851, -0.00330103, -0.000659565, 1
-0.39394, 0.257342, 0.481569, -0.00546733, -0.0059422, -0.0102951, 1
-0.0610899, 0.45801, 0.572531, -0.0326741, 0.0118953, 0.00296461, 1
-0.328251, 0.113463, 0.538458, 0.0227208, 0.0507911, -0.00971403, 1
-0.201947, 0.442314, 0.522251, -0.0882925, 0.447963, -0.155772, 1
-0.113016, 0.230926, 0.44685, 0.0795331, 0.0165405, -0.0619798, 1
0.0576846, -0.564975, 0.485878, -0.0337529, -0.0142381, 0.0264142, 1
-0.614048, -0.0180541, 0.448553, -0.0507344, 0.00639378, -0.0201371, 1
-0.416737, -0.573124, 0.354941, -0.00178338, -0.00824191, -0.00743823, 1
-0.20943, -0.460668, 0.612233, 0.0184492, 0.0302988, 0.0375129, 1
-0.598979, -0.486303, 0.409117, -0.203829, 0.138514, 0.0371287, 1
0.183373, -0.250279, 0.315962, 0.00472497, -0.00330018, 0.0142892, 1
-0.410206, 0.318594, 0.587955, -0.0796854, -0.0954519, 0.0837907, 1
0.619991, 0.620307, 0.45883, -0.00671475, -0.00747883, -0.000163242, 1
0.253969, -0.211604, 0.411917, 0.137289, 0.0168813, 0.0469506, 1
-0.17688, 0.305344, 0.62714, -0.0282882, 0.0136432, 0.0303957, 1
0.350591, -0.266935, 0.328405, -0.00258816, -0.00964464, -0.0103655, 1
-0.225752, -0.25102, 0.481382, -0.0466663, 0.0396757, -0.0117028, 1
0.308531, -0.0377937, 0.495592, 0.0173675, 0.011394, 0.00524575, 1
0.468367, 0.38274, 0.537916, 0.00694772, -0.0148922, -0.0100204, 1
0.397444, 0.413724, 0.573831, -0.013894, -0.0157615, -0.00847787, 1
-0.485941, -0.0328674, 0.353771, 0.0149728, -0.0832322, -0.102641, 1
-0.482021, 0.18689, 0.59091, -0.00147755, 0.00202896, 0.00413761, 1
0.609872, 0.176918, 0.588496, 0.0202029, 0.0103951, 0.0149168, 1
-0.0746616, -0.199077, 0.378104, -0.0176955, 0.00079571, -0.0158693, 1
0.313081, 0.254007, 0.611931, -0.0257781, 0.00741623, 0.0135503, 1
0.301787, -0.0253656, 0.387706, 0.0141925, 0.0220805, -0.0134723, 1
0.355481, 0.378846, 0.482442, -0.0307573, 0.0145739, 0.0120341, 1
-0.238843, 0.0574139, 0.315503, 0.00194535, -0.0140364, 0.0163172, 1
0.483599, -0.104182, 0.568678, 0.0611347, 0.0699299, 0.0398766, 1
0.11541, -0.336701, 0.514618, 0.0474408, -0.0174563, 0.0109903, 1
-0.109119, -0.192679, 0.348911, 0.00171013, 0.00209644, -0.00196904, 1
0.0460367, -0.0447359, 0.553124, -0.118949, 0.0439209, 0.196172, 1
-0.110177, -0.0648268, 0.439863, -0.377558, 0.111666, -0.064415, 1
-0.276047, 0.490475, 0.547584, -0.0147119, 0.0214737, -0.00664245, 1
-0.0235579, 0.173593, 0.453595, 0.0173118, 0.00314105, -0.00420413, 1
-0.0956885, -0.154583, 0.604745, -0.0135956, 0.0285296, 0.0184832, 1
0.195209, -0.429066, 0.541965, -0.00336497, -0.00222689, -0.0265982, 1
-0.394877, -0.0379457, 0.398828, 0.0362769, 0.0527922, 0.0762968, 1
-0.392793, -0.18431, 0.530273, -0.00185886, 0.040919, -0.0639251, 1
0.621993, 0.561063, 0.603589, -0.00502604, 0.00311253, 0.000713997, 1
0.160613, -0.178019, 0.397928, -0.0131129, 0.0448293, -0.03956, 1
0.296329, 0.497981, 0.544235, -0.0708863, -0.00593723, -0.00632443, 1
-0.0110283, -0.242159, 0.370538, -0.0266796, 0.0287506, 0.0373059, 1
0.488496, 0.111757, 0.335666, 0.129792, 0.0651356, -0.026732, 1
0.158979, -0.541765, 0.536555, -0.0290082, -0.0407622, 0.0313008, 1
-0.546494, -0.00748959, 0.340418, -0.02686, 0.00107683, -0.0174378, 1
0.612558, -0.442244, 0.390642, 0.0400428, -0.00260317, 0.0215292, 1
0.260565, -0.207157, 0.538647, 0.0616447, 0.242706, 0.321696, 1
0.59595, 0.0300126, 0.335078, -2.74874e-05, 0.00836818, 0.000794327, 1
0.197189, 0.0220423, 0.317853, 0.0055427, 0.000369296, -0.00798825, 1
0.0916908, -0.447308, 0.430839, 0.0108322, 0.00296547, -0.0160057, 1
0.423477, 0.478984, 0.397844, 0.0183842, -0.0289958, 0.0686403, 1
0.0805644, -0.162007, 0.494795, -0.0148128, 0.0106135, 0.0331812, 1
0.302788, -0.303475, 0.365243, 0.000982912, -0.00572753, -0.00889594, 1
0.385523, 0.485468, 0.387293, -0.0274034, -0.0331371, 0.0211263, 1
0.0118883, 0.568938, 0.542911, -0.000410444, -0.0632457, 0.001988, 1
0.113633, 0.551532, 0.589841, -0.00244318, 8.66471e-05, 0.000620069, 1
0.416276, 0.182134, 0.380561, -0.000332472, 0.00574865, 0.0127924, 1
0.0510088, 0.148121, 0.545555, -0.000639692, 0.038663, 0.0120041, 1
0.131395, -0.284653, 0.393575, 0.00328394, -0.0629632, -0.0336001, 1
0.142882, 0.437001, 0.439239, -0.0166366, -0.00265625, -0.0874406, 1
0.606312, 0.230515, 0.401494, -0.00180234, 1.61014e-05, 0.00126235, 1
-0.322166, -0.318884, 0.518483, -0.000843068, 0.00872991, 0.0349027, 1
0.397087, 0.613867, 0.600105, -0.0395736, 0.0227668, 0.0496616, 1
0.598133, 0.369427, 0.563981, -0.00615222, 0.260141, -0.114177, 1
-0.372549, -0.248648, 0.548724, 0.0415534, -0.0167578, 0.0367293, 1
0.539169, 0.494949, 0.529117, 0.0233059, -0.000389576, -0.0205237, 1
0.378681, 0.281261, 0.417159, 0.0488162, -0.0652436, -0.130615, 1
-0.618929, -0.297694, 0.61168, 0.00696494, -8.28949e-05, -0.000148135, 1
0.303365, 0.463665, 0.383026, -0.0494799, -0.0193427, 0.0155923, 1
0.617737, -0.0234167, 0.334786, 0.0182947, 0.00568341, 0.00183348, 1
-0.145162, -0.0470677, 0.549905, 0.000562583, 0.00255115, -0.0070152, 1
0.200886, 0.26073, 0.627675, -0.00322827, 0.00340905, 0.00362925, 1
-0.245036, 0.027853, 0.623651, 0.00479945, 0.00734851, 0.0138126, 1
-0.36447, -0.00397781, 0.558517, 0.201524, -0.00284847, -0.0037794, 1
-0.6284, 0.253436, 0.338864, 0.00306194, -0.0038398, 0.0085718, 1
0.306571, 0.162642, 0.620092, 0.00352207, -0.00442153, 0.00392368, 1
-0.0968165, -0.0886403, 0.532917, -0.0207395, 0.012779, 0.00896092, 1
0.311894, -0.0776055, 0.615984, 0.0112874, -0.0291295, 0.0250107, 1
0.238762, -0.404204, 0.57441, -0.0422646, 0.0238123, 0.00523831, 1
0.510941, -0.416431, 0.411065, 0.00207865, 0.00604707, -0.00692273, 1
0.590157, 0.0683708, 0.556789, 0.00829443, -0.0336255, 0.169506, 1
0.269925, -0.360706, 0.46448, 0.00441147, 0.00552428, 0.0246884, 1
0.260772, 0.024221, 0.628934, -0.00319423, 0.00381087, 0.00363769, 1
0.235523, 0.289714, 0.470449, 0.00975006, 0.00840316, -0.0914572, 1
-0.0502624, 0.291277, 0.376317, -0.0337736, -0.23678, 0.0141326, 1
0.0452681, -0.0321157, 0.574469, -0.040069, 0.0527224, 0.106103, 1
0.00578394, 0.501031, 0.394818, 0.061249, 0.030911, 0.00949853, 1
-0.382403, 0.182962, 0.532907, -0.00301073, 0.0722741, 0.100521, 1
-0.438319, -0.208239, 0.589347, 0.192822, 0.0419654, 0.0354956, 1
0.599392, -0.327262, 0.327748, 0.0016469, 0.00187253, 0.00122958, 1
-0.276203, -0.367068, 0.502332, 0.0130235, -0.0112976, 0.0054325, 1
-0.568903, 0.53282, 0.569646, 0.0445955, 0.0565727, -0.0856523, 1
0.029091, 0.163628, 0.418211, -0.00709063, -0.00912075, 0.00774548, 1
0.0249741, -0.230812, 0.333148, 0.0658476, 0.00534049, -0.0838973, 1
-0.613084, 0.348889, 0.563458, 0.00278809, -0.00169394, -0.00109678, 1
-0.367742, -0.235807, 0.397939, 0.0106508, -0.00805313, -0.0170788, 1
-0.589722, 0.399941, 0.365706, -0.000917143, 0.00147226, -0.001677, 1
-0.270378, -0.612425, 0.568937, 4.91132e-05, 0.00442296, -8.26818e-05, 1
0.601323, -0.420781, 0.359386, 0.00446709, 0.0535305, -0.0319822, 1
0.438857, -0.451352, 0.435062, 0.00130921, -0.0169869, -0.000567109, 1
0.489924, -0.097592, 0.500786, 0.041045, -0.00299371, -0.0918548, 1
-0.0206024, -0.0365312, 0.4765, 0.0273615, 0.0183726, 0.0254659, 1
-0.261871, 0.622523, 0.359916, 2.4844e-05, -0.00865744, -0.000206488, 1
0.151044, 0.0175339, 0.459704, 0.000952553, -0.00976859, -0.0865552, 1
0.223711, 0.0344133, 0.389435, 0.00668402, 0.00562419, 0.0039089, 1
-0.042309, 0.296634, 0.487974, 0.0595793, 0.0303143, -0.0466578, 1
0.289519, 0.336876, 0.430469, -0.00165814, 0.00731554, 0.00974377, 1
0.492415, -0.563466, 0.434853, 0.00890667, 0.014639, -0.0199061, 1
0.248309, -0.592106, 0.487149, 0.00514989, -0.0236522, -0.0197232, 1
0.425927, 0.476714, 0.531802, 0.00930819, 0.00314016, -0.0178364, 1
-0.35368, 0.336674, 0.349913, -0.00765807, -0.0175008, -0.00438161, 1
0.389536, -0.313892, 0.498271, 0.0882132, -0.0415178, 0.028947, 1
-0.224319, 0.0542004, 0.496411, 0.0340015, -0.022822, 0.0669893, 1
-0.0445824, -0.424719, 0.343303, 0.0045537, 0.00103773, -0.00260642, 1
0.534306, 0.428956, 0.509397, 0.00137673, 0.00997051, -0.00205146, 1
-0.427808, -0.243317, 0.426065, 0.0504888, -0.0767337, -0.17559, 1
0.264163, -0.583761, 0.352793, -0.0134869, -0.0108293, -0.0087139, 1
-0.533816, 0.538617, 0.369418, -0.0624522, -0.0100603, 0.03074, 1
-0.0543304, 0.156962, 0.378882, 0.00250321, -0.00193689, -0.00273383, 1
-0.625589, -0.0470741, 0.340569, 0.00621176, 0.00178386, -0.00185234, 1
0.24169, 0.22921, 0.582229, 0.00933391, -0.00779677, 0.000941708, 1
0.381414, -0.0112182, 0.346265, -0.000744822, -0.00085662, 0.00121556, 1
-0.145357, 0.394426, 0.517306, 0.738962, -0.522326, 0.00976612, 1
0.580359, -0.28012, 0.568617, -0.00661429, 0.00458651, 0.0033543, 1
-0.566282, -0.375778, 0.518365, -0.0914958, 0.0579221, 0.0365335, 1
0.211381, -0.173622, 0.615027, -0.00122168, -0.00832744, 0.0195815, 1
-0.604213, -0.539423, 0.626577, -0.00145867, -0.00211008, 0.00286775, 1
-0.452967, -0.443276, 0.603741, 0.0153926, 0.00514304, 0.00454986, 1
-0.235223, 0.132358, 0.48549, 0.16847, -0.446677, 0.34437, 1
0.020377, 0.136732, 0.316231, -0.00474715, 0.0273873, 0.119644, 1
0.122728, -0.251541, 0.531024, -0.0429549, -0.0367676, 0.0785178, 1
-0.0682113, -0.500091, 0.370729, -0.0238723, -0.00996176, 0.0113737, 1
0.0569214, -0.0154848, 0.626826, -0.000511649, 0.0037547, 0.00822144, 1
-0.393709, -0.0650896, 0.399305, 0.0230319, 0.0816987, 0.0211881, 1
0.620832, -0.00140834, 0.462852, 0.0179194, -0.0118059, -0.019785, 1
0.174439, -0.419991, 0.576937, -0.0253245, -0.0148782, -0.0129342, 1
0.114692, -0.39424, 0.599572, 0.00358756, 0.00685541, 0.00291223, 1
0.101148, -0.217243, 0.331263, -0.0604411, 0.0888438, -0.0798145, 1
-0.00374376, 0.177497, 0.521843, 0.0015994, 0.00268978, -0.00119709, 1
-0.581636, -0.43209, 0.398535, 0.025659, 0.102365, -0.00900668, 1
-0.57664, 0.320602, 0.49314, -0.000155792, 2.15278e-05, -0.000112749, 1
0.28753, -0.377573, 0.525608, 0.0233821, 0.0493782, 0.00503869, 1
0.510518, 0.309312, 0.364246, 0.00398781, -0.00167811, 0.00240881, 1
0.497969, 0.545566, 0.505465, -0.00761267, -0.0158883, 0.0217748, 1
-0.424664, 0.536435, 0.347622, 0.0428326, -0.0338867, -0.0358539, 1
0.166816, 0.0809103, 0.400115, 0.0893136, 0.0340497, -0.0109771, 1
-0.045289, -0.434361, 0.459046, 0.00254867, 0.00123804, -0.00171367, 1
-0.166854, 0.29675, 0.562226, -0.214097, 0.131984, 0.0549077, 1
-0.10173, -0.336957, 0.449109, 0.0171152, 0.0125176, -0.00728446, 1
-0.534213, -0.28863, 0.498578, -0.095481, -0.0623499, -0.126012, 1
-0.2, -0.235306, 0.421237, -0.00123493, 0.0199805, -0.00323299, 1
0.512635, -0.57774, 0.484335, 0.0265132, 0.0142112, 0.0133524, 1
0.0952151, 0.562742, 0.404172, 0.0183794, -0.000989451, -0.00131486, 1
0.292274, 0.430747, 0.383073, -0.0224164, -0.0172154, 0.0200769, 1
-0.20572, -0.62388, 0.35969, -0.00909244, -0.00324586, -0.0225927, 1
-0.0751594, 0.1729, 0.537409, 0.0296496, -0.0243601, 0.0481846, 1
0.265374, -0.502352, 0.586309, -0.0279442, -0.0984531, 0.0258603, 1
-0.418297, -0.0392426, 0.503006, -0.0468417, -0.12296, -0.182194, 1
0.57068, 0.488991, 0.576258, -0.019869, -0.0202156, -0.0211571, 1
-0.152737, 0.584742, 0.346609, 0.00375498, 0.0147943, 0.0101554, 1
0.581647, -0.245222, 0.445273, 0.000474147, -0.000798738, 0.00100816, 1
-0.253258, -0.36255, 0.458329, 0.00850562, -0.0124081, -0.00505642, 1
0.424155, 0.362628, 0.441524, -0.128249, 0.247143, -0.510737, 1
-0.479011, 0.0249389, 0.39172, -0.144808, -0.0593418, 0.428898, 1
-0.206648, 0.449182, 0.393241, 0.0217516, -0.0194532, -0.0454096, 1
-0.0278132, -0.255941, 0.593957, -0.142482, 0.0646111, -0.125371, 1
-0.398032, -0.62053, 0.62586, 0.0125731, -0.0335415, 0.0193263, 1
-0.572648, -0.408863, 0.458558, -0.014456, -0.0187938, -0.0157687, 1
0.17945, -0.468147, 0.423315, 0.000291887, 0.00371142, 0.0131905, 1
-0.0353731, 0.00907995, 0.412009, 0.0266503, 0.0280571, -0.00298413, 1
0.091137, -0.0392363, 0.508195, 0.296816, 0.0584123, -0.0478998, 1
0.612304, 0.33747, 0.575048, 0.224638, 0.0445392, 0.0396185, 1
-0.074232, 0.131661, 0.508214, 0.0570566, -0.0425846, 0.0467621, 1
0.431937, 0.282613, 0.356958, -0.000985699, -0.00944913, 0.00465281, 1
-0.521036, -0.553998, 0.626745, -0.0581466, -0.0228685, 0.0722529, 1
-0.208, 0.0481519, 0.405269, -0.13227, -0.109167, -0.156702, 1
-0.352026, 0.280084, 0.407627, -0.00458558, 0.0197991, -0.0109816, 1
-0.368442, 0.3374, 0.462902, 0.00503322, 0.00146858, -0.0108079, 1
0.205864, -0.113114, 0.503356, -0.0570715, 0.025901, -0.0142333, 1
-0.620731, 0.481477, 0.348135, 0.00738208, -0.000508559, -0.000927838, 1
-0.23262, -0.0573499, 0.495817, -0.0162236, 0.0267225, 0.106467, 1
0.540233, -0.0750092, 0.422694, -0.000399061, -0.0201284, 0.0126126, 1
0.320572, 0.480722, 0.6131, -0.00828217, 0.0106243, 0.0391074, 1
-0.166424, 0.282696, 0.526262, -0.141787, 0.00937154, 0.0473711, 1
0.00148207, 0.391623, 0.545253, -0.0164011, -0.0775379, -0.0656869, 1
-0.011393, -0.44634, 0.399801, -0.00105478, 0.024315, 0.00502811, 1
0.349755, -0.168403, 0.627312, 0.00189055, -0.00114481, 0.00767002, 1
-0.539591, 0.0931192, 0.554171, 0.0171988, 0.00571215, -0.0265678, 1
0.0520899, -0.330981, 0.368402, -0.028748, -0.0394802, 0.00921283, 1
-0.454339, -0.321748, 0.33128, 0.00897589, 0.0193824, -0.0299415, 1
-0.321725, 0.075596, 0.474434, 0.0108557, -0.102041, 0.0226724, 1
0.401616, -0.0141346, 0.613172, 0.0155852, -0.00740995, 0.010293, 1
-0.427463, -0.323526, 0.575862, 0.0414164, -0.0826207, -0.0049197, 1
-0.494918, 0.140013, 0.489045, 0.0682569, -0.130265, -0.0428055, 1
0.350204, -0.488468, 0.42946, -3.40402e-05, 0.00438856, -0.00656607, 1
0.0113643, 0.130102, 0.475366, -0.00249741, 0.00461214, -0.0145839, 1
0.35064, -0.150107, 0.590756, 0.00684667, 0.00579789, 0.0189542, 1
0.340036, -0.0597342, 0.456545, 0.0119155, -0.00179534, 0.010265, 1
0.0368675, 0.622319, 0.531291, 0.0599548, 0.0399828, -0.0392416, 1
0.250549, -0.461984, 0.608345, -0.0603327, -0.0447627, 0.0848362, 1
0.315744, -0.153745, 0.469753, -0.0316438, 0.0394273, -0.0039498, 1
-0.306374, -0.382092, 0.62371, 0.000255549, 0.000927316, 0.000188567, 1
-0.373539, -0.179591, 0.385338, 0.00348701, 0.00142528, -0.0104355, 1
-0.589944, -0.0445456, 0.577832, 0.00196934, -0.00521848, 0.0315612, 1
0.10631, -0.324305, 0.613206, 0.000180171, -0.000156379, 0.00071846, 1
0.564223, 0.317023, 0.48824, 0.00129272, -0.00807345, -0.0263962, 1
-0.054167, 0.0376992, 0.608204, -2.97264e-05, -8.7737e-05, -0.000106271, 1
-0.210996, -0.252229, 0.43578, -0.0313062, 0.00309295, -0.0237701, 1
0.355257, 0.414602, 0.433869, -0.00144497, -0.00292236, 0.00294569, 1
-0.0394331, 0.035188, 0.475864, 0.0102949, 0.00639831, 0.00403657, 1
-0.125908, -0.279031, 0.594919, 0.00461582, -0.0184728, 0.0201456, 1
0.493177, 0.0445576, 0.341905, 0.0327669, -0.0357068, -0.0211893, 1
0.468164, 0.300982, 0.454498, 0.0567882, -0.0957215, 0.00672971, 1
-0.510339, 0.341001, 0.600852, 0.00433363, 0.00163671, 0.00310531, 1
0.541061, -0.182652, 0.362285, -0.0518593, 0.047759, -0.00298244, 1
0.47403, -0.248393, 0.599032, 0.00230019, 0.000639918, 0.00293901, 1
-0.0928628, 0.327404, 0.450966, 0.228278, 0.044083, -0.0629601, 1
-0.179899, -0.513556, 0.545399, 0.187433, -0.0847267, 0.0638333, 1
0.303295, 0.471665, 0.491559, -0.00147254, -0.00671185, -0.011375, 1
-0.481083, -0.197732, 0.342865, -0.0041063, -0.0125977, -0.0190069, 1
0.162446, 0.306324, 0.430598, 0.0422377, 0.0602251, 0.108901, 1
0.0222667, 0.169538, 0.599228, 0.000722255, -0.000849562, 0.000982721, 1
0.129959, 0.00773789, 0.516983, -0.0937023, 0.0995248, -0.0255808, 1
-0.571904, 0.127362, 0.444743, -0.0114245, -0.00811381, -0.00545075, 1
0.571577, 0.0384599, 0.55657, 0.00550287, -0.0518953, 0.107, 1
-0.499136, -0.117474, 0.336981, -0.0103816, 0.0106359, -0.0123587, 1
-0.622863, 0.419627, 0.576323, -0.00823783, -0.0107306, 0.00223292, 1
-0.0789271, -0.390235, 0.605425, -0.010562, 0.00290134, 0.00537659, 1
-0.417184, 0.543023, 0.56585, -0.00268469, 0.00602265, -0.00131409, 1
0.289126, -0.568023, 0.358927, 0.0159922, 0.0136351, -0.00276095, 1
0.400659, 0.224387, 0.592998, 0.122501, -0.035747, 0.0654955, 1
-0.396802, -0.38331, 0.477892, -0.00943435, 0.00413824, 0.00469307, 1
-0.519741, 0.376612, 0.322336, -0.000895267, 0.000814868, 0.00335464, 1
0.288264, 0.434671, 0.511667, -0.00229152, -0.00165067, -0.00890608, 1
-0.452619, 0.376285, 0.363791, -0.000895453, -0.00104508, -0.000392642, 1
0.513736, 0.507113, 0.491914, 0.00601155, -0.00504147, -0.0148232, 1
0.601734, 0.514213, 0.439329, -0.000580155, -0.00107771, 0.00214566, 1
0.387173, -0.194677, 0.499262, 0.0362414, -0.0306992, -0.0323497, 1
0.289019, 0.0181027, 0.477527, 0.00608679, -0.0589093, -0.0342295, 1
0.0325666, -0.322735, 0.493012, -0.058708, -0.0026734, -0.0164548, 1
0.208346, -0.552039, 0.391617, -0.0192686, -0.0311198, 0.00390556, 1
0.0604862, -0.318877, 0.453281, -0.0324229, -0.0314231, -0.0387993, 1
-0.547799, -0.208655, 0.389943, 0.0289632, -0.0108119, 0.013789, 1
-0.518384, -0.550354, 0.34112, -0.000494686, -0.000548135, -0.0078131, 1
0.268357, -0.37301, 0.592682, 0.0065221, 0.0322587, 0.0238346, 1
0.463595, -0.489237, 0.561969, -0.00321745, -0.0148936, -0.0147257, 1
-0.0886044, -0.517467, 0.533032, -0.0197142, -0.0180484, 0.0183315, 1
0.408787, 0.49967, 0.326872, -0.0355577, -0.000632989, -0.0665146, 1
-0.114021, 0.158725, 0.488888, -0.0858355, -0.049098, 0.1397, 1
0.536158, -0.438672, 0.565695, 0.000965039, 0.00263044, -0.000863685, 1
-0.0116487, 0.399638, 0.585176, -0.0972629, -0.122669, 0.0326433, 1
0.294894, -0.169839, 0.347966, -0.0231081, -0.0740649, -0.023367, 1
-0.411836, -0.0876753, 0.453293, -0.0202047, -0.00256362, 0.0328014, 1
-0.111992, 0.0239043, 0.473195, -0.00745895, -0.0270517, -0.0309677, 1
-0.00743925, -0.337702, 0.537434, -0.023173, 0.0299217, -0.0502285, 1
-0.156565, -0.50407, 0.572615, 0.01698, -0.00141708, 0.00602752, 1
-0.428542, 0.0372888, 0.600739, 0.0128878, 0.412418, 0.416525, 1
0.443658, -0.183888, 0.568166, -0.000598374, -0.0253931, 0.0096461, 1
0.491218, 0.332055, 0.450357, 0.0887214, -0.0252759, 0.00881388, 1
-0.0730837, 0.23825, 0.498179, 0.311404, -0.0464627, -0.0284325, 1
-0.330157, -0.403362, 0.440598, -0.000484548, 0.00857269, -0.0253826, 1
-0.509305, 0.521495, 0.555629, 0.038888, -0.00327955, -0.00626432, 1
-0.377368, -0.520305, 0.376219, 0.0300894, -0.00771144, -0.0335695, 1
0.175878, -0.00233277, 0.539686, 0.129481, -0.0227569, 0.0227295, 1
-0.451194, 0.620191, 0.612752, 1.75623e-05, -0.00765168, -0.000232742, 1
0.438614, -0.166337, 0.329243, 0.0156015, 0.0228409, -0.000405135, 1
0.209222, 0.0350843, 0.496056, 0.0542653, 0.151536, -0.0581739, 1
0.0923258, -0.151221, 0.607575, 0.000812137, -0.00549782, 0.00324204, 1
-0.154864, -0.289967, 0.533098, -0.00188907, -0.0124269, -0.00466801, 1
0.386635, 0.266913, 0.43517, 0.0934577, -0.13406, -0.0498657, 1
-0.140501, 0.56672, 0.49182, -0.00311631, 0.00165275, 0.000887864, 1
0.361965, -0.572549, 0.464703, -0.0281617, -0.020133, -0.0202799, 1
0.0646279, -0.319954, 0.492118, -0.0127111, 0.0169638, -0.0177946, 1
0.309579, 0.485888, 0.334044, 0.00269474, -0.0100625, -0.0252759, 1
-0.0515292, -0.59527, 0.331601, -0.00295872, -0.00294222, 0.00758309, 1
-0.120376, 0.473308, 0.447507, 0.00310103, 0.0182345, 0.000151572, 1
-0.063329, 0.0525658, 0.613769, 0.000132694, -5.55536e-05, -4.02068e-05, 1
-0.598957, -0.485072, 0.418473, -0.196479, 0.145247, 0.22898, 1
0.571418, -0.00997221, 0.503472, -0.0156567, -0.0524682, -0.0126604, 1
0.183956, -0.2533, 0.412709, 0.035278, -0.10805, -0.584507, 1
-0.595219, 0.236163, 0.396898, -0.00328594, -0.00372862, 0.00137522, 1
0.112134, -0.0318358, 0.411252, 0.00428729, -0.0583189, 0.0138442, 1
-0.548908, -0.597171, 0.488754, -0.0197379, -0.022183, 0.0332616, 1
0.159635, 0.342371, 0.452736, -0.03875, 0.0459868, 0.0131441, 1
0.235882, -0.339122, 0.461409, -0.009166, 0.0165216, 0.0455322, 1
0.302357, 0.170466, 0.422245, 0.0729754, -0.0190679, 0.166783, 1
-0.427468, -0.522826, 0.592877, 0.0228106, 0.0294809, 0.0138886, 1
-0.492246, -0.49182, 0.6291, 0.00510735, 0.0496816, 0.0542288, 1
-0.0782814, -0.550366, 0.469116, 0.023082, -0.00870025, -0.0346711, 1
-0.584247, 0.263554, 0.563282, -0.00253143, 0.00946426, -0.0167547, 1
-0.193337, 0.298299, 0.464832, -0.222772, -0.0961577, -0.258822, 1
0.13433, -0.219531, 0.614364, -9.56644e-05, -0.000146981, 0.000477474, 1
0.519411, -0.138476, 0.622562, 0.0330376, -0.0259975, 0.065287, 1
-0.0454249, -0.608804, 0.550664, 0.00313645, 0.00297159, -0.00135517, 1
0.50559, 0.257042, 0.623374, -0.00645517, 0.00209391, 0.0190775, 1
-0.168628, -0.0705643, 0.5085, 0.0160261, 0.0108167, 0.012672, 1
0.260425, 0.131931, 0.535284, 0.0591949, 0.0491395, 0.0604534, 1
0.112081, 0.269649, 0.56982, 0.00314401, 0.00102613, -0.00424775, 1
0.108628, -0.438596, 0.589719, 0.034105, -0.00336637, 0.0065975, 1
-0.534761, -0.39288, 0.498117, 0.00231017, -0.0916329, -0.0531352, 1
0.458441, 0.043747, 0.415201, -0.00747074, 0.0177577, 0.0074347, 1
-0.202086, -0.451886, 0.517809, 0.110185, 0.184679, -0.0345299, 1
-0.264484, -0.562438, 0.325699, 0.00626193, 0.00475054, -0.0107363, 1
-0.294091, 0.0221002, 0.330989, 0.0868604, 0.0319583, 0.0289067, 1
-0.61129, -0.102273, 0.55274, -0.0267234, -0.0297456, -0.00451111, 1
0.622279, 0.359063, 0.377609, -0.00857052, -3.1469e-06, -0.000252629, 1
0.136425, -0.0104753, 0.568082, -0.0549083, 0.0160345, 0.106617, 1
-0.242293, -0.528358, 0.478003, -0.0662629, -0.334223, -0.149957, 1
-0.482867, 0.210233, 0.525845, -0.00287791, 0.028258, 0.0159493, 1
0.616084, 0.305436, 0.585116, 0.154108, -0.259573, 0.0816983, 1
0.0886982, 0.133913, 0.438562, -0.0157051, 0.0166555, 0.00682508, 1
0.489575, 0.561791, 0.483081, -0.0111393, -0.0199309, -0.000318125, 1
0.0409574, -0.332657, 0.499963, -0.0574212, -0.0396033, -0.00564985, 1
0.0838277, 0.00321512, 0.347997, -0.0716124, -0.0309461, -0.0979144, 1
0.147858, 0.0218884, 0.479919, -0.0611907, 0.0855648, -0.0597764, 1
-0.161034, 0.0142044, 0.412194, 0.0369602, -0.0884861, -0.017803, 1
0.0894729, -0.479334, 0.567066, 0.0356286, -0.0300276, 0.00366429, 1
-0.158052, -0.0916638, 0.592468, -0.00809207, 0.0213197, 0.0232616, 1
0.494035, 0.0554328, 0.487535, 0.00789785, 0.00260227, -0.00648397, 1
0.0775616, 0.0415531, 0.406403, -0.397157, 0.0424372, -0.0777781, 1
-0.101828, -0.499712, 0.597372, 0.0643292, -0.00950014, 0.011045, 1
0.392493, 0.619826, 0.580329, -0.0521222, 0.0394269, -0.0246275, 1
-0.195035, 0.0308202, 0.339674, 0.000912256, -0.00694428, -0.00607706, 1
0.544888, -0.515316, 0.497969, 0.0118709, -0.00200938, 0.00173132, 1
-0.582978, 0.262505, 0.34595, -0.00348564, -0.0129723, 0.00966149, 1
0.0767725, -0.528492, 0.506992, -0.000180591, 0.0189118, 0.0454589, 1
0.465623, 0.190944, 0.544649, -0.00868266, -0.00253324, -0.00201152, 1
0.214034, -0.597072, 0.364242, -0.00413144, -0.00284224, -0.00161591, 1
0.0640506, 0.526926, 0.535591, 0.00462271, -0.00452816, -0.000338235, 1
-0.505663, -0.0254757, 0.388489, -0.0676933, -0.0586406, 0.0190319, 1
-0.139977, 0.50266, 0.421052, 0.0202837, -0.0113551, 0.0135886, 1
-0.270342, 0.26519, 0.418517, 0.0030477, 0.00137738, -0.00137587, 1
-0.468879, -0.559808, 0.583713, 0.0532421, -0.040536, -0.0764114, 1
-0.37011, 0.615044, 0.612375, -0.00381852, -0.00195137, 0.00173847, 1
0.361837, -0.597898, 0.520511, -0.00958116, -0.019603, 0.0212618, 1
0.485709, 0.108838, 0.545878, -0.00445322, -0.000656072, -0.00301111, 1
-0.00617736, -0.0555029, 0.436123, 0.046239, 0.017218, 0.00505339, 1
-0.347435, -0.471432, 0.444346, 0.0256786, 0.0105972, 0.0122419, 1
-0.150393, 0.222582, 0.418587, -0.140082, 0.0619036, -0.0863655, 1
-0.527881, 0.346882, 0.569709, 0.00397852, -0.00140148, -0.00872655, 1
-0.233853, -0.423058, 0.537883, -0.00168372, 0.0751837, 0.0263987, 1
0.190426, -0.0634361, 0.44669, -0.00635905, -0.0152691, 0.0104492, 1
0.604568, 0.0976484, 0.464229, -0.00841492, -0.0241267, -0.0799083, 1
0.419567, 0.357502, 0.460499, -0.296326, 0.136693, 0.196462, 1
0.349214, 0.0893753, 0.468515, -0.103193, 0.0194617, -0.128964, 1
-0.0885977, -0.0548788, 0.338234, -0.022038, 0.00755457, -0.0218002, 1
-0.424938, 0.568907, 0.481849, -0.000424688, -0.000263534, 0.00493398, 1
0.059629, -0.408491, 0.521481, 0.0333467, 0.108868, -0.0146364, 1
0.577088, 0.0710796, 0.419636, -0.00158831, -0.00142676, -0.00251213, 1
-0.268418, 0.173162, 0.348866, 0.10178, 0.0209503, -0.0962491, 1
-0.509436, 0.569272, 0.400592, -0.0159567, 0.0260552, 0.0272697, 1
0.38217, 0.129734, 0.542224, 0.0508779, 0.141734, 0.0567368, 1
-0.350925, 0.104339, 0.409145, -0.0650164, -0.115477, -0.0899809, 1
0.246063, -0.106058, 0.34103, 0.00519593, 0.0214806, -0.00191954, 1
-0.431797, -0.386808, 0.520864, 0.00658528, -0.00592057, -0.000711917, 1
0.182336, 0.154558, 0.349654, 0.0248115, -0.00323513, 0.000394158, 1
0.275344, 0.359584, 0.33439, -0.000594008, 0.00768328, 0.0092618, 1
-0.317115, -0.210751, 0.389758, -0.00571354, 0.0197428, 0.0113272, 1
0.508884, -0.263627, 0.565019, 0.00297505, -0.00216668, -0.000132501, 1
-0.332425, 0.0979187, 0.450818, 0.0349305, -0.153403, -0.0111605, 1
-0.196889, 0.218446, 0.435645, -0.0811076, 0.115597, -0.0960554, 1
0.145552, -0.0293474, 0.62557, 0.0103474, -0.0125109, 0.047991, 1
-0.205405, 0.249691, 0.494164, -0.086615, -0.0814327, 0.0908065, 1
0.171248, -0.13421, 0.62514, -0.000159056, 0.000716738, 0.0116877, 1
0.27544, 0.0639572, 0.370947, 0.000300347, -0.00546986, 0.000987133, 1
-0.160956, -0.38367, 0.567078, 0.000226588, 0.000156574, 5.30535e-06, 1
-0.0222671, 0.521637, 0.499483, 0.0143811, -0.028857, -0.00872626, 1
0.0553652, -0.425441, 0.604286, 0.026044, 0.02173, 0.0878017, 1
0.35447, -0.54652, 0.380888, 0.00130363, 0.00571595, -0.00470284, 1
0.0946908, -0.248982, 0.562859, -0.00611121, -0.00190471, 0.00827344, 1
-0.62189, 0.184092, 0.45998, 0.00799763, 0.000345791, 0.000120609, 1
-0.139236, -0.300319, 0.610134, -0.0062637, -0.0161317, 0.0133279, 1
-0.156811, 0.124239, 0.515066, -0.00984179, 0.0306988, 0.021827, 1
0.559916, -0.334476, 0.324022, 0.00751396, 0.0027343, -0.00394469, 1
0.540623, 0.570928, 0.497502, 0.02391, 0.00501624, 0.0052043, 1
-0.495442, -0.219991, 0.559076, -0.00857951, 0.120001, -0.127836, 1
0.512942, 0.387705, 0.531994, -0.0235992, 0.023604, -0.0123141, 1
-0.00898103, -0.186893, 0.583125, 0.0651469, -0.0123937, 0.0682836, 1
-0.111691, -0.462386, 0.603986, -0.00897868, 0.053097, 0.0222006, 1
0.151935, 0.262268, 0.384249, -0.116497, -0.135459, -0.0727223, 1
-0.116483, 0.270341, 0.587763, 0.218315, -0.0521483, 0.0736886, 1
0.463508, -0.498858, 0.355193, -0.00770492, -0.00202554, 0.00378583, 1
0.384189, -0.0257057, 0.543744, 0.0115143, -0.0490461, -0.0187577, 1
-0.0754031, -0.0957527, 0.617616, -0.0087384, 0.00198036, 0.0108849, 1
-0.0392409, -0.185093, 0.602857, -0.00243816, 0.00950371, 0.137069, 1
-0.569085, -0.0505719, 0.390368, -0.0164571, -0.0143484, -0.0102163, 1
0.407291, -0.167593, 0.329804, 0.0117454, 0.0261611, -0.0167616, 1
0.0154147, 0.453389, 0.440571, 0.0214513, 0.0272514, 0.0127443, 1
-0.171939, -0.288266, 0.482466, 0.022014, -0.0265814, 0.00868001, 1
-0.27585, 0.493632, 0.390542, -0.134521, -0.0533752, -0.0635868, 1
0.00122068, -0.252814, 0.615618, 0.20755, 0.105886, 0.177057, 1
-0.16758, -0.41927, 0.333413, -0.00332409, -0.00141638, -0.0158742, 1
-0.00673494, 0.594882, 0.484477, -0.0265607, 0.0392291, -0.00807354, 1
-0.351614, -0.110484, 0.61803, 0.00240667, -8.16024e-05, 0.0034574, 1
-0.401006, 0.480238, 0.414265, -0.00587383, 0.0214412, 0.0239288, 1
-0.509433, 0.541117, 0.559113, 0.0411973, 0.00828077, -0.00296546, 1
-0.207887, 0.318444, 0.359724, -0.0140372, -0.0199824, -0.0132555, 1
-0.1486, -0.296104, 0.31558, 0.0134729, -0.00573048, -0.0070232, 1
0.353759, 0.16192, 0.401005, 0.0643527, -0.0325073, 0.0265791, 1
-0.236233, 0.516033, 0.366922, 0.0362552, 0.0307063, -0.13649, 1
0.0660075, -0.11271, 0.461209, 0.0382563, -0.0089464, -0.00620161, 1
0.00862532, 0.349674, 0.513883, -0.0509342, 0.051468, -0.0534529, 1
0.0823485, -0.287024, 0.505112, 0.00738492, 0.049932, 0.0272774, 1
-0.499598, -0.00867502, 0.32, -0.0270872, -0.0299401, -0.071558, 1
-0.547333, 0.220282, 0.597551, 0.0204254, -0.00483131, 0.00112699, 1
-0.150198, 0.340813, 0.575339, 0.0128718, 0.035909, 0.0352596, 1
-0.433598, -0.497038, 0.497459, 0.0194756, 0.0144102, 0.0143446, 1
-0.254629, -0.0156741, 0.580924, 0.0135862, -0.0286255, -0.00831626, 1
-0.252234, -0.291879, 0.463913, 0.00985598, 0.0105247, -0.0050132, 1
0.0918582, 0.101852, 0.435431, -0.0378863, 0.107335, 0.0284274, 1
0.29962, -0.462104, 0.564744, 0.0415957, 0.0386429, -0.00787896, 1
-0.375397, 0.176485, 0.494672, 0.0181193, 0.231497, 0.157185, 1
0.420208, -0.37113, 0.580407, -0.000484413, 0.000221226, -0.0013117, 1
-0.0791965, -0.240764, 0.420747, -0.0252804, -0.00313399, 0.0156434, 1
-0.0591216, -0.158134, 0.318327, -0.0107838, -0.0156152, -0.00605534, 1
-0.188772, 0.321632, 0.561021, -0.0559199, -0.00618453, 0.077137, 1
-0.407269, 0.517997, 0.594252, -0.00877091, 0.0145614, 0.0053852, 1
0.322641, -0.366596, 0.432843, 0.0340065, -0.00322563, 0.06146, 1
0.126484, 0.0111337, 0.517364, -0.0981459, 0.116199, -0.00923137, 1
-0.537716, -0.526971, 0.385336, 0.0241281, 0.0464286, -0.134342, 1
-0.0559202, 0.402612, 0.427301, 0.00364964, 0.00502203, -0.00293309, 1
-0.316797, -0.602748, 0.628913, 0.000238681, 0.00187712, -0.00018547, 1
0.401964, 0.447423, 0.37864, -0.00727896, -0.0800368, -0.0195166, 1
0.203737, -0.261737, 0.475939, 0.580673, -0.301866, 0.358821, 1
0.626798, 0.309104, 0.593897, 0.250897, -0.136493, 0.167824, 1
-0.619748, -0.509631, 0.516814, -0.00216544, -0.00259143, -0.00258417, 1
0.364409, -0.286937, 0.488822, -0.00794243, 0.0655806, -0.0436493, 1
0.221564, -0.594259, 0.554664, 0.00198208, -0.0291047, 0.0225869, 1
-0.566918, 0.162189, 0.399957, 0.00546679, 0.00420322, -0.0015969, 1
0.242612, 0.254436, 0.425705, -0.000730889, 0.00300558, -0.00231978, 1
0.52403, -0.431448, 0.368867, -0.0196904, 0.0246608, -0.0107688, 1
-0.28662, -0.118281, 0.375671, -0.00274885, -0.0148686, 0.00330776, 1
-0.290821, -0.346281, 0.330036, 0.00916812, 0.0024777, 0.00853434, 1
-0.0361894, 0.487419, 0.422092, 0.0683097, 0.00874132, 0.152031, 1
0.607642, 0.484254, 0.341877, 0.00419035, -0.00875244, -0.00120044, 1
0.463376, 0.49447, 0.37196, 0.0441294, -0.0807204, 0.0376586, 1
0.010778, 0.228915, 0.457717, 0.000292251, -0.000823113, -0.000159272, 1
-0.553786, -0.179484, 0.466643, -0.00299302, 0.00485288, -0.0100276, 1
0.404945, -0.116438, 0.349699, 0.0161495, 0.0127563, 0.000317806, 1
-0.515081, -0.50379, 0.570799, 0.00235899, -0.00236441, -0.0495452, 1
-0.0721882, -0.609724, 0.620428, 0.00707495, -0.00196389, 0.00634262, 1
0.143353, -0.26638, 0.433367, -0.429692, -0.456478, -0.377837, 1
0.386109, 0.072762, 0.504288, 0.209503, -0.211641, -0.109098, 1
0.446324, -0.593391, 0.468652, -0.00625351, -0.00777647, -0.00388655, 1
-0.385161, -0.615713, 0.432224, 0.000191027, 0.00502602, 0.0020223, 1
-0.277579, 0.477626, 0.398351, -0.106346, -0.0591485, -0.0209829, 1
-0.0496646, -0.141559, 0.61307, -0.0160925, 0.0205528, 0.0293667, 1
0.521276, -0.0653818, 0.410709, -0.0209701, -0.0213361, 0.0130997, 1
-0.132005, -0.290401, 0.53909, 0.00165742, -0.014519, -0.0120468, 1
0.00686544, -0.175518, 0.570633, 0.109824, 0.00543976, 0.0188048, 1
-0.229791, 0.382257, 0.575693, -0.0426905, -0.0549615, 0.0898681, 1
-0.267932, -0.104353, 0.351607, -0.0145219, -0.0307118, 0.0131468, 1
0.205609, -0.348208, 0.527289, -0.000548484, 0.00665376, -0.00515223, 1
-0.297094, -0.531847, 0.536432, 0.0184705, -0.00932058, 0.055954, 1
0.317585, -0.287044, 0.539994, 0.0342321, -0.0808755, 0.0710856, 1
-0.473372, 0.0653401, 0.50191, -0.0246387, 0.0124151, 0.0076901, 1
-0.139895, -0.614288, 0.624011, -0.00510594, 0.0028548, 0.00816099, 1
-0.207468, 0.536952, 0.450175, -0.00385665, 0.0117724, 0.0485361, 1
0.17544, -0.225017, 0.535066, -0.0333237, -0.0368593, 0.120345, 1
-0.188054, 0.411812, 0.333695, 1.72285e-05, 0.00140817, -0.00278747, 1
-0.425375, -0.447943, 0.58675, 0.00532017, 0.00398359, -0.000503914, 1
0.617471, -0.0859113, 0.403171, -0.00123788, -0.00962468, -0.000329351, 1
-0.495954, -0.510265, 0.47361, -0.0555663, 0.207148, 0.217904, 1
0.353274, -0.177396, 0.498139, 0.00816285, -0.0163115, -0.0211541, 1
-0.020853, -0.489774, 0.583869, -0.107524, 0.0321415, 0.0300341, 1
-0.380729, -0.333182, 0.442713, -0.00360912, -0.00241303, -0.00422098, 1
0.366985, 0.156886, 0.446632, 0.000571166, 0.00864525, 0.000586776, 1
0.343176, 0.579382, 0.423379, -0.00297729, 0.00476226, 0.00455476, 1
-0.375978, 0.124858, 0.524616, 0.0285341, -0.0327961, 0.112287, 1
0.504358, 0.566767, 0.470078, 0.031588, -0.0026665, -0.0370315, 1
0.579212, -0.488572, 0.515583, 0.00736338, 0.00193703, 0.002965, 1
0.40636, -0.501065, 0.336615, -0.00143841, -0.0165374, 0.015721, 1
-0.500809, -0.367055, 0.366539, -0.00083669, -0.0156197, 0.0130594, 1
0.133704, 0.616182, 0.479681, -1.2917e-06, -0.00601449, -0.000245218, 1
-0.393592, -0.0346346, 0.514728, 0.14972, -0.0780684, -0.0975079, 1
-0.577969, 0.2146, 0.588924, -0.000501963, -0.0164859, -0.0187136, 1
-0.0670429, -0.0483786, 0.470654, 0.075486, 0.187714, 0.235162, 1
0.459559, -0.335166, 0.458009, -0.0016552, -0.0119703, 0.0171595, 1
-0.366777, -0.0811801, 0.331732, 0.0133126, -0.00442998, -0.026286, 1
0.47176, -0.206786, 0.315933, 0.0135367, 0.03859, 0.0430055, 1
-0.167782, -0.257537, 0.351281, 0.0671293, -0.0545663, 0.0120114, 1
-0.625302, -0.481141, 0.383506, -0.305679, 0.0633769, -0.17675, 1
-0.53877, -0.351986, 0.449233, 0.00473589, 0.0351199, -0.0468165, 1
-0.332541, 0.411681, 0.445788, -0.329956, 0.117273, 0.0975964, 1
0.326256, -0.611874, 0.59462, 0.001271, 0.00463453, 0.00124274, 1
-0.134684, -0.55988, 0.490779, -0.0200415, 0.000110387, 0.0176904, 1
-0.298843, 0.0030404, 0.321193, 0.0617241, -0.0480019, 0.0223768, 1
0.323846, -0.167364, 0.394893, 0.0290747, -0.0138263, 0.0283706, 1
-0.363972, 0.095822, 0.532089, 0.0260943, -0.0698818, 0.0252381, 1
-0.296969, -0.0623819, 0.322901, -0.0192218, -0.0162766, 0.0133994, 1
-0.293163, 0.3998, 0.416008, 0.0317162, 0.0310426, -0.322625, 1
-0.147965, 0.404461, 0.453214, 0.0590479, 0.112033, -0.24993, 1
0.126132, 0.495654, 0.522708, -0.0328612, 0.0498293, 0.022552, 1
-0.59679, -0.46685, 0.468138, -0.031535, 0.0394043, 0.114296, 1
-0.0735663, 0.48937, 0.47266, -0.00559118, -0.0220138, 0.0138695, 1
-0.214941, -0.275278, 0.490181, 0.00306699, -0.0505289, 0.0130168, 1
0.488248, 0.055842, 0.33345, 0.0555991, -0.0645424, -0.0534812, 1
0.513095, -0.250275, 0.4491, 0.0159911, 0.00513504, 0.00227362, 1
-0.427187, 0.0157162, 0.315564, -0.0241277, 0.0350326, -0.16162, 1
0.44124, 0.34871, 0.45746, 0.511852, -0.190173, 0.10487, 1
0.472919, -0.574416, 0.399919, -0.00106357, 0.00213132, -0.00918233, 1
-0.382902, -0.0924182, 0.343543, 0.0105053, -0.00924224, -0.0605735, 1
0.170026, -0.59625, 0.624948, -0.000165691, 0.000657786, 0.000259523, 1
-0.258995, -0.563076, 0.350744, 0.025959, 0.0155489, -0.0213794, 1
0.353628, -0.0066793, 0.315596, -0.00101301, -0.00498438, 0.0029956, 1
-0.275587, 0.408343, 0.404267, 0.339351, 0.0817652, -0.425443, 1
0.425209, 0.266628, 0.575719, 0.048223, 0.027453, -0.00952112, 1
0.499082, 0.149759, 0.355659, 0.0166503, 0.0335719, 0.012789, 1
-0.224373, 0.352535, 0.517079, -0.251648, -0.214446, 0.0218605, 1
-0.222042, 0.163812, 0.446766, 0.0784713, 0.181749, -0.504447, 1
0.34787, 0.00676815, 0.460652, 0.00771098, -0.00451191, -0.00123911, 1
-0.572308, 0.253829, 0.595039, 0.00836569, 0.0189846, 0.005733, 1
-0.458062, -0.206108, 0.603467, 0.0956686, 0.00204446, 0.150212, 1
-0.478125, 0.16486, 0.620189, -0.00071486, 0.000143085, 0.000473653, 1
-0.335074, -0.111475, 0.461028, -0.00973872, -0.0205577, -0.00696321, 1
-0.332618, 0.242902, 0.405623, 0.0161371, 0.0438453, -0.0328789, 1
0.0245246, 0.0381476, 0.629771, -0.000304859, -0.000252692, 0.000375374, 1
-0.192455, -0.092734, 0.50972, 0.00964627, -0.0112961, 0.0362641, 1
-0.0297456, 0.312856, 0.440363, 0.0255896, 0.00195398, 0.0341132, 1
-0.481284, -0.539149, 0.323825, 0.00175971, -0.00112996, 0.00281456, 1
0.045852, 0.438684, 0.483008, 0.0304147, 0.0235629, -0.0040899, 1
0.628534, 0.496339, 0.388975, -0.00790422, -0.00258837, 0.00136423, 1
0.488835, -0.591686, 0.494938, 0.0120074, -0.00539039, 0.0447222, 1
0.38285, -0.439847, 0.378663, 0.00726549, -0.00811885, 0.000993688, 1
0.343751, -0.144958, 0.508285, -0.0170892, 0.0546017, 0.0149912, 1
-0.33199, 0.152388, 0.411519, 0.0864555, -0.0322998, -0.0708615, 1
0.0305754, -0.453051, 0.578547, -0.0271715, -0.0327669, 0.113291, 1
0.0298054, -0.0155422, 0.397873, -0.0125362, -0.0152119, -0.000120384, 1
-0.451169, 0.584676, 0.318596, 0.0710827, 0.0363842, -0.0850847, 1
0.0503559, -0.526571, 0.3413, -0.00393713, 0.00170609, -0.0181225, 1
0.0857295, 0.149244, 0.608461, -0.00168445, -0.00192214, 0.00260566, 1
-0.502092, 0.147815, 0.575055, -0.00300471, 0.00317784, 0.0198437, 1
-0.206121, 0.00668702, 0.584625, -0.0142094, -0.0129786, 0.0161796, 1
0.513706, -0.240427, 0.317172, 0.0190241, -0.0307686, 0.0190731, 1
-0.491497, -0.526639, 0.438424, 0.133234, 0.285197, -0.187078, 1
0.281715, -0.228665, 0.31903, 0.000492577, -0.00366296, -0.0126687, 1
-0.592061, 0.431873, 0.363258, 0.000125095, 8.77246e-06, -0.000597453, 1
0.4622, -0.168285, 0.516863, -0.00524647, -0.0192768, -0.0210584, 1
-0.466163, 0.01051, 0.505541, -0.110775, 0.0389641, -0.0661407, 1
-0.451705, -0.569098, 0.531389, 0.00192512, -0.00636748, -0.0182006, 1
-0.346434, 0.146595, 0.411209, -0.0988322, -0.0838608, -0.169414, 1
-0.432442, 0.274467, 0.605654, -0.00319972, -0.0172838, 0.0255812, 1
0.607853, -0.561618, 0.449835, 0.0182865, 0.0235745, -0.0205649, 1
0.426499, 0.582051, 0.547219, 0.024308, -0.00367032, -0.0243581, 1
0.435261, -0.53941, 0.57305, -0.000962421, -0.000688096, 0.00490129, 1
-0.330899, 0.372269, 0.358393, 0.00120167, -0.0310368, -0.0326072, 1
-0.314707, 0.410171, 0.623852, 0.000823967, 0.00526263, 0.00349442, 1
-0.121602, 0.242407, 0.42429, 0.047136, 0.108426, -0.0710802, 1
-0.574004, 0.406208, 0.584409, 0.00611452, -0.00622934, 0.0133316, 1
0.188234, 0.584466, 0.599625, 0.00312376, 0.00936221, 0.0134001, 1
-0.206063, -0.391931, 0.478783, -0.0108399, 0.0232598, 0.021692, 1
0.178848, -0.19441, 0.389909, -0.0435702, 0.0732516, -0.0917034, 1
0.0816098, -0.21652, 0.406995, -0.00403616, 0.0689017, -0.121311, 1
0.621022, -0.419985, 0.395017, 0.0489897, 0.0362517, -0.0124741, 1
0.290045, -0.614688, 0.417656, 0.00522001, -0.00363012, 0.0031086, 1
0.0623919, -0.315623, 0.353232, -0.0662792, -0.0554069, 0.00169314, 1
0.236037, -0.000366321, 0.613265, -0.00416604, 0.00210363, 0.00464045, 1
0.211592, 0.507995, 0.516376, 0.0177935, 0.0327824, 0.00602514, 1
-0.611101, 0.563955, 0.460437, -0.0279825, -0.00874942, -0.0211664, 1
0.466606, 0.122225, 0.449063, 0.000265365, 0.000387488, -0.000504795, 1
0.345252, 0.546126, 0.508571, 0.00720709, 0.0153149, -0.0153097, 1
-0.25947, 0.0950101, 0.61746, 0.01923, -4.22903e-05, 0.0145483, 1
0.0402384, -0.453344, 0.405839, 0.00153462, 0.0165199, 0.00806704, 1
0.408292, -0.462285, 0.458334, -0.00216827, -0.00460751, -0.00137504, 1
-0.531493, 0.457724, 0.462153, -0.0194576, 0.00266954, -0.00742124, 1
-0.120798, -0.109848, 0.540738, 0.000738432, -0.0034427, -0.00794946, 1
0.0322023, -0.503774, 0.383155, 0.0306803, 0.00603062, -0.0128636, 1
-0.0345901, 0.337781, 0.352663, 0.00945371, 0.0935365, -0.26721, 1
-0.488939, 0.356643, 0.336161, -7.65318e-05, -0.000336729, 0.00191045, 1
0.0928845, 0.193286, 0.524208, -0.00670837, 0.00356069, 0.00635035, 1
0.62921, -0.0914256, 0.503249, 0.0047155, -0.00155153, -0.00969109, 1
0.143642, 0.279068, 0.36951, -0.171321, 0.0587745, -0.178075, 1
0.0936271, -0.310657, 0.413665, 0.0172503, -0.0451133, 0.00105515, 1
0.457056, -0.532328, 0.455585, 0.0013084, 0.0159143, -0.00993693, 1
-0.229464, -0.433858, 0.412525, -0.096088, 0.0166974, -0.0159725, 1
0.359219, 0.0753072, 0.542554, -0.103807, -0.0879602, 0.151709, 1
0.00231624, -0.522454, 0.574101, 0.0414975, -0.120356, -0.0124487, 1
0.27501, 0.0729194, 0.501055, 0.0324149, 0.0493728, -0.0284887, 1
0.425735, 0.213944, 0.432725, -0.00338247, 0.00465162, -0.0225708, 1
0.510452, -0.323135, 0.323556, -0.00143373, -0.00789933, -0.0382412, 1
0.0874299, -0.323888, 0.45819, 0.0254382, -0.0204358, -0.0330043, 1
-0.41943, 0.449718, 0.370467, -0.00428396, -0.00795517, -0.0372142, 1
-0.201315, -0.0866186, 0.450293, 0.0554704, 0.00258352, -0.0529287, 1
0.193419, -0.259526, 0.474702, 0.580326, -0.380502, 0.552748, 1
-0.504095, 0.140973, 0.523728, -0.045453, -0.046327, 0.153573, 1
-0.113923, -0.129771, 0.385064, -0.0285492, -0.0100849, -0.0212366, 1
-0.463561, 0.502509, 0.411942, 0.0113459, -0.00486396, 0.023937, 1
0.572916, 0.147556, 0.587662, 0.0389595, -0.0326592, 0.0806795, 1
0.0572845, -0.0566723, 0.483658, -0.0975573, -0.0772883, -0.325116, 1
0.528259, -0.176184, 0.560365, 0.0184615, 0.01289, -0.0225198, 1
0.562556, 0.541209, 0.321902, 0.0185852, 0.0244124, -0.0685577, 1
-0.124536, -0.508184, 0.591822, -0.0285935, -0.023385, -0.0160134, 1
0.0974038, -0.0795356, 0.412677, 0.00776097, 0.0127132, -0.00349585, 1
-0.621277, -0.51608, 0.505286, 0.00108814, -0.00246686, 0.00210169, 1
0.0176047, -0.390212, 0.383039, 0.00702735, -0.00858105, -0.00500385, 1
-0.407335, 0.125828, 0.508087, -0.125561, -0.135616, 0.0464164, 1
-0.127005, 0.292231, 0.476223, 0.0600835, -0.0803512, -0.0139815, 1
0.260835, 0.235184, 0.355621, -0.171655, 0.030868, 0.0286339, 1
0.0916311, -0.337495, 0.498944, 0.0571568, -0.056704, -0.00620795, 1
-0.493592, -0.439199, 0.612389, 0.00891868, 0.0197647, 0.0274518, 1
0.487941, -0.506607, 0.5902, 0.00442747, -0.0099453, 0.0017225, 1
0.515622, -0.00117885, 0.620645, 0.00400663, -0.00978252, 0.0062797, 1
0.363058, -0.533738, 0.443271, 0.00727883, 0.0255546, -0.0172088, 1
-0.506088, -0.525052, 0.471741, -0.210915, 0.0950636, 0.33335, 1
0.255129, 0.122516, 0.531679, 0.0324574, 0.024345, 0.0495617, 1
0.527357, 0.345144, 0.405645, 0.00914363, -0.00147896, -0.00983905, 1
0.0398505, -0.411824, 0.321212, -0.000464552, 0.000969026, 0.000375405, 1
-0.57511, 0.478974, 0.537499, -0.0149953, -0.0225522, -0.0604695, 1
-0.412552, -0.0593579, 0.610616, 0.0737112, -0.0233928, 0.09446, 1
0.323297, 0.0770135, 0.343325, 0.00120531, -0.00176633, 0.00509277, 1
0.253, -0.0650094, 0.374165, -0.00721078, -0.00647085, -0.00257729, 1
0.0939474, -0.179351, 0.531361, -0.0389147, 0.00043424, 0.0146909, 1
0.0566752, -0.446256, 0.555417, 0.113292, -0.0410024, -0.00890777, 1
0.569831, -0.322381, 0.581645, -0.000638335, -0.00110116, 0.00222989, 1
-0.0630576, 0.562711, 0.454783, -0.0155869, 0.015289, -0.0514767, 1
-0.456195, 0.460105, 0.383578, -0.0245622, -0.0121681, 0.0003649, 1
-0.0935402, -0.130008, 0.438113, -0.181158, -0.206444, -0.133582, 1
-0.0686181, -0.0751549, 0.400366, 0.0118044, -0.0949233, -0.217119, 1
-0.438475, 0.142257, 0.543017, -0.0231319, -0.0175089, 0.0727592, 1
-0.515865, -0.164409, 0.40478, -0.0304403, 0.0131803, 0.0265812, 1
-0.402489, -0.541373, 0.546018, -0.0183809, -0.0162748, -0.0304441, 1
-0.165757, 0.182538, 0.34369, -0.00218067, -0.00121998, -0.00521778, 1
-0.560168, -0.390751, 0.389617, 0.0144424, -0.0218704, -0.0116279, 1
0.401574, -0.450883, 0.466512, -0.00602776, 0.00255046, 0.00229654, 1
0.2083, 0.116022, 0.449699, -0.00614581, -0.0026833, -0.0102303, 1
-0.49242, 0.289791, 0.407235, 0.00878103, -0.00314143, 0.00140379, 1
-0.218034, -0.433713, 0.532223, 0.0270497, 0.115608, 0.0239889, 1
0.274493, 0.127633, 0.355944, -0.0317362, -0.197019, -0.046684, 1
0.61603, 0.319121, 0.548999, 0.217964, -0.176645, -0.327242, 1
0.268246, 0.43322, 0.350406, -0.0152428, -0.00153811, -0.0104713, 1
0.627438, -0.599233, 0.372553, -0.0110711, 0.00121304, -0.000370035, 1
0.291658, -0.135027, 0.575678, 0.036519, 0.0128419, 0.0185397, 1
0.406491, -0.0652313, 0.3205, 0.000250078, -0.000314231, -2.60539e-06, 1
-0.554896, -0.293621, 0.36527, 0.00729905, 0.00493551, -0.00528403, 1
0.0512258, 0.544643, 0.551766, 0.0198278, -0.0190286, 0.00318182, 1
0.590096, -0.577741, 0.466723, -0.0102318, -0.00511731, 0.00102273, 1
-0.30082, -0.165811, 0.515786, 0.00414753, -0.00396447, -0.0124606, 1
0.568147, -0.521282, 0.390203, 0.0136895, -0.0248877, 0.00102938, 1
-0.527931, -0.535216, 0.627474, -0.0807219, 0.0308889, 0.0563131, 1
0.408138, 0.362993, 0.578288, -0.00534007, -0.00994599, 0.00048267, 1
0.549834, 0.360468, 0.585971, -0.137698, 0.0417452, 0.122268, 1
-0.479807, 0.0221632, 0.394723, -0.130224, -0.102224, 0.451684, 1
0.562979, -0.201309, 0.535906, 0.0102282, -0.00623758, -0.0121507, 1
0.585052, -0.126242, 0.619992, 0.00955312, 0.00416365, 0.00993143, 1
-0.473722, 0.554947, 0.598662, 0.00220055, 0.000529996, 0.00225268, 1
0.473416, 0.515079, 0.611717, -0.00147596, -0.00543514, 0.00509735, 1
-0.179545, -0.415704, 0.412774, -0.0108726, -0.00285119, -0.0336698, 1
0.623672, -0.47752, 0.439944, -0.00329801, -0.00973201, 0.0091971, 1
-0.335369, -0.375487, 0.463631, -0.01056, 0.0278676, 0.00533095, 1
-0.345326, -0.597313, 0.396889, -0.0126248, -0.0122213, -0.00383348, 1
-0.552026, 0.582484, 0.329515, -0.0331385, 0.0149633, -0.00242847, 1
0.53193, -0.527287, 0.492547, -0.00275988, -0.0041939, -0.000750229, 1
-0.409031, -0.594271, 0.59971, -0.00629335, -0.0768477, -0.0250849, 1
0.474667, 0.620745, 0.410659, 1.09209e-06, -0.00564953, -0.00483829, 1
0.434781, -0.482941, 0.391905, -5.02624e-06, -0.00233312, -0.00124492, 1
0.309574, 0.620439, 0.363184, 0.000596055, -0.00255375, 0.0012512, 1
0.23659, -0.18907, 0.416749, -0.0201219, 0.231665, 0.0242393, 1
0.627759, -0.195361, 0.454859, -0.0106232, 5.49498e-05, 0.0011916, 1
-0.132318, 0.0992333, 0.518478, 0.0237508, 0.0631413, 0.0391049, 1
0.46228, 0.383871, 0.526641, 0.00799752, -0.00458684, 0.00017685, 1
-0.470019, 0.461808, 0.514771, 0.0060722, 0.0284161, 0.050561, 1
-0.411886, 0.363775, 0.540441, -0.0818909, 0.0616379, -0.0649563, 1
0.298373, 0.584707, 0.549364, 0.00286478, 0.00129919, -0.00885532, 1
0.17736, 0.429411, 0.547059, 0.049763, -0.0393551, 0.0802072, 1
0.560068, 0.234229, 0.583815, 0.0353508, 0.0072304, 0.0266906, 1
-0.392167, -0.0861604, 0.581433, 0.0464586, -0.0544371, -0.0109209, 1
-0.19936, -0.479534, 0.376675, 0.0150034, -0.0177619, -0.037003, 1
0.207708, -0.481738, 0.485326, -0.0126048, 0.0185393, -0.0192893, 1
-0.492708, 0.0159068, 0.352643, -0.278987, -0.13234, -0.276553, 1
0.321279, -0.151777, 0.606102, 0.00598152, -0.00492138, 0.0212335, 1
-0.0920104, 0.0081673, 0.564063, 0.00560444, -0.00251641, 0.00490454, 1
-0.552779, 0.226244, 0.497516, -0.00291252, 0.0052919, 0.00129113, 1
0.349056, -0.105346, 0.486202, -0.00666092, 0.0235063, 0.0021511, 1
0.0266573, -0.557949, 0.436064, -0.0100003, -0.00423977, -0.00416605, 1
-0.30496, -0.627845, 0.33713, -0.00864154, -0.000464012, -0.00820108, 1
-0.489556, -0.390049, 0.473081, 0.0611776, -0.0614587, -0.0420969, 1
0.576251, 0.0405549, 0.510688, -0.105303, -0.0369764, -0.0906936, 1
-0.436902, -0.381701, 0.547745, 0.0044941, -0.0172112, -0.00616422, 1
0.244475, -0.244446, 0.39423, 0.068892, -0.137529, -0.070425, 1
0.395121, -0.55313, 0.513777, -0.00894411, 0.0277238, 0.0438504, 1
0.299674, -0.0151775, 0.358328, 0.00619023, 0.0183143, -0.0207407, 1
0.0360727, 0.0620071, 0.57238, -0.0081194, -0.0155326, 0.0153402, 1
-0.493717, -0.2189, 0.388553, -0.00511609, -0.0223138, -0.00362304, 1
0.191163, 0.437721, 0.406556, 0.0381149, 0.0148176, 0.00300501, 1
-0.584435, -0.497203, 0.407086, 0.243504, -0.131366, -0.00885787, 1
-0.495841, -0.356795, 0.467065, 0.0852353, 0.00205805, -0.0674995, 1
0.136555, -0.410507, 0.319712, 0.00308372, 0.0109011, -0.00495472, 1
-0.340545, -0.217445, 0.381778, -0.0133884, 0.00890106, -0.00865155, 1
0.590507, -0.602934, 0.478157, -0.00190907, -0.0458678, 0.0133955, 1
-0.352425, 0.42215, 0.497366, -0.0338785, 0.0291646, -0.00666895, 1
0.442756, 0.0918608, 0.33608, -0.128271, -0.0661639, -0.0476723, 1
0.616142, -0.50203, 0.509073, -0.00551245, 0.000825042, 0.000407627, 1
0.385808, -0.365784, 0.611839, -0.00118115, 0.000500811, -4.33624e-05, 1
-0.579835, 0.455343, 0.563778, 0.00174271, -0.0272489, -0.00403746, 1
-0.213537, 0.500871, 0.596968, 0.0157378, 0.00504138, 0.0125692, 1
0.15488, -0.624934, 0.350279, 0.00743319, 0.00218189, 0.00397414, 1
-0.496716, 0.141585, 0.405143, -0.0028438, -0.00398266, 0.00572391, 1
-0.477793, 0.431004, 0.508272, -0.0205487, -0.0353166, 0.0595014, 1
-0.210608, 0.391547, 0.515029, -0.60471, -0.1329, 0.0123454, 1
0.442095, -0.590842, 0.463076, -0.0135665, 0.00538882, -0.0261833, 1
-0.0882956, 0.481878, 0.32855, -0.156327, 0.0263841, -0.119119, 1
-0.0039007, 0.468057, 0.360534, 0.110134, 0.00568598, -0.0531536, 1
-0.487462, 0.223901, 0.426579, -0.00065906, 0.00445588, -0.00450579, 1
-0.55996, 0.27403, 0.382924, 8.0735e-05, -0.0489346, 0.000552199, 1
0.435226, -0.56947, 0.35065, -0.00013182, 1.45503e-05, -6.28288e-05, 1
0.303245, 0.215373, 0.351908, -0.00613218, -0.116243, -0.0364439, 1
0.444433, 0.348621, 0.544795, -0.00445683, -0.0141965, 0.00559331, 1
-0.45485, 0.500792, 0.495055, 0.0199761, 0.0197058, -0.00874008, 1
0.318311, -0.339779, 0.435451, 0.0131873, 0.0206517, 0.0279413, 1
-0.141424, -0.527647, 0.445231, -0.00688506, -0.000642062, -0.00618805, 1
0.450953, 0.0140206, 0.40821, -0.0188294, -0.0052408, -0.013001, 1
0.505228, -0.619843, 0.367733, 9.13311e-05, 0.00727238, -0.000590874, 1
-0.572491, -0.477342, 0.581199, -0.0142027, 0.0256026, 0.0287914, 1
-0.126103, -0.407339, 0.492216, 0.00643289, -0.00640831, 0.012257, 1
0.145664, -0.602077, 0.507339, 0.00208742, -0.017193, 0.0120707, 1
0.288339, 0.331132, 0.403692, -0.00758688, -0.00248895, -0.0113109, 1
0.436044, 0.145601, 0.333356, 0.00397487, 0.0709024, 0.017214, 1
0.0953694, 0.320714, 0.616045, 0.0155817, 0.00247332, 0.00416418, 1
-0.444265, 0.00906192, 0.373609, 0.199268, -0.297394, 0.111513, 1
0.0376116, 0.497601, 0.399189, 0.0184856, 0.0260673, -0.00539103, 1
0.55861, 0.318591, 0.560185, -0.203623, -0.121445, -0.0439254, 1
-0.328405, 0.193855, 0.562715, -0.0178612, -0.0126569, 0.00500745, 1
-0.117399, 0.251328, 0.60087, 0.112463, -0.295203, 0.171733, 1
-0.312455, -0.504738, 0.341544, -0.000162136, 0.000111447, -0.00307838, 1
0.396482, 0.27089, 0.348516, 0.0164646, 0.00158132, -0.00291935, 1
-0.0940147, -0.0707345, 0.58879, -0.0108426, 0.00518471, 0.0106022, 1
0.260826, -0.264654, 0.467699, 0.0526139, -0.0433961, -0.0583433, 1
0.334324, 0.460678, 0.390387, 0.0121165, -0.0564377, 0.0196649, 1
0.278651, -0.61355, 0.550143, 0.0018641, -0.00424514, 0.00391025, 1
0.513162, 0.0540255, 0.517052, -0.0110716, 0.00929451, -0.0201663, 1
-0.409937, -0.0173284, 0.439209, -0.00023114, 0.019804, 0.00838411, 1
0.570874, 0.28423, 0.330182, -2.95101e-06, 6.65329e-06, -0.000252713, 1
0.301879, -0.463132, 0.550505, 0.0704447, 0.0347653, -0.107773, 1
0.185504, -0.145624, 0.581811, -0.0277068, 0.00176333, 0.0496994, 1
0.291755, -0.379106, 0.492043, 0.0201541, 0.0143535, -0.0215862, 1
0.425891, 0.156843, 0.316869, -0.0165231, 0.0581106, -0.0580942, 1
0.261197, -0.212295, 0.408196, 0.182078, -0.000449084, 0.0177045, 1
-0.387861, -0.507934, 0.365875, 0.0117495, 0.0163827, -0.0472366, 1
-0.0862404, 0.400681, 0.369978, -0.0111304, 0.0096071, -0.00542611, 1
-0.405522, 0.283879, 0.540975, 0.0186721, -0.0746002, -0.00863936, 1
0.402761, 0.503906, 0.379152, -0.0136825, 0.0719613, 0.00961655, 1
-0.360255, 0.444816, 0.607701, 0.00211827, -0.00122296, 0.00228998, 1
-0.299453, 0.116731, 0.334427, -0.00675144, -0.0248043, -0.0581355, 1
-0.617287, -0.327728, 0.455512, -0.0753063, 0.130318, 0.121928, 1
0.450032, 0.59399, 0.518226, -0.00285608, 0.00343322, 0.01027, 1
-0.10165, 0.389918, 0.399946, 0.073024, 0.0387163, -0.075508, 1
-0.094103, 0.0211517, 0.504363, 0.0367989, -0.0468528, 0.0412075, 1
0.278753, 0.263255, 0.534871, 0.0297102, -0.00771355, 0.03224, 1
0.482325, -0.452949, 0.47755, -0.0063924, 0.000965283, 0.00409487, 1
-0.557617, -0.228507, 0.391029, 0.0188199, -0.0443565, 0.00447643, 1
0.346357, -0.45571, 0.359514, -0.00463717, -0.0152261, -0.00753702, 1
0.603039, -0.186001, 0.628209, 0.00258889, -0.00605968, 0.0194559, 1
0.513988, 0.144509, 0.499901, -0.00957548, -0.00686662, -0.0135378, 1
0.591769, 0.157185, 0.57546, 0.0737533, -0.00473088, 0.0475934, 1
-0.106038, -0.0227468, 0.566467, 0.00844075, -0.000153132, 0.000224831, 1
-0.552987, 0.505567, 0.506456, 0.00117217, -0.0247943, -0.0239999, 1
-0.21313, -0.2185, 0.354253, -0.0702252, 0.0188736, -0.0171571, 1
0.544396, -0.56971, 0.577557, 3.34064e-05, -1.13057e-05, -0.000232192, 1
0.164025, 0.542578, 0.621811, -0.00174752, -0.00240192, 0.00498521, 1
-0.445629, 0.614924, 0.407193, -0.0123537, 0.0228686, 0.00943244, 1
-0.14144, 0.331318, 0.450757, 0.00893506, -0.0963046, -0.273249, 1
0.0366911, 0.304393, 0.561747, 0.0268264, -0.067649, 0.00799874, 1
0.0296748, 0.188418, 0.440384, -0.00533181, -0.000851997, 0.0073831, 1
-0.490573, 0.150224, 0.322189, -0.0956036, 0.0526301, -0.0207006, 1
0.551341, -0.585777, 0.473993, -0.00882539, -0.013212, -0.00268114, 1
0.297356, -0.508801, 0.442894, 0.00363433, 0.00749735, -0.00563619, 1
-0.196675, -0.091967, 0.54576, -0.0096618, 0.00209433, 0.00652985, 1
-0.0395898, -0.177534, 0.560823, -0.0329596, 0.0350936, -0.0101658, 1
-0.249214, 0.616455, 0.538977, 0.00101315, -0.00570236, 0.000129692, 1
-0.281823, -0.459138, 0.535217, -0.0333958, 0.02108, -0.00760073, 1
0.0870229, 0.0293858, 0.460555, -0.0284704, -0.117875, 0.176446, 1
-0.629804, -0.563887, 0.379163, -0.0021246, -0.0017601, -0.00296849, 1
0.357259, 0.0957517, 0.583758, -0.00949307, 0.0154649, 0.103441, 1
-0.401061, 0.235142, 0.463823, -0.0167288, 0.0233255, -0.000861705, 1
-0.372232, 0.156519, 0.47487, 0.0122944, 0.0650982, -0.00380156, 1
0.263813, -0.176088, 0.505161, 0.037708, 0.205195, -0.153929, 1
-0.484465, 0.2572, 0.324678, 9.468e-05, 0.000901835, 0.00156784, 1
0.438647, -0.412353, 0.437785, -0.0142171, 0.00405485, 0.0170596, 1
0.162086, -0.0316031, 0.434408, -0.0164379, 0.00594769, -0.02276, 1
-0.201861, 0.316537, 0.477115, -0.309543, 0.0230077, -0.0342107, 1
-0.580847, -0.226404, 0.32697, -0.00358112, 5.17893e-05, -0.00634614, 1
0.0014477, -0.226244, 0.343489, -0.0952812, 0.0780505, -0.0575108, 1
0.258172, -0.498949, 0.524918, -0.0456772, -0.00258237, 0.00966, 1
0.073352, -0.270046, 0.426213, 0.0205639, -0.0642543, 0.0174476, 1
-0.591208, -0.0123148, 0.622833, -0.0163168, -0.0178367, 0.0409496, 1
0.0483453, -0.378465, 0.421321, 0.00198557, -0.00384026, -0.00189453, 1
-0.450866, -0.232966, 0.32813, 1.73057e-05, -0.00136698, -0.00158979, 1
-0.41208, -0.424282, 0.382532, -0.0369932, -0.0161352, -0.0312916, 1
0.0791343, 0.367767, 0.532123, 0.0212329, 0.00378867, 0.0022715, 1
0.55684, -0.464057, 0.453766, 0.0105454, -0.00717659, 0.0109194, 1
-0.0545552, -0.414941, 0.554656, -0.031909, -0.00846671, -0.0214322, 1
-0.0066013, 0.21647, 0.340604, -0.0552377, -0.00756672, -0.0175418, 1
0.10743, -0.155321, 0.373358, 0.00688423, -0.00835298, 0.0130149, 1
-0.312751, 0.547995, 0.463337, 0.000572572, 0.00302231, -0.000611399, 1
0.132173, 0.58675, 0.617749, -0.00205759, 0.000680486, 0.00132675, 1
0.103653, 0.00513235, 0.365642, -0.00977886, -0.139292, -0.143797, 1
0.529008, 0.18423, 0.464891, 0.000107132, 0.000168563, -0.00272797, 1
0.5816, 0.402113, 0.516312, 0.0110956, 0.0277533, -0.0188521, 1
-0.408124, -0.148716, 0.450763, 0.0222648, -0.00486646, 0.0101512, 1
0.46044, -0.221839, 0.492239, 0.0094489, 0.00233685, 0.00284261, 1
-0.244351, 0.353569, 0.545995, -0.0485066, -0.0913772, 0.0881131, 1
-0.545581, -0.282996, 0.442622, 0.0041611, 0.00848517, -0.0146668, 1
-0.443092, 0.454397, 0.561283, -0.0388931, -0.0270704, -0.0042414, 1
-0.209587, -0.488318, 0.54079, 0.0648652, 0.0796759, 0.194686, 1
0.383834, 0.273819, 0.529987, -0.000491021, 0.0186211, -0.0302555, 1
0.334977, -0.252492, 0.373779, 0.00215402, 0.00156012, 0.00653226, 1
0.537619, -0.353447, 0.577328, -0.000144841, -0.00209445, 0.00143266, 1
-0.122669, -0.40181, 0.520365, 0.000894177, -0.000674756, 0.00284054, 1
-0.577276, -0.17997, 0.325695, -0.0018476, 0.00110584, -0.00763576, 1
-0.0341516, -0.349494, 0.427726, -0.0100619, -0.0244926, -0.013899, 1
-0.585048, 0.0361189, 0.358628, -0.000412084, 0.000770738, -0.000457524, 1
0.339005, 0.120501, 0.44537, -0.0259141, 0.0245195, -0.0328055, 1
-0.410361, 0.307373, 0.401478, -0.00146448, 0.000870738, -0.00155716, 1
0.574842, -0.532178, 0.436889, -0.00462882, 0.00830159, -0.000626932, 1
0.21815, 0.48162, 0.347853, -0.00147816, -0.00102437, -0.000581762, 1
-0.181755, 0.186633, 0.442221, 0.0315918, 0.0422275, -0.0465817, 1
0.0534356, 0.0942884, 0.51135, -0.00121352, -0.0223378, -0.0387944, 1
-0.157107, 0.601583, 0.568389, 0.00016735, -0.00132116, -0.000591548, 1
-0.5955, -0.605657, 0.365905, 0.0151263, -0.00153331, -0.014093, 1
-0.552646, -0.00984482, 0.436023, 0.00259772, 0.0158907, 0.0135252, 1
-0.101667, 0.0350707, 0.602543, 0.00350658, 0.000778424, 0.002639, 1
0.0729167, -0.255887, 0.475178, -0.0523478, -0.0123645, 0.070159, 1
0.594468, -0.0362851, 0.39453, 0.0129135, -0.00258455, 0.0108852, 1
-0.319473, -0.0914064, 0.418977, 0.0244649, -0.00242964, 0.00779228, 1
0.168157, -0.50322, 0.381891, -0.0311611, -0.0146853, 0.0119774, 1
0.299644, -0.0550115, 0.58604, 0.000466061, -0.0303059, -0.0357856, 1
-0.451325, 0.628388, 0.452121, -0.00277537, -0.00645244, 0.00510809, 1
0.334149, -0.158683, 0.445026, 0.0190881, 0.0065802, -0.0382627, 1
0.087851, -0.12422, 0.451103, 0.0464297, 0.00852327, 0.0112068, 1
0.291546, -0.046902, 0.606132, -0.0255242, -0.0180282, 0.024686, 1
-0.484216, 0.481394, 0.457409, 0.000292269, 0.0210243, -0.0298105, 1
-0.593896, -0.0756525, 0.550928, 0.0252239, 0.0133067, 0.00561843, 1
0.046889, -0.111148, 0.384366, -0.0192866, 0.00492711, -0.0137701, 1
0.365084, 0.199342, 0.519005, -0.012691, 0.00211711, -0.00909415, 1
-0.478863, -0.262464, 0.550691, 0.272689, -0.217466, -0.0189729, 1
-0.211226, -0.592783, 0.379448, -0.00641104, 0.0130863, -0.00788976, 1
-0.386919, -0.414145, 0.379054, 0.0404678, 0.0220633, -0.037944, 1
0.161639, 0.549968, 0.496874, -0.000208423, 0.000293572, -0.00148556, 1
-0.578111, 0.00785517, 0.62331, 0.0104212, 0.0166435, 0.0446903, 1
-0.0336263, -0.330562, 0.454093, 0.0171488, 0.0350636, 0.0470502, 1
-0.12895, -0.184815, 0.416951, -0.00815791, -0.00430445, -0.00265729, 1
0.44076, -0.148748, 0.555529, -0.024413, -0.0610097, -0.00341084, 1
0.124619, 0.528105, 0.370251, 0.00215853, 0.00137188, -0.000264883, 1
0.402157, 0.263225, 0.577577, 0.0534225, 0.0581398, 0.00152047, 1
-0.0416754, 0.414326, 0.354471, -0.0273987, -0.00898887, -0.0121975, 1
-0.358764, -0.426863, 0.363766, 0.0138039, 0.000638905, -0.0160443, 1
-0.100901, -0.183819, 0.41772, -0.0222565, -0.0235362, -0.00532358, 1
0.155387, 0.607783, 0.397721, 2.08071e-05, -0.00318131, -0.000236874, 1
-0.376972, -0.600291, 0.557176, 0.0132754, -0.0190015, -0.018291, 1
-0.403587, -0.003954, 0.317044, -0.0222258, 0.0304489, -0.191008, 1
0.152859, 0.497059, 0.428332, -0.0023481, 0.0238821, -0.0140825, 1
0.560736, 0.307855, 0.548635, -0.12659, -0.163045, -0.126732, 1
0.262998, -0.197489, 0.523171, 0.0874685, 0.355978, -0.0827186, 1
0.484075, -0.425296, 0.431486, 0.0147693, -0.0118054, 0.00757817, 1
0.27453, 0.162992, 0.377577, -0.205392, -0.105559, 0.0855754, 1
0.432486, 0.434192, 0.428352, 0.00618641, 0.00332391, 0.00257502, 1
0.627621, -0.296672, 0.539888, 0.00277305, 0.000204798, -0.00710356, 1
-0.221352, 0.488678, 0.534343, -0.0234873, 0.134317, -0.00285489, 1
0.109606, -0.518257, 0.541761, -0.00599605, 0.00583433, 0.0210776, 1
-0.181544, -0.291881, 0.383282, -9.57327e-05, -0.01888, 0.00976738, 1
-0.173294, 0.490942, 0.350055, 0.0141552, -0.0184407, -0.0175835, 1
0.280106, 0.421715, 0.58451, -0.084862, 0.0187, -0.00109778, 1
-0.0452063, 0.0547491, 0.377647, -0.00125973, 0.00641892, -0.00445501, 1
-0.472377, -0.0911398, 0.428814, -0.0309249, 0.000974853, 0.0449607, 1
-0.00635857, -0.446573, 0.627053, 0.012498, 0.0113935, 0.0601178, 1
0.244022, 0.615876, 0.57811, -0.0133997, 0.00369502, -0.00850542, 1
-0.562424, 0.613534, 0.346451, -0.00226547, -0.00185646, 0.0015972, 1
0.337201, -0.237781, 0.626112, 0.000103663, -0.000882249, 0.00965338, 1
-0.0452817, 0.501788, 0.339056, 0.101555, 0.197414, -0.195732, 1
-0.398092, -0.30972, 0.423577, -0.000999755, -0.0108309, -0.0048509, 1
-0.124893, 0.14695, 0.388822, 0.0113585, -0.0269262, -0.0353428, 1
0.0154024, -0.202908, 0.33676, -0.0053237, 0.125445, -0.0259439, 1
-0.166411, 0.381849, 0.507938, 0.13722, -0.753067, -0.250639, 1
0.0842507, 0.539436, 0.327662, -0.00125928, -0.00860032, 0.00490077, 1
0.53958, -0.0968859, 0.37351, -0.000816403, -0.0122672, -0.00866706, 1
0.527938, -0.482827, 0.369988, -0.0299532, -0.00658073, -0.0501711, 1
0.320524, -0.415288, 0.365881, 0.0464271, -0.09034, -0.0700387, 1
0.446402, 0.551876, 0.463926, -0.0169371, -0.00450081, -0.00411935, 1
0.430994, -0.123369, 0.431882, 0.00730083, 0.0223772, -0.00322965, 1
0.527293, 0.108503, 0.511943, -0.0344405, 0.00516197, -0.013834, 1
-0.298252, 0.613574, 0.39119, -0.000142373, -0.00468517, -0.000309201, 1
-0.00289198, -0.000987485, 0.497954, -0.0122787, 0.01161, -0.00296672, 1
0.0842197, 0.462565, 0.435925, -0.00398623, 0.0169373, 0.00723803, 1
-0.403883, -0.0831474, 0.413293, -0.0169509, 0.0241936, 0.0941191, 1
-0.353162, -0.173531, 0.546563, 0.00819404, 0.0285859, -0.0321607, 1
-0.11905, -0.275556, 0.583347, 0.0204153, -0.024203, 0.0017657, 1
0.100974, -0.584995, 0.322034, -0.00265768, -0.0135623, -0.0361189, 1
0.304569, 0.49137, 0.617494, -0.0189526, 0.0124545, 0.021659, 1
-0.35958, 0.292401, 0.429161, -0.00517499, 0.0124255, -0.000472607, 1
0.108022, 0.189731, 0.613777, -0.00316383, -0.00163361, 0.0029557, 1
-0.364058, 0.521442, 0.60968, -0.000578405, -0.00154764, 0.0124475, 1
-0.0592257, -0.111413, 0.451942, 0.281668, -0.10896, -0.00973212, 1
-0.587264, 0.60277, 0.410093, -0.00291092, 0.00347272, -0.00279211, 1
-0.10349, -0.431076, 0.546797, -0.00340001, 0.00488683, -0.00434642, 1
0.289757, -0.154275, 0.345923, -0.0799424, -0.0356593, -0.0164071, 1
-0.0438459, 0.356638, 0.434525, 0.00763187, 0.00991331, 0.038244, 1
-0.230312, -0.172351, 0.445767, 0.00583341, -0.00321948, -0.00404624, 1
-0.202103, -0.497745, 0.0961368, -0.00478411, -0.0138257, -0.0103211, 2
-0.251981, -0.227361, 0.0117462, 0.0125351, -0.00954497, -0.0198592, 2
0.204735, 0.510624, 0.21667, 0.0936187, -0.0934499, -0.247213, 2
0.139991, -0.483397, 0.189539, -0.0571481, 0.0265434, -0.0442131, 2
0.0588571, 0.0873404, 0.00419526, 0.00268543, -0.000277047, 0.00877513, 2
0.606699, 0.13004, 0.312379, -0.00189517, -0.00235525, 0.00480117, 2
-0.272784, -0.603414, 0.0471186, 0.15757, 0.034779, -0.173459, 2
-0.605451, 0.316306, 0.166041, 0.00234919, 0.000103983, -0.000271991, 2
-0.481686, -0.357503, 0.0977095, -0.0791698, -0.0462245, -0.00561568, 2
-0.00351324, 0.0421479, 0.212113, 0.131779, -0.133423, -0.351729, 2
0.519627, 0.470008, 0.245167, 0.0155891, 0.02867, -0.0317863, 2
-0.355753, -0.411937, 0.030836, 0.135984, 0.0212814, -0.0145896, 2
-0.308768, 0.422762, 0.00100123, 0.00431238, 0.00160572, -0.0216235, 2
0.557911, -0.0672101, 0.0376428, 0.00225023, 0.000909538, -0.00387685, 2
0.0561419, 0.62161, 0.216969, -0.00111858, -0.00610646, -0.00248192, 2
0.072923, 0.598346, 0.0919878, 0.0112438, 0.0205442, 0.0119745, 2
0.0625105, -0.304401, 0.0986251, -0.0048646, -0.0441654, -0.000670746, 2
0.250985, -0.279889, 0.0202108, 0.0203913, 0.00117144, -0.0915344, 2
-0.344779, -0.131611, 0.0883258, -0.14508, 0.125752, -0.0165963, 2
0.0460591, 0.494839, 0.256354, -0.0161017, 0.334671, 0.0323159, 2
-0.365417, 0.384503, 0.216365, -0.0306013, -0.0377695, 0.0874392, 2
0.615251, -0.601213, 0.270872, -0.00241166, -0.00493631, 0.00316813, 2
-0.521332, -0.280018, 0.219071, -0.110791, 0.0506483, 0.136369, 2
-0.517327, -0.35207, 0.0447778, 0.0191731, -0.0127479, 0.0602035, 2
-0.366756, 0.334035, 0.0426896, 0.0140547, -0.0139488, -0.0566496, 2
0.501119, -0.223005, 0.0347852, 0.00728133, -0.134638, -0.0904175, 2
-0.390857, 0.469469, 0.116176, 0.0286468, -0.000802477, -0.00522305, 2
0.00364383, 0.0904902, 0.203694, -0.0312325, 0.202127, -0.153728, 2
0.0844869, 0.375675, 0.0133007, 0.0115528, -0.00883198, -0.00385958, 2
0.43779, -0.20823, 0.294501, -0.0128058, 0.102028, -0.0337224, 2
0.203278, 0.0563164, 0.233136, -0.0185229, 0.00458359, -0.00355899, 2
-0.19119, 0.0416042, 0.240324, -0.0476728, -0.0523373, -0.0383061, 2
-0.367631, 0.150236, 0.0128282, 0.00629571, -0.00328047, -0.0241364, 2
0.508654, 0.262873, 0.0823016, 0.0140233, 0.00344966, -0.0205299, 2
-0.572161, 0.52608, 0.00831951, -0.0288164, 0.00837476, -0.0650308, 2
-0.401403, 0.397236, 0.110059, -0.0103216, 0.0126265, 0.00582106, 2
-0.262262, -0.623584, 0.0699354, 0.156352, -0.107121, 0.0604277, 2
0.202441, 0.0100234, 0.250049, -0.0174577, -0.00449462, 0.000838607, 2
-0.242709, -0.535453, 0.186477, -0.0290098, -0.0601639, -0.0655412, 2
-0.189506, 0.532301, 0.29191, -0.00948937, -0.0794873, 0.042099, 2
-0.271428, 0.105615, 0.148498, 0.00324948, -0.00704153, -0.00141944, 2
-0.598811, 0.544389, 0.00140854, -0.0189673, 0.0112952, -0.0036809, 2
0.362483, -0.453205, 0.196458, -0.0145175, -0.0416997, -0.0341631, 2
0.413796, -0.574515, 0.104686, -0.00696018, 0.0132635, -0.00165132, 2
-0.516924, -0.516713, 0.078715, -0.00737585, 0.00193337, -0.0188146, 2
-0.483646, -0.288153, 0.0205332, 0.00549686, 0.0113457, -0.00145704, 2
-0.0434101, 0.0795486, 0.0221281, 0.0166953, 0.0464164, -0.135955, 2
0.236331, -0.347974, 0.182125, 0.0751015, -0.00115199, -0.0785429, 2
-0.0234004, 0.0392805, 0.205752, -0.230549, -0.119077, -0.372894, 2
-0.537421, 0.479738, 0.181337, 0.00386083, 0.00159016, 0.00446138, 2
-0.629707, -0.421654, 0.0502495, 0.00605469, -4.88392e-05, 0.00038839, 2
-0.0357138, -0.390501, 0.0288558, 0.0246891, 0.0109315, 0.0105865, 2
-0.0300796, 0.601945, 0.0730454, -0.00146145, 0.000101947, -0.00518206, 2
-0.504173, 0.385778, 0.0869075, -0.0175476, 0.038643, -0.0763557, 2
-0.08543, 0.498817, 0.11522, -0.012274, 0.00301402, -0.00304686, 2
0.22943, -0.614792, 0.200673, -0.0036412, -0.0127646, 0.00742035, 2
0.311563, -0.0282389, 0.0630692, -0.0266457, 0.0178519, -0.0194965, 2
0.400075, -0.421871, 0.133567, 0.0168903, -0.0184162, -0.0371036, 2
-0.131353, 0.184692, 0.300878, -0.0113158, -0.0135324, 0.0130112, 2
-0.56827, 0.277235, 0.263321, 0.0537182, 0.032448, -0.0783299, 2
0.157076, 0.277491, 0.000416843, -0.0084341, 0.00531042, -0.0188438, 2
0.358074, -0.388186, 0.0602824, -0.00190845, -0.000779867, -0.00462907, 2
0.473498, 0.211698, 0.0532779, -0.01158, 0.00827762, -0.0118067, 2
-0.494248, 0.337488, 0.307213, -0.000556532, -0.00417588, 0.0054724, 2
-0.146617, -0.377905, 0.274427, 0.0106726, -0.00218482, 0.0356842, 2
0.314263, 0.481488, 0.27822, 0.0112772, -0.0302962, -0.00390779, 2
-0.142972, 0.163087, 0.113669, 0.0404088, 0.00545037, -0.0188966, 2
0.109305, -0.0668016, 0.165692, 6.282e-05, -0.00758079, -0.0354476, 2
-0.616355, 0.431809, 0.0543743, -0.0185272, 0.00378295, -0.0217012, 2
0.587155, 0.493502, 0.281174, 0.0109714, -0.0050015, -0.00395396, 2
0.380513, 0.0206149, 0.193056, -0.000728419, -0.000222896, 0.002096, 2
0.38218, -0.251274, 0.2535, -0.0672664, 0.0204266, 0.0411158, 2
0.62331, -0.40774, 0.148934, -0.00889733, -9.86268e-05, -0.000460408, 2
-0.423506, -0.272024, 0.0758147, -0.0195905, 0.0667757, -0.00976488, 2
-0.454579, 0.211322, 0.138829, -0.0511723, 0.526119, 0.390224, 2
-0.616799, -0.104378, 0.10171, 0.00094688, -0.0127488, -0.000975349, 2
0.49608, 0.382614, 0.299973, 0.0167007, 0.00480963, -0.00635052, 2
-0.309171, -0.138044, 0.125782, -0.0958413, 0.234981, 0.0712465, 2
0.353597, -0.124436, 0.0762431, 0.0062209, 0.0250683, 0.0236573, 2
0.571095, -0.167244, 0.0421277, 0.0166731, 0.0177371, -0.00684695, 2
0.435863, -0.416695, 0.204772, 0.170153, -0.0404402, -0.242852, 2
-0.0518409, 0.595449, 0.299445, 0.00431465, 0.00165462, 0.00359236, 2
-0.297768, 0.588795, 0.0400189, -0.0089239, 0.048644, -0.0897352, 2
0.297966, -0.464674, 0.129504, 0.0141821, 0.0145841, 0.0263123, 2
0.601225, -0.28929, 0.0248435, 0.00796677, -0.0197701, -0.0554534, 2
-0.103385, -0.276125, 0.15624, -0.0257588, -0.025017, -0.00940617, 2
0.303457, -0.410009, 0.0944025, 0.000951502, 0.00584206, 0.00813531, 2
0.243422, -0.0892163, 0.217382, 0.0334147, 0.0102152, -0.00145719, 2
-0.513379, -0.365582, 0.0287825, 0.0530872, -0.0652821, -0.0213107, 2
-0.208406, -0.424451, 0.144462, -0.140142, 0.0637242, -0.0945619, 2
-0.0398954, -0.618551, 0.197779, -0.00197622, 0.00484885, -0.00134798, 2
-0.480733, -0.040429, 0.189151, 0.0123359, 0.00981025, 0.00606966, 2
-0.542881, 0.291767, 0.178859, -0.0653613, 0.00257174, 0.0495286, 2
-0.382806, -0.0402303, 0.220181, -0.0210346, 0.00772699, -0.00686594, 2
0.13521, -0.0689685, 0.30535, 0.00132059, -0.000817943, -0.00253104, 2
0.234583, 0.45761, 0.0788274, -0.0241947, 0.0174221, 0.00711756, 2
-0.400384, 0.131103, 0.133816, 0.300368, -0.248764, -0.0541558, 2
-0.0227739, -0.255439, 0.269003, -0.00549831, -0.00610073, 0.00256382, 2
-0.413171, -0.138854, 0.0201165, -0.00234852, 0.000648792, 0.00238641, 2
-0.298041, 0.282703, 0.0714946, 0.034215, -0.174888, 0.000147033, 2
0.279808, -0.387155, 0.0743476, 0.0014186, 0.0060532, 0.0143639, 2
-0.189001, -0.237925, 0.221731, 0.000349628, 0.000971269, 4.58962e-05, 2
0.567602, -0.150843, 0.137182, 0.00703236, 0.0169331, -0.0520513, 2
0.0231097, 0.096315, 0.284615, 0.0391737, -0.272488, 0.0816055, 2
-0.356093, -0.398439, 0.109882, 0.00200779, 0.0117837, 0.00178155, 2
-0.394622, 0.466108, 0.066794, -0.00473677, 0.0159516, 0.0150589, 2
-0.0793119, -0.564239, 0.257061, 0.00283889, -0.00163872, -0.0210377, 2
0.455953, 0.0429502, 0.0357102, 0.00264889, -0.000792913, -0.0611827, 2
0.272038, 0.259742, 0.158488, -0.0182937, -0.0106757, -0.051776, 2
0.352504, 0.591664, 0.0716726, -0.0307221, 0.0294121, 0.0649064, 2
-0.621445, 0.241509, 0.132375, 0.00478669, 0.00201032, -0.00480688, 2
-0.324054, -0.577456, 0.230384, 0.0820229, -0.274233, -0.100581, 2
0.56287, 0.620109, 0.0351827, 8.74435e-06, -0.00747473, 0.000133848, 2
-0.148328, 0.0132552, 0.216752, -0.104878, -0.0224744, -0.0378603, 2
-0.269794, 0.287126, 0.274633, -0.0466951, -0.0288827, -0.0291189, 2
0.169735, 0.522468, 0.23367, -0.322901, 0.178459, 0.27565, 2
0.436911, -0.186808, 0.250101, 0.0140853, 0.0399823, -0.00626293, 2
0.205227, -0.360819, 0.103347, 0.000317736, -0.0175269, 0.0261356, 2
0.348068, 0.541182, 0.010792, -0.0215322, -0.0724996, -0.0470891, 2
-0.277909, 0.263723, 0.00121725, 0.0475756, -0.0420921, -0.0591198, 2
0.0087816, 0.272241, 0.219085, 0.00514458, -0.00396843, 0.029708, 2
0.53828, 0.57815, 0.232212, -0.00818917, 0.00148796, 0.0144388, 2
0.19989, 0.511057, 0.229748, -0.0887541, -0.082351, 0.253362, 2
0.340621, -0.267235, 0.0755714, -0.0132516, -0.00730565, -0.015559, 2
-0.0522967, 0.0929345, 0.304844, -0.0422078, -0.0143628, 0.0288421, 2
-0.21369, -0.367294, 0.27797, 0.00663162, -0.00283737, 0.0304953, 2
-0.538938, -0.560346, 0.0737769, -0.00978892, -0.0161348, -0.0148363, 2
0.461464, 0.274844, 0.141063, -0.0440655, 0.0295461, 0.0140728, 2
-0.385073, -0.00705135, 0.118868, 0.0519799, -0.0104741, 0.0290081, 2
-0.341905, 0.345003, 0.0273077, 0.0324408, 0.0222396, -0.0361205, 2
-0.337036, -0.276179, 0.252859, -0.0297349, 0.0367237, 0.0200773, 2
0.539305, -0.367862, 0.239906, -0.0598378, -0.0259573, -0.0114299, 2
0.208226, 0.461992, 0.210179, 0.0439961, -0.266524, -0.0530054, 2
-0.132707, 0.172649, 0.300861, -0.00938108, -0.00644436, 0.0126104, 2
0.169579, -0.509611, 0.166604, 0.0332696, -0.0273933, -0.0289358, 2
0.129027, -0.0933373, 0.232271, 0.0321486, 0.00806729, 0.0343876, 2
-0.0190213, -0.00231204, 0.249676, -0.000980013, -0.270702, 0.0177298, 2
0.276086, -0.170811, 0.160896, -0.0104874, -0.0175981, 0.00513123, 2
-0.419588, 0.0740791, 0.00164217, 0.00367315, -0.000216728, 0.00897763, 2
0.0558837, 0.362137, 0.245384, 0.00158715, -0.00854784, -5.07017e-05, 2
0.165114, -0.604862, 0.0188484, 2.30841e-06, 0.00244124, 0.00397082, 2
-0.0833771, 0.564406, 0.0843737, -0.00371161, 0.00151396, -0.00639859, 2
-0.383682, 0.142669, 0.0423808, 0.00115392, -0.0351201, 0.000229467, 2
0.457034, -0.620001, 0.243034, 0.0057769, -0.00639578, -0.00917096, 2
0.400551, 0.179541, 0.273122, -0.00815808, 0.00573437, 0.00472419, 2
-0.19296, -0.321396, 0.0922969, -0.00602172, -0.00476214, 0.00391553, 2
-0.523802, 0.289546, 0.24921, 0.0330517, 0.00897332, -0.0049246, 2
0.474901, -0.0643306, 0.0490161, 0.00219364, 0.0158613, -0.00900671, 2
-0.141443, 0.146045, 0.225027, 0.0119945, -0.0118065, 0.011323, 2
-0.134874, -0.428035, 0.15807, 0.553211, -0.0112467, -0.440749, 2
-0.413265, 0.367043, 0.164346, -0.0105978, -0.00542308, 0.000823844, 2
-0.337872, -0.346297, 0.147956, -0.159354, 0.181616, -0.251391, 2
-0.000377061, -0.100016, 0.0261326, -0.00272958, 0.0019982, -0.0014522, 2
0.169146, -0.272945, 0.0286232, -0.0105888, -0.0217646, -0.0313313, 2
-0.118645, -0.502358, 0.230999, 0.0408635, 0.0115806, -0.0115297, 2
-0.286084, -0.0653542, 0.308141, -0.0165384, -0.0184542, -0.0279874, 2
0.0831038, 0.0408074, 0.223037, 0.0685065, 0.0182186, 0.0578028, 2
-0.179984, -0.114255, 0.0494635, -0.0192203, 0.00726478, 0.00745675, 2
0.0160801, 0.374265, 0.243466, -0.00705923, -0.00286639, 0.0013911, 2
-0.34374, -0.390572, 0.293948, -0.0106695, -0.0600424, -0.000511041, 2
0.288541, -0.173874, 0.228218, -0.0227647, -0.0128813, -0.00178371, 2
-0.314004, 0.118217, 0.299134, -0.000453016, 0.00253503, -0.0105582, 2
0.277821, -0.512123, 0.116639, 0.00296415, -0.0268133, 0.0711267, 2
0.382352, 0.286986, 0.205894, -0.0108358, 0.0060334, -0.00109611, 2
0.496844, -0.461622, 0.237795, 0.0225285, 0.0670539, -0.0414708, 2
0.160915, -0.117742, 0.0639658, -0.0357457, 0.00136702, -0.0166737, 2
0.133553, 0.595325, 0.231659, -0.00150013, 0.0195463, -0.0100177, 2
-0.234226, -0.214623, 0.0456038, 0.0372265, -0.0183856, -0.0160728, 2
-0.0363721, 0.431421, 0.296661, 0.00636844, -0.0271073, -0.0204982, 2
-0.322437, -0.542282, 0.0415271, -0.00740565, 0.0403795, -0.0351564, 2
-0.406573, 0.376222, 0.155549, -0.0140716, 0.00132923, -0.0085123, 2
0.506298, -0.567746, 0.0276128, -0.00552547, -0.034175, -0.0692375, 2
0.442907, 0.340039, 0.0570729, -0.000765533, -0.000352949, 0.00149196, 2
-0.350462, 0.0924269, 0.28631, 0.0275466, -0.00325806, 0.000826321, 2
0.473113, -0.0406921, 0.0134139, 0.00102413, 0.00260601, 0.000204461, 2
0.164367, -0.509741, 0.141469, 0.000129368, -0.0136241, -0.0249717, 2
0.42023, 0.253776, 0.13281, -0.00760139, 0.0242112, 0.0048137, 2
0.0869371, -0.610414, 0.236645, -0.00326651, -0.00714051, 0.00387259, 2
0.269352, -0.0168225, 0.187009, -0.0345598, 0.0332596, -0.0401741, 2
0.196069, 0.290704, 0.208929, 0.00534501, -0.00105697, 0.0136335, 2
0.362178, 0.514095, 0.145494, 0.00555468, -0.0129099, 0.000596018, 2
-0.275552, 0.390429, 0.161048, -0.0111344, -0.0222441, 0.088151, 2
-0.1651, 0.203373, 0.0885672, -0.00200926, -0.0272187, 0.0231464, 2
0.0631912, 0.482874, 0.269165, 0.249428, 0.0838957, 0.18021, 2
-0.0514945, 0.326023, 0.101501, -0.00742451, 0.00191158, 0.0194538, 2
0.00216104, -0.139574, 0.131557, -0.00624516, -0.00779638, 0.00163265, 2
0.568038, -0.349307, 0.0375096, 0.0448985, 0.11953, -0.0296174, 2
-0.160651, 0.367593, 0.042397, 0.0318281, 0.0586583, 0.00446277, 2
-0.473999, 0.006982, 0.195682, 0.00480222, 0.00214242, 0.00195882, 2
0.274037, -0.426912, 0.110867, -0.0119046, 0.00810146, 0.0134599, 2
-0.150172, 0.565229, 0.0819003, 0.00945383, 0.000830339, 0.00657844, 2
0.431803, -0.340286, 0.0220167, 0.0639129, -0.0397444, -0.0803757, 2
-0.18393, 0.124577, 0.230351, -0.0300243, 0.033237, 0.0106833, 2
0.170339, -0.442195, 0.193578, -0.022402, -0.0854576, -0.00295367, 2
-0.012929, 0.136274, 0.117593, 0.0157741, 0.00958015, -0.00781444, 2
0.393075, -0.491528, 0.240191, -0.0471758, -0.0544545, -0.0355026, 2
-0.340626, -0.553454, 0.310355, -0.00448755, -0.00841164, 0.0438499, 2
-0.190588, -0.0841418, 0.244762, -0.0161157, -0.004604, -0.0134489, 2
-0.0209996, 0.0718225, 0.0890168, 0.0505348, 0.0424211, 0.0698856, 2
-0.498198, -0.284104, 0.13978, -0.087042, 0.10577, -0.108107, 2
-0.0547279, 0.195687, 0.123596, 0.0942833, -0.0554896, 0.0770461, 2
0.272873, -0.00247294, 0.196015, -0.00413859, 0.0803425, -0.0169952, 2
0.36094, 0.44356, 0.0696689, 0.0036369, -0.000654133, -0.000127652, 2
0.0224161, -0.0160644, 0.116611, 0.232362, -0.164376, 0.0935946, 2
-0.463197, 0.60097, 0.30817, 0.0229221, 0.0453249, -0.0425364, 2
0.00717601, 0.364081, 0.0277975, 0.00118263, -0.0774974, 0.00643967, 2
-0.291988, -0.606508, 0.0469248, -0.0174791, -0.0177952, -0.196712, 2
-0.310496, -0.167132, 0.18338, 0.112557, -0.0733432, 0.152927, 2
-0.591374, 0.441832, 0.043845, -0.0311525, 0.00895902, -0.0322248, 2
-0.235307, 0.573597, 0.13031, 0.0252278, 0.0213515, 0.0547809, 2
0.323812, -0.111094, 0.0217408, -0.000406905, 0.0201305, -0.0330227, 2
-0.441731, -0.468184, 0.178613, -0.0151973, 0.00271563, -0.0041749, 2
0.342331, 0.522719, 0.132013, -0.0100174, -0.0112656, -0.0136228, 2
0.621007, -0.0848281, 0.285487, 0.00199212, -0.032444, 0.0163018, 2
-0.172476, 0.0819381, 0.278239, 0.0817402, 0.0285318, 0.0536263, 2
-0.199721, -0.540849, 0.211769, 0.0316111, -0.0112494, 0.0337801, 2
-0.0885308, -0.202874, 0.217632, -0.0431841, 0.0673776, 0.0334781, 2
0.0991685, 0.116594, 0.0183584, -0.016994, -0.0185166, -0.00277299, 2
-0.427238, 0.155183, 0.286307, 0.0470223, 0.0840855, -0.070695, 2
-0.251858, 0.54984, 0.272216, -0.0928585, -0.0103289, -0.0271453, 2
0.269382, 0.243688, 0.0869513, -0.0160351, 0.111604, 0.00409695, 2
0.356345, 0.431921, 0.127396, -3.09746e-05, -4.21683e-05, -0.00176061, 2
-0.189128, 0.144289, 0.100585, -0.0397406, -0.0585447, -0.0372792, 2
0.338923, 0.135333, 0.236869, -0.0408143, 0.0146226, 0.03161, 2
0.220946, 0.59282, 0.0998626, 0.00469585, 0.00411742, -0.000362681, 2
0.0739755, -0.236864, 0.122141, -0.168269, 0.0587834, -0.0233433, 2
-0.338877, 0.304569, 0.228914, -0.00433204, -0.00253198, 0.00245286, 2
0.531652, -0.226226, 0.100571, -0.119215, 0.0922144, 0.0135518, 2
0.605086, -0.0235001, 0.296858, 0.0062722, 0.0141734, -0.0294623, 2
0.490387, 0.354606, 0.276827, 0.033902, -0.0444224, -0.0562801, 2
0.319323, -0.0059758, 0.180258, 0.0418757, 0.037946, -0.00615274, 2
-0.592798, -0.279594, 0.130748, -0.00663943, 0.003564, -0.00146875, 2
-0.0832138, 0.161242, 0.00932898, -3.09494e-05, 0.000664996, -0.011624, 2
0.319127, -0.129799, 0.200653, -0.0675019, -0.00871954, 0.009692, 2
0.00667549, -0.538816, 0.191367, 0.0087794, 0.00596186, 0.00246441, 2
0.406126, 0.165123, 0.289642, -0.0155858, 0.0165272, -0.0204801, 2
-0.365236, 0.456209, 0.208294, 0.0572785, 0.0340135, -0.005886, 2
0.550418, 0.357898, 0.309228, 0.0140171, -0.00996949, 0.0165256, 2
-0.307225, 0.33302, 0.145862, -0.0321372, -0.0481989, 0.0159436, 2
-0.379721, 0.193444, 0.0770226, 0.0045396, 0.0102251, -0.0028381, 2
-0.53234, -0.117196, 0.23302, 0.010193, 0.00416074, -0.00216703, 2
0.188692, -0.0800313, 0.00563018, -0.00177023, 0.0039986, 0.00532335, 2
-0.548244, 0.466718, 0.203431, 0.00193116, 0.00132784, 0.00957269, 2
-0.510928, 0.155882, 0.013491, 0.135029, -0.0171381, -0.0629998, 2
0.291684, -0.467406, 0.0362778, 0.0112776, 0.00309096, -0.0431661, 2
-0.202774, 0.568683, 0.235049, -0.00178549, 0.046311, -0.0809844, 2
-0.304132, -0.426517, 0.191611, 0.0726868, -0.494046, 0.136778, 2
0.529042, -0.506063, 0.123594, 0.0473181, -0.00842236, 0.034419, 2
0.506027, -0.183324, 0.0493585, 0.228752, 0.0619863, -0.0544438, 2
-0.170452, 0.0669184, 0.25521, 0.0574359, 0.00145244, 0.0133139, 2
0.137639, 0.164542, 0.0684204, 0.0315739, -0.0210199, 0.064529, 2
-0.19021, -0.27673, 0.205903, 0.00277812, 0.00750529, -0.00348731, 2
-0.167689, -0.19501, 0.165092, -0.00188602, 0.00321353, 0.00215054, 2
-0.61389, -0.0759755, 0.0465717, 0.0039511, -0.00117898, -0.0059556, 2
-0.559926, -0.414255, 0.087211, -0.0145471, 0.0296741, 0.0381634, 2
-0.414815, 0.0129338, 0.0718908, -0.0105312, 0.0111735, -0.024537, 2
0.525382, 0.338765, 0.122752, -0.00513362, -0.0272446, -0.0417239, 2
0.0318986, 0.237843, 0.153728, 0.00628945, -0.0870854, 0.0196553, 2
0.526276, 0.113907, 0.265387, 0.00345545, -0.00446926, -0.00199132, 2
-0.536217, 0.573418, 0.124626, -0.0514017, 0.0113682, 0.0372513, 2
0.484625, 0.0810937, 0.00827069, -0.00578732, -0.0271373, -0.0320616, 2
-0.501621, 0.520847, 0.0965792, 0.0304232, -0.0424154, 0.0210658, 2
0.321993, -0.276806, 0.205317, 0.0431831, -0.0321666, -0.014396, 2
-0.277565, -0.260733, 0.0288327, 0.0051056, -0.00944758, -0.0323002, 2
-0.091278, -0.190696, 0.0827597, 0.0107296, -0.0655333, -0.00719614, 2
0.257566, 0.0244527, 0.243484, -0.033887, -0.0635273, 0.0169408, 2
0.545129, -0.0801283, 0.170684, -0.140647, 5.81491e-05, -0.0513446, 2
-0.223788, 0.581734, 0.0726544, 0.129877, 0.115213, 0.11772, 2
0.391123, 0.478046, 0.258622, -0.0039529, -0.00401813, -0.00667606, 2
0.192745, 0.571793, 0.244486, -0.0226516, 0.15016, 0.0947867, 2
-0.568677, 0.426454, 0.107268, -0.0251216, -0.060168, 0.0617542, 2
-0.535594, 0.554797, 0.0799891, 0.0136619, 0.0250039, 0.122982, 2
-0.149277, 0.246827, 0.168279, 0.00910825, 0.00192188, 0.0122924, 2
-0.587935, 0.599225, 0.260586, -0.0157835, -0.00295486, -0.00865803, 2
-0.472604, -0.122016, 0.0554215, -0.00171944, -0.00727562, -0.00171798, 2
-0.141565, -0.494414, 0.219026, -0.000538388, -0.00289934, 0.0229537, 2
-0.427556, -0.579248, 0.0415026, -0.126208, -0.153534, -0.0335249, 2
0.255181, -0.173072, 0.0294452, 0.0812532, -0.123951, -0.211291, 2
0.545799, -0.411913, 0.306448, -0.00827139, -0.00528483, 0.00403296, 2
0.32036, 0.410796, 0.291905, -0.00156276, 0.00214496, 0.00151149, 2
0.0383754, 0.472083, 0.241028, -0.00124046, -0.127205, -0.337466, 2
0.467448, 0.566452, 0.222236, 0.0034969, 0.0074704, -0.00791884, 2
-0.472522, -0.212789, 0.126452, 0.00476974, 0.00986034, -0.0102543, 2
0.200592, -0.17076, 0.118767, -0.0385005, -0.0302056, 0.0136164, 2
-0.0169897, -0.013401, 0.245754, 0.00940739, -0.220344, -0.038499, 2
0.204696, 0.474997, 0.279642, -0.0116368, -0.0562228, 0.0939926, 2
-0.179129, -0.582523, 0.292321, -0.00987744, -0.00446081, 0.00719365, 2
-0.0131182, 0.302622, 0.0915617, 0.00522267, 0.0110191, -0.00403556, 2
0.104662, 0.218457, 0.146074, 0.018174, -0.00516391, 0.00195047, 2
0.0705259, -0.0911467, 0.0912824, 0.0451338, 0.0909704, 0.0256583, 2
-0.0217811, 0.577192, 0.0518122, -0.00673265, 0.00771114, -0.00484478, 2
-0.317597, 0.414677, 0.0359343, 0.00584622, -0.0248515, -0.0249347, 2
0.571347, 0.572118, 0.140228, 0.0121214, 0.0982901, -0.169255, 2
-0.182773, 0.142747, 0.255029, -0.00195801, 0.0275992, 0.037908, 2
0.292297, -0.504206, 0.0941876, 0.0740019, -0.0226638, 0.0230345, 2
0.0153865, 0.330454, 0.055446, 0.0124334, -0.0224228, 0.0147032, 2
-0.125974, -0.478638, 0.0673062, -0.0239085, -0.0256388, 0.0280168, 2
-0.216618, 0.138207, 0.300453, -0.00117842, 0.0143865, 0.00498358, 2
0.149628, -0.387094, 0.197576, -0.177445, 0.0451652, 0.025987, 2
-0.526001, 0.313395, 0.0172985, -0.0165483, -0.00286, -0.0123684, 2
-0.160871, -0.338349, 0.00410568, -0.00384125, -0.00508799, 0.00317636, 2
0.0463774, -0.0259833, 0.265266, -0.072027, 0.0671249, 0.249714, 2
0.190115, -0.0846002, 0.250805, -0.00762819, 0.0485829, 0.0407612, 2
-0.508901, 0.36259, 0.129001, -0.102432, 0.101807, 0.00409551, 2
0.511214, 0.0249236, 0.16044, 0.0870114, 0.00920684, 0.0168157, 2
-0.371962, -0.589653, 0.0855625, 0.0276798, -0.0536615, 0.0054774, 2
-0.150179, -0.0856636, 0.123394, -0.0173745, 0.0138432, 0.0101554, 2
0.119046, 0.327682, 0.000454677, -0.00295275, 0.0043545, 0.00644229, 2
0.0609296, -0.152653, 0.061172, -0.0308719, -0.074803, -0.0330561, 2
-0.408693, -0.0486912, 0.297012, -0.00453719, -0.0364362, -0.0414374, 2
-0.339499, 0.420401, 0.0549336, 0.0179583, -0.0105876, 0.0224346, 2
-0.323077, -0.163185, 0.205929, 0.0259859, -0.0295788, 0.101405, 2
-0.52194, -0.603034, 0.0272877, -0.00134929, -0.000419244, 0.00125026, 2
0.481278, -0.481971, 0.275426, -0.0227624, 0.110019, 0.0308659, 2
-0.262647, -0.60072, 0.124166, 0.0129623, -0.00114359, 0.035061, 2
0.379113, -0.34272, 0.134244, -0.000551227, 0.0350767, 0.0217719, 2
-0.538564, 0.137065, 0.270319, -0.038739, 0.0102719, -0.0479945, 2
-0.0449891, -0.373852, 0.194748, 0.00805031, 0.00569106, -0.00138524, 2
-0.0431704, 0.317041, 0.314076, 0.0466723, 0.06274, -0.152207, 2
0.201518, 0.538311, 0.144412, 0.0294781, 0.0652436, -0.0727202, 2
0.129638, -0.431151, 0.0920214, -0.00968361, 0.0037092, 0.00689557, 2
0.349372, -0.124264, 0.208716, 0.0748831, 0.0146143, 0.0279818, 2
-0.0868405, -0.0162411, 0.215448, 0.11817, -0.0563369, -0.0994005, 2
0.0223102, -0.164926, 0.252446, -0.0236707, -0.0123708, 0.0111511, 2
-0.135912, 0.20239, 0.259757, -0.0525054, -0.0117424, 0.0126358, 2
0.360753, -0.0484605, 0.0165863, 0.00710289, -0.00734161, -0.00541863, 2
-0.362199, 0.0429387, 0.208344, -0.0551716, 0.0188507, 0.0127616, 2
-0.540851, 0.627913, 0.272371, 0.0110902, 0.00856589, 0.00378931, 2
0.238142, -0.0452208, 0.194141, -0.0600499, -0.0172265, 0.00331743, 2
0.234518, -0.473666, 0.171228, 0.00589987, -0.00937665, -0.0586273, 2
-0.447761, 0.285935, 0.220931, 0.0419269, 0.022613, 0.0300857, 2
-0.0796757, 0.0053433, 0.032374, -0.0353702, -0.0432356, -0.0228111, 2
-0.504739, 0.548466, 0.185805, 0.00059017, 0.00255075, 0.024765, 2
0.357054, -0.059187, 0.302064, 0.00333882, 0.00610343, -0.00481353, 2
0.106913, 0.434864, 0.19517, -0.119687, -0.0936602, 0.141147, 2
-0.113986, 0.165654, 0.0255645, 0.000569134, -0.0261484, -0.022939, 2
-0.0476404, 0.433418, 0.19379, 0.00193865, -0.0122482, -0.0070105, 2
-0.474193, 0.52253, 0.193277, 0.00358525, 0.000165311, 0.00747007, 2
0.615293, 0.130708, 0.0244814, 0.0200857, -0.0340966, -0.0677357, 2
0.131929, -0.264738, 0.0635557, -0.0485743, -0.0360007, -0.0132989, 2
-0.443086, -0.0825355, 0.29253, -0.0026794, 0.000271935, -0.00606821, 2
0.440638, 0.467752, 0.136375, -0.00389709, -0.000118908, 0.00196612, 2
0.570134, 0.592977, 0.116001, 0.00827288, 0.121419, -0.185371, 2
0.0534252, 0.320068, 0.258695, 0.00099871, -0.00494747, -0.00549764, 2
0.00175352, -0.202983, 0.20992, 0.00860739, -0.00118095, -0.0103656, 2
-0.477491, 0.312995, 0.0938428, 0.131593, 0.040019, -0.165084, 2
-0.375233, -0.364609, 0.0447064, 0.042035, 0.0526862, -0.163743, 2
0.399927, -0.208839, 0.017848, 0.0338547, -0.00959582, -0.04188, 2
-0.0868901, -0.223509, 0.208016, -0.0670393, 0.00068913, 0.0385407, 2
0.0110356, 0.538383, 0.299322, 0.000824678, 0.0127997, 0.011006, 2
0.265258, -0.534666, 0.121198, -0.0152267, -0.0390352, 0.0286252, 2
0.175452, 0.535935, 0.0806449, 0.053109, -0.00747275, 0.0105899, 2
-0.538974, 0.476106, 0.0713982, 0.029251, 0.0114314, 0.0223021, 2
-0.0749707, -0.100433, 0.308906, -0.00945372, 0.00310898, -0.0220806, 2
-0.300118, 0.531284, 0.100669, -0.143155, -0.268023, 0.303748, 2
0.539563, -0.57617, 0.0214273, 0.0586642, -0.048523, -0.0171128, 2
-0.344993, -0.32144, 0.0877658, 0.0152501, -0.0180782, 0.123038, 2
-0.166167, -0.551477, 0.193047, 0.00658158, -0.0371318, 0.00507354, 2
-0.094775, -0.00840347, 0.294661, -0.0055141, -0.0164415, 0.0184467, 2
-0.522638, -0.627331, 0.271766, -1.47769e-06, 0.0110731, -0.000243077, 2
-0.585276, 0.26789, 0.29559, 0.0183931, -0.0315279, 0.040532, 2
-0.100485, -0.186621, 0.272083, 0.0032506, 0.0117277, 0.00491005, 2
0.222094, -0.0956317, 0.233618, 0.0521906, 0.0493148, 0.0237745, 2
0.507687, 0.459361, 0.0510194, 0.00414666, -0.0335437, -0.0104601, 2
0.483385, -0.47072, 0.0263497, -0.0308964, 0.0095342, -0.0192691, 2
-0.373864, -0.56112, 0.0397979, 0.18547, 0.011125, -0.0503819, 2
-0.288155, -0.27615, 0.116929, 0.0122841, -0.083504, 0.0079546, 2
0.062908, 0.187646, 0.13655, 0.0163984, -0.029043, -0.000671791, 2
-0.424831, -0.537092, 0.29194, -0.00266667, -0.0078684, 0.0042334, 2
-0.506116, -0.429767, 0.292598, 0.00431904, -0.0164455, 0.00912921, 2
0.580946, -0.385079, 0.20208, 0.00721961, -0.00416002, -0.0327108, 2
0.503379, 0.1444, 0.312916, 0.0248356, 0.0302047, -0.0171163, 2
0.331784, -0.263469, 0.131517, -0.0371175, -0.0160985, 0.0162615, 2
0.00633051, -0.385745, 0.0888663, 0.0287875, -0.061187, -0.0330173, 2
0.210408, -0.532324, 0.128677, -0.000716552, -0.0102907, -0.0017056, 2
0.315807, -0.276225, 0.145888, -0.0065932, -0.00377423, -0.0566308, 2
0.474999, 0.0655829, 0.234341, 0.00429605, 0.0221021, -0.00416194, 2
-0.317213, -0.501473, 0.123762, -0.00226025, 0.00885746, 0.00430736, 2
0.228988, -0.29634, 0.14698, 0.0605281, -0.00391505, -0.0488873, 2
0.136823, -0.172492, 0.197029, 0.00917506, -0.0304636, -0.0165219, 2
0.0472898, -0.221509, 0.25825, -0.000703767, 0.0137558, 0.00133936, 2
-0.404317, -0.348094, 0.136859, -0.0176676, -0.00924655, 0.050339, 2
-0.412581, 0.613653, 0.228483, -1.15934e-07, -0.00507771, -0.000245419, 2
0.113487, -0.00997954, 0.289537, 0.024657, -0.00504036, 0.00239758, 2
0.468952, -0.429535, 0.313947, 0.0815833, 0.0212863, 0.029103, 2
-0.276266, 0.516236, 0.0874, 0.0983689, -0.268367, 0.0211347, 2
0.307286, 0.361271, 0.261287, 0.00541075, 0.00571456, 0.00273889, 2
-0.0152761, -0.585905, 0.293409, 0.0102919, 0.000574939, 0.00946998, 2
0.479772, 0.273046, 0.0618335, 0.000763744, 0.00641834, -0.0103362, 2
-0.192235, -0.220094, 0.176201, -0.00167044, 0.00146744, 0.00328088, 2
0.595881, 0.457159, 0.278315, 0.00707646, -0.00510597, 0.000450827, 2
0.368956, -0.577121, 0.0338006, -0.0030934, 0.000639295, -0.000794829, 2
-0.343534, -0.359738, 0.0297231, 0.0265812, -0.0076307, -0.0785048, 2
0.570397, 0.383712, 0.184719, -0.000312991, 0.00419185, 0.00731088, 2
0.46862, 0.222701, 0.234826, 0.0635186, 0.0203919, 0.00196202, 2
0.464481, 0.576398, 0.206394, 0.000182542, 0.00173704, -0.00178352, 2
-0.445846, 0.253721, 0.139221, 0.198868, 0.0439711, 0.0894483, 2
0.599301, -0.391519, 0.150236, 5.82408e-05, -0.000731663, -0.000826012, 2
0.513011, -0.54171, 0.0610065, 0.0256488, -0.0519385, 0.0395589, 2
-0.499582, -0.103982, 0.163474, -0.00292947, -0.0110899, -0.00612296, 2
0.205223, -0.138064, 0.120273, -0.0611543, -0.0170282, 0.0456502, 2
0.0585557, -0.399072, 0.133483, 4.31295e-05, -0.00327914, 8.4616e-05, 2
0.193758, -0.112642, 0.20104, 0.0604195, 0.0441235, -0.063946, 2
0.31265, -0.172209, 0.139477, -0.00581427, -0.0402133, -0.00318524, 2
-0.208401, -0.333552, 0.0376613, -0.00237042, -0.00281141, -0.00187656, 2
-0.529023, -0.499035, 0.02427, 0.0115759, -0.0440013, -0.023355, 2
0.296555, -0.314917, 0.245191, -0.0213566, -0.0298998, 0.0808837, 2
-0.406487, -0.34558, 0.304802, -0.00049567, -0.00803905, -0.0121157, 2
0.194456, -0.462532, 0.0118837, 0.0109907, 0.0562482, -0.0607724, 2
0.438481, -0.332151, 0.143379, 0.004575, 0.00504353, 0.00526281, 2
-0.16755, 0.503036, 0.266354, -0.0176658, -0.0602515, -0.0124605, 2
0.313541, -0.0683719, 0.00909523, -0.00903201, 0.00704417, -0.013025, 2
-0.412453, -0.504577, 0.138426, 0.000894106, 0.0124207, -0.00278729, 2
0.391706, 0.438036, 0.252864, -0.0070333, 0.0286428, -0.00640739, 2
-0.310313, -0.400328, 0.0119852, 0.0187939, 0.00479953, -0.00162746, 2
-0.159668, -0.299387, 0.0447174, -0.0311918, -0.00777736, -0.0249723, 2
-0.0625878, 0.627131, 0.123479, -0.00205928, -0.00529293, -0.000209975, 2
-0.341751, -0.40932, 0.194575, -0.239636, -0.29007, 0.116189, 2
-0.382469, 0.415099, 0.236433, -0.0279928, -0.0183223, 0.072585, 2
-0.334934, 0.223617, 0.310886, -0.00138834, 0.00375274, -0.00586232, 2
0.238582, -0.573896, 0.279154, 0.0031602, -0.00870309, 0.00369198, 2
0.0440714, 0.369608, 0.10457, -0.0381999, -0.00182281, -0.0116413, 2
0.0804523, 0.587119, 0.135917, 0.00267482, 0.00913276, 0.0125571, 2
-0.625773, 0.348861, 0.087935, 0.0091867, -0.0038664, -0.000359893, 2
0.385684, -0.591415, 0.145344, 0.0196198, -0.0249669, -0.00312812, 2
0.433625, -0.12112, 0.227988, 0.00221338, 0.00566126, 0.000219996, 2
0.612495, 0.446256, 0.22728, -0.00295001, -0.00117839, -0.000354953, 2
-0.153516, -0.525458, 0.282441, -0.0193396, 0.00704853, 0.00578191, 2
0.624784, -0.277964, 0.228725, 0.0985785, 0.00506542, 0.0396753, 2
0.310589, 0.0170657, 0.127138, 0.00194497, 0.0135513, -0.00180247, 2
0.294206, -0.374315, 0.141155, -0.00516562, 0.0025586, 0.00108733, 2
0.150896, 0.299719, 0.0760662, 0.00211126, 0.00577979, -0.000318317, 2
0.569177, -0.249792, 0.065355, -0.0545227, -0.0356274, -0.160259, 2
-0.147083, -0.245601, 0.310061, 0.0223806, -0.00778546, -0.025052, 2
0.204657, -0.48988, 0.00471651, 0.0344808, -0.0319888, -0.0544038, 2
-0.473894, 0.573709, 0.131927, 0.0435991, 0.00440045, 0.0276268, 2
0.438058, 0.55624, 0.0860005, 0.000436494, -0.00204692, 0.00543296, 2
0.087251, -0.227239, 0.112127, -0.0456332, 0.132499, -0.0989792, 2
-0.0429124, -0.232418, 0.200127, 0.0897996, -0.0131256, 0.0224633, 2
-0.38794, -0.551792, 0.0469024, 0.164799, 0.132813, 0.00955272, 2
0.120613, 0.372378, 0.110814, 0.0229749, 0.00868594, 0.0585874, 2
-0.574693, -0.10669, 0.0282534, -4.83594e-05, -0.000293238, 0.00123876, 2
-0.270428, -0.167476, 0.123296, 0.320465, -0.0397622, 0.156345, 2
-0.00900852, 0.315404, 0.219387, 0.0204892, 0.0199274, 0.00692501, 2
-0.0286907, -0.109902, 0.254408, -0.00866725, 0.0133671, -0.0146026, 2
-0.00982465, 0.0461678, 0.240344, 0.0970634, 0.116438, 0.165282, 2
0.517885, -0.145737, 0.221913, -0.135928, 0.00470082, 0.052705, 2
-0.39804, 0.571477, 0.00761283, -0.00168861, 0.000587398, 0.00289373, 2
0.0504679, -0.101399, 0.106999, -0.0404791, 0.0133332, 0.0806749, 2
-0.408952, 0.140625, 0.126542, 0.443849, -0.299984, -0.204592, 2
-0.221342, -0.368725, 0.0621456, 0.00564225, 0.00515026, -0.00751558, 2
0.221916, -0.313455, 0.192964, -0.018558, 0.0493999, 0.0423135, 2
0.334929, 0.0460799, 0.308586, -0.00374054, -0.0159932, 0.0158258, 2
-0.431813, -0.592892, 0.229946, -0.0300709, -0.0660968, 0.167512, 2
0.445735, 0.00838072, 0.0449797, -0.00997771, -0.0206042, -0.126849, 2
0.20344, 0.62852, 0.214013, 0.00511668, 0.00263821, 0.000752674, 2
-0.0951108, 0.516441, 0.0200873, 0.000630041, 0.000176922, 0.00221969, 2
-0.467384, -0.511562, 0.00546567, 0.00587328, 0.01018, -0.00272723, 2
-0.436933, 0.16887, 0.137607, 0.343975, 0.0791388, 0.371439, 2
-0.00893586, 0.389881, 0.0152721, -0.0964917, -0.0407949, -0.0998845, 2
0.497233, -0.461424, 0.0805816, -0.111228, -0.0357254, 0.0115984, 2
-0.514112, 0.390455, 0.159709, -0.0344199, 0.0339186, 0.0611873, 2
0.257744, 0.0954206, 0.0137378, 0.0100898, -0.0687844, -0.05374, 2
0.23216, 0.293571, 0.0230057, 0.0299396, 0.0235703, 0.00694054, 2
-0.107982, 0.109343, 0.182592, 0.0035878, 0.000968342, -0.00134753, 2
0.0719364, -0.317181, 0.182231, -0.0117662, -0.00065143, 0.0138731, 2
-0.33194, 0.217672, 0.15385, -0.352102, 0.106539, -0.0960885, 2
-0.251591, 0.380251, 0.183451, 0.0476285, -0.0481671, 0.124267, 2
-0.229729, 0.573281, 0.0681771, 0.0924778, 0.0865059, 0.078174, 2
0.320699, -0.0656178, 0.00815654, -0.00505126, 0.0057345, -0.0132567, 2
0.381787, -0.198349, 0.0502914, 0.0163899, 0.00254502, -0.0540452, 2
-0.555813, -0.0824969, 0.305396, 0.00052086, 0.00739288, 0.000425569, 2
0.0830213, -0.454716, 0.17176, -0.00458583, -0.00171992, -0.00423779, 2
0.137973, 0.407408, 0.0876623, 0.0422221, 0.0749889, -0.0127876, 2
0.229995, -0.330538, 0.272489, 0.00182533, 0.00205308, 0.0075703, 2
-0.299565, 0.371362, 0.0357029, 0.00531445, 0.00901652, -0.00984012, 2
0.429358, -0.590542, 0.247612, -0.00202236, -0.00913153, -0.00585899, 2
-0.215168, -0.21217, 0.185184, -0.000681932, 0.000806851, 0.000959973, 2
0.518634, 0.188065, 0.171013, 0.00403986, 0.00349023, -0.00596381, 2
-0.468584, -0.1212, 0.312099, -0.0030691, 0.00186796, -0.0133451, 2
-0.435958, -0.369376, 0.105021, -0.0118649, -0.120042, 0.0541598, 2
-0.234793, -0.295226, 0.241888, 0.0295083, 0.023522, 0.0259889, 2
-0.273136, 0.417759, 0.2857, -0.00151648, 0.00197649, -0.000756479, 2
0.413905, -0.0742322, 0.230061, 0.00165912, 0.00038181, 0.000846332, 2
-0.495372, -0.4742, 0.304917, 0.000374124, -0.00202055, -0.0171345, 2
0.594583, -0.143802, 0.240267, 0.0775506, -0.000577053, 0.0879993, 2
-0.522532, -0.344407, 0.250122, -0.028201, 0.32588, 0.220535, 2
0.467914, 0.0703884, 0.039589, 0.00474517, -0.0224644, -0.0160027, 2
-0.0512781, -0.0409409, 0.244096, -0.000659097, -0.0894125, -0.00890693, 2
-0.627153, 0.120438, 0.0563053, -0.136421, -0.0292189, 0.0425327, 2
0.621245, 0.314443, 0.121452, -0.00702412, -0.00124182, -0.000608439, 2
-0.218596, -0.550313, 0.205136, 0.0171788, -0.0557152, 0.011175, 2
-0.51097, -0.193485, 0.152085, 0.00438918, 0.0161988, -0.0143356, 2
-0.628097, -0.409544, 0.291018, -0.0204512, -0.00799205, 0.0108215, 2
0.292147, -0.274953, 0.0149771, 0.0425023, -0.00648583, -0.0288876, 2
0.25189, -0.310333, 0.136518, 0.021642, -0.0058477, -0.0226147, 2
-0.0469695, -0.202902, 0.207907, 0.0572072, 0.0496535, 0.0130824, 2
-0.306407, -0.364951, 0.0680129, 0.0161038, -0.0986655, -0.0344631, 2
-0.148051, 0.213735, 0.215269, -0.0238746, 0.0153189, -0.0124986, 2
-0.431594, 0.216545, 0.0878872, 0.150352, 0.147837, -0.224169, 2
-0.206373, 0.207827, 0.00900713, -0.0202116, 0.000246122, -0.0110107, 2
0.279436, 0.619195, 0.0289197, -0.00090785, -0.00675275, 0.00137577, 2
-0.159946, -0.521739, 0.138039, 0.0054398, 1.38532e-05, -0.0316481, 2
0.448395, -0.519872, 0.193144, -0.112697, -0.0361177, 0.00301628, 2
0.352541, 0.402238, 0.281897, -0.00942503, -0.000219186, 0.0113354, 2
0.412449, 0.0241644, 0.0468229, -0.0456963, 0.00673944, -0.0553087, 2
-0.301407, 0.607158, 0.153588, -0.00871069, 0.0389199, -0.0103054, 2
0.53022, -0.329212, 0.219841, -0.0422904, -0.0123056, -0.0284109, 2
-0.457656, 0.1527, 0.115784, -0.453424, -0.516669, -0.560897, 2
0.403419, 0.351069, 0.0124298, -0.00121831, -1.16786e-05, 0.00603597, 2
-0.504959, -0.485267, 0.221877, -0.00414984, 0.00624191, -0.00545415, 2
-0.468931, 0.424132, 0.219185, 0.00156461, -0.00242132, 0.00229388, 2
-0.353252, -0.365777, 0.246242, -0.135244, -0.0219851, 0.0999665, 2
0.198905, -0.547345, 0.273764, -0.00497054, -0.0032314, 0.0155004, 2
-0.288445, 0.435159, 0.216833, 0.00722562, -0.000947702, 0.028808, 2
-0.420784, 0.217645, 0.0653833, 0.0432839, 0.0313524, -0.100883, 2
-0.233493, 0.546201, 0.059682, 0.121278, -0.159807, -0.0567454, 2
0.380861, 0.446457, 0.13487, 0.00118034, -0.00162994, -0.00189789, 2
0.00029977, 0.618765, 0.0155539, -0.000873288, -0.00654812, 0.00416501, 2
0.463437, 0.392221, 0.260812, -0.00613762, 0.0234052, -0.0163914, 2
0.513156, 0.517225, 0.296986, 0.0129668, 0.0126536, -0.0302129, 2
0.140739, -0.58167, 0.245528, 0.00867314, -0.0254174, 0.0185703, 2
-0.242446, -0.304958, 0.311575, -0.00438348, -0.00198927, -0.00176524, 2
-0.517407, 0.52391, 0.0172477, 0.0503484, -0.00376678, -0.0534483, 2
0.577651, -0.394498, 0.283528, 0.00733876, -0.0289114, 0.0161985, 2
0.185056, -0.185319, 0.180449, -0.0183957, 0.00226872, 0.0160081, 2
0.44659, 0.211152, 0.159508, 0.0192126, -0.0193989, -0.0298969, 2
-0.574609, -0.0379508, 0.113632, -0.0120237, 0.016927, 0.0103224, 2
-0.0351298, 0.592312, 0.110832, 0.00040124, 0.0155794, -0.014759, 2
0.0270858, 0.425786, 0.0513965, 0.0721589, 0.014526, 0.0988542, 2
-0.189593, 0.308979, 0.0232118, -0.0242052, -0.0545487, -0.0131802, 2
-0.261575, -0.180246, 0.0352852, 0.102916, 0.00386972, -0.114436, 2
-0.539389, 0.207272, 0.116536, -0.111571, -0.038088, -0.00753835, 2
-0.553017, 0.319828, 0.0900232, -0.059652, 0.00671117, -0.0378947, 2
-0.484026, 0.267516, 0.14889, 0.154387, -0.185567, 0.321793, 2
-0.60984, -0.177391, 0.260051, -0.00282205, -0.00647138, 0.00282749, 2
0.111955, -0.360765, 0.155348, -0.0552668, -0.0255742, -0.0297051, 2
-0.509939, -0.305411, 0.303351, -0.00143993, 0.0192835, 0.000669002, 2
-0.0554117, 0.289423, 0.293938, 0.148322, -0.0575362, 0.0763016, 2
0.387917, -0.313455, 0.242894, -0.00410397, -0.015079, -0.0234173, 2
0.593503, 0.126916, 0.162648, 0.0103838, -0.0150906, -0.0493248, 2
-0.573577, 0.495304, 0.275077, -0.00031834, -0.000310338, -0.000678712, 2
-0.432436, 0.585878, 0.169404, 0.00534899, 0.00165516, 0.00408004, 2
0.03371, -0.597102, 0.0918704, -0.00149425, 0.000786959, -0.00100078, 2
0.393803, -0.451165, 0.00125852, 0.0001926, -0.000441068, 0.0109526, 2
-0.270566, -0.431042, 0.114402, 0.0185793, -0.137086, -0.119783, 2
-0.49029, 0.310877, 0.181701, -0.0456499, 0.0356984, 0.18177, 2
0.131101, 0.430902, 0.262839, 0.00563717, -0.00813135, 0.0236299, 2
0.0845779, -0.254474, 0.177704, -0.0312915, -0.0132114, 0.0931148, 2
0.000403859, -0.49652, 0.256832, 0.017191, -0.0123761, -0.0188208, 2
-0.287948, -0.53298, 0.13107, 0.000475496, 0.00852988, 0.0147879, 2
0.362643, -0.476594, 0.0974049, 0.00196485, -0.00517637, -0.00118042, 2
0.203025, -0.279066, 0.0863835, 0.0331752, 0.00695849, 0.0081244, 2
-0.379286, 0.384607, 0.0945988, 0.00550276, 0.0275976, 0.0209073, 2
-0.0118042, 0.148447, 0.139298, 0.00975246, 0.00733043, 0.0068123, 2
-0.0067701, 0.507844, 0.189029, -0.00500067, 0.0191575, -0.0237248, 2
0.450836, -0.61241, 0.109257, 0.00971908, -0.016631, 0.0142825, 2
-0.0822858, 0.148655, 0.0594917, -0.0243262, -0.015363, -0.0036833, 2
-0.290855, -0.396731, 0.153364, 0.0930871, -0.246643, -0.294462, 2
0.419962, 0.233636, 0.186725, -0.0458083, 0.026128, -0.017686, 2
0.187362, 0.575652, 0.210971, -0.0319077, 0.145426, -0.0123565, 2
-0.548286, 0.308332, 0.249313, 0.016597, 0.0536976, -0.0259682, 2
-0.158667, -0.118607, 0.0220559, 0.0206966, -0.00875736, -0.0456228, 2
0.186867, 0.13207, 0.275699, -0.00859282, -0.00482022, 0.00177274, 2
0.565263, -0.509697, 0.155319, 0.00654313, 0.00072036, 0.00464443, 2
-0.137471, 0.113496, 0.12479, 0.0506654, -0.0479492, -0.0462199, 2
0.618644, -0.065631, 0.129178, 0.030333, 0.00273354, -0.0227598, 2
-0.204254, 0.482047, 0.00885085, 0.000162068, -0.00465345, 0.0061709, 2
0.0337123, -0.438772, 0.067159, -4.02002e-05, -0.00531231, -0.00259382, 2
-0.612758, 0.611154, 0.283059, -0.00426507, -0.00184283, 0.00300629, 2
0.134142, 0.168552, 0.269481, 0.034345, -0.00604502, -0.0126356, 2
-0.281901, 0.250229, 0.189073, -0.229559, 0.436535, 0.382387, 2
-0.544575, -0.538401, 0.00193049, -0.00770321, -0.00693858, 0.00414421, 2
-0.456351, 0.27843, 0.192439, 0.070997, -0.0238691, 0.00152262, 2
-0.613483, 0.213729, 0.222506, -0.0329578, 0.00475609, 0.0101726, 2
0.00779435, -0.553705, 0.0933887, 0.000183196, -0.000678095, -0.00105936, 2
0.506953, -0.565024, 0.234472, -0.00719158, -0.0425038, -0.0272052, 2
-0.236262, -0.139315, 0.197493, 0.0104094, -0.00988175, 0.00526137, 2
-0.200859, 0.524361, 0.245291, -0.0184725, -0.0899639, -0.0684753, 2
0.0677774, 0.541566, 0.240588, -0.0494872, 0.112267, 0.0217447, 2
-0.0599138, 0.0457447, 0.125235, -0.0375599, -0.00194295, -0.0625746, 2
-0.241916, 0.393807, 0.0303019, 0.00308932, 0.00109591, -0.00326483, 2
0.514376, 0.479195, 0.0531925, 0.027953, 0.0206817, 0.00669017, 2
0.522098, -0.607119, 0.280291, 0.000285192, -0.0114184, 0.000214411, 2
0.0319274, -0.590639, 0.176232, 0.000747611, -0.00583471, -0.00771773, 2
-0.337977, 0.0471184, 0.195297, 0.0292759, 0.0554508, -0.0255842, 2
0.0355774, -0.0758923, 0.211532, -0.329002, -0.0852726, 0.00542798, 2
-0.286462, 0.317809, 0.019212, -0.0344829, 0.102995, -0.134114, 2
0.503508, -0.513013, 0.307793, 0.0239378, 0.0126224, 0.144255, 2
0.224743, 0.184728, 0.285694, 0.000975899, 0.0027266, 2.36286e-05, 2
-0.072831, -0.505149, 0.139639, -0.00146722, -0.000796532, -0.00357588, 2
0.42811, -0.117102, 0.0805998, -0.0302404, 0.025698, -0.00470015, 2
0.549318, -0.232689, 0.0429078, -0.0143886, 0.00810634, -0.115053, 2
-0.497839, -0.340554, 0.0486188, 0.0278853, 0.0363388, 0.00401546, 2
0.623325, 0.321337, 0.0584498, -0.00903905, -5.17624e-05, -0.000317443, 2
0.0683272, 0.613323, 0.22772, -0.00439423, 0.00265941, -0.0142553, 2
-0.410412, 0.018937, 0.0512563, 0.00246358, 0.00415942, -0.0088358, 2
0.435715, 0.362438, 0.288199, -0.0464463, 0.0318332, 0.0279983, 2
0.512563, 0.235983, 0.00245546, 0.00091213, 0.00109618, 0.0090369, 2
0.483808, -0.169237, 0.206128, -0.0183802, 0.00683459, -0.00280532, 2
0.366656, 0.387895, 0.237332, -0.0220059, -0.015381, 0.00747156, 2
-0.334715, 0.186042, 0.0505656, 0.0118634, 0.00138881, -0.0374498, 2
-0.0123155, 0.105397, 0.149884, 0.0126352, 0.0128434, -0.00252824, 2
0.159315, 0.237521, 0.222237, 0.00338798, -0.00926475, 0.0205502, 2
0.353791, 0.230882, 0.14508, 0.0270443, 0.0913677, -0.0146381, 2
0.58759, -0.330754, 0.14092, 0.018039, -0.0323945, 0.0235049, 2
0.238544, -0.111202, 0.303145, 0.00308049, 0.00443238, -0.0107337, 2
0.443569, -0.305451, 0.236264, 0.0223853, -0.0137479, -0.0315075, 2
0.33644, -0.422851, 0.137769, -0.0109286, -0.00925746, -0.00912535, 2
0.346262, -0.569006, 0.25295, -0.0585767, -0.0693007, 0.00652048, 2
-0.0891516, 0.427613, 0.192433, 0.0045228, -0.00345399, -0.010973, 2
-0.399751, -0.537065, 0.0814529, 0.0104063, 0.111268, 0.0902555, 2
-0.197488, 0.0805831, 0.265293, -0.0246578, 0.0127426, -0.000191337, 2
0.402049, -0.390065, 0.167182, 0.0344107, 0.0338779, -0.0466394, 2
0.031069, 0.593689, 0.0674119, -0.0161615, 0.00334055, -0.0108998, 2
0.611389, 0.551315, 0.142214, 0.277797, -0.0172259, -0.074408, 2
-0.0848578, 0.159896, 0.271905, 0.00878678, -0.0168144, 0.0573975, 2
-0.132204, -0.0264989, 0.0380509, 0.00415386, 0.00510185, -0.00688607, 2
-0.447076, -0.320022, 0.089829, -0.0376029, 0.0768628, -0.0469139, 2
0.103998, -0.603724, 0.105068, -0.00146971, 0.00192464, 0.00758605, 2
-0.144128, -0.0629121, 0.0544807, 0.00303803, 0.00146721, 0.000741549, 2
0.625605, 0.167301, 0.0777054, 0.0233248, 0.0131137, 0.0452964, 2
-0.30851, 0.599776, 0.255342, -0.0172592, 0.00489425, -0.0036781, 2
-0.507266, 0.371862, 0.000334976, -0.00143706, 0.00249132, 0.00486882, 2
0.161463, -0.227033, 0.306248, 0.0164869, 0.00270291, 0.00869505, 2
0.431111, -0.245607, 0.286586, -0.0408931, 0.048238, -0.0430481, 2
-0.259959, 0.299499, 0.169069, 0.026615, 0.0813656, 0.0266914, 2
-0.432268, -0.462669, 0.0049536, -0.0381213, -0.0141881, -0.00658981, 2
-0.280064, -0.279782, 0.0824389, 0.0668942, -0.0608748, -0.087145, 2
0.0792521, 0.45418, 0.0889988, -0.008447, -0.0589355, 0.00885086, 2
0.499525, -0.319911, 0.230762, -0.0126848, -0.00421996, -0.0005954, 2
-0.542479, -0.324269, 0.115096, -0.0288892, -0.00672901, -0.0459171, 2
-0.231657, -0.00281621, 0.107549, -0.000640887, 0.000427575, -0.000637683, 2
-0.470216, 0.119881, 0.0430237, -0.00769974, -0.00413858, -0.0171338, 2
-0.468876, -0.348619, 0.143756, 0.0188719, -0.128427, 0.0706845, 2
-0.50381, -0.547471, 0.239846, -0.0162268, -0.0145566, 0.00335418, 2
-0.617393, -0.177467, 0.157229, 0.00632949, -4.46094e-05, -0.000497375, 2
0.058884, 0.0202292, 0.199053, 0.00635898, 0.00245752, -0.00304368, 2
0.0786984, 0.370129, 0.286599, 0.00497109, 0.00415471, -0.0256483, 2
0.408454, -0.180583, 0.242653, 0.0333207, 0.0278042, 0.0245198, 2
-0.495478, -0.311021, 0.00518415, 0.0268198, 0.0253645, -0.00972692, 2
0.427568, -0.223536, 0.0816077, -0.0173325, -0.13013, -0.107895, 2
-0.371975, 0.17477, 0.238395, 0.0188226, 0.00711469, 0.0136679, 2
0.0582216, 0.334518, 0.110874, -0.0113479, -0.0209635, -0.00136627, 2
0.230316, 0.495605, 0.18121, 0.170238, -0.0790892, -0.151962, 2
-0.454585, 0.621759, 0.201833, 4.01077e-05, -0.00832107, -0.000171108, 2
0.504797, -0.625597, 0.314957, -0.0001824, 0.00807139, 0.00147503, 2
-0.126212, 0.06325, 0.162524, 0.00865163, -0.00788323, -0.00968585, 2
-0.589927, -0.488015, 0.0975651, -0.0190358, 0.00611849, 0.00214094, 2
0.556467, 0.550402, 0.20991, -0.00721611, -0.017972, 0.0829927, 2
0.267151, -0.575039, 0.289646, 0.000568103, -0.00527749, -0.00353696, 2
0.287888, 0.482493, 0.0762711, 0.0452793, 0.0724013, 0.0450135, 2
0.614319, -0.519445, 0.277454, -0.0011402, 0.00290564, 0.00318081, 2
0.30797, 0.16874, 0.203593, 0.0320641, 0.000451424, 0.272568, 2
-0.508461, -0.230907, 0.170004, -0.0252386, 0.0811618, -0.0499472, 2
0.21638, -0.0555288, 0.167952, 0.00105801, 0.00369644, -0.00462077, 2
-0.236215, -0.180695, 0.169044, 0.0143053, -0.000359608, 0.0131286, 2
-0.236313, 0.323057, 0.0273656, 0.053797, 0.0134267, -0.0167545, 2
0.413782, 0.363093, 0.0628527, -0.000286634, 0.000274728, 0.000283869, 2
-0.455884, 0.289597, 0.0429624, 0.00984168, -0.0855816, -0.0350646, 2
0.383757, -0.0732146, 0.0566935, 0.00603084, -0.0016497, 0.00207145, 2
0.282414, -0.41529, 0.0198259, -0.00387861, -0.0105331, -0.0149244, 2
0.587498, -0.430935, 0.0474554, 0.0334435, -0.0174558, -0.00255755, 2
0.437389, 0.506999, 0.247131, -0.0181769, -0.0205255, -0.0292969, 2
-0.00816554, 0.628501, 0.0319136, -0.00104297, -0.0109982, 0.000141102, 2
-0.588078, 0.214918, 0.175522, -0.0113118, 0.0158052, -0.0393971, 2
0.0837317, 0.608666, 0.287839, -0.0339486, 0.0435752, -0.085497, 2
-0.50002, -0.25761, 0.211113, -0.00943732, 0.209548, 0.141062, 2
-0.390557, -0.473791, 0.144395, -0.000306434, -0.0120715, -0.00720574, 2
-0.139147, -0.299712, 0.0593036, -0.00139603, -0.0169884, 0.00608755, 2
0.0327029, -0.545919, 0.198491, 0.0096964, 0.00569633, 0.00939794, 2
0.259477, 0.366458, 0.252159, -0.00676401, 0.0218159, 0.00543811, 2
0.33878, 0.323993, 0.301916, 0.0126659, 0.000641074, -0.000280484, 2
0.528602, 0.131418, 0.271175, 0.00532256, -0.00182044, 0.000962473, 2
0.2572, -0.506711, 0.27081, 0.00212036, -0.0505144, -0.0555427, 2
0.384854, -0.464825, 0.167048, 0.000139281, -0.0268746, -0.0136209, 2
-0.172984, 0.24887, 0.161724, -0.00563658, 0.0128449, 0.0197972, 2
-0.281553, 0.378814, 0.254812, 0.00102727, 0.00224488, 0.000445434, 2
0.562898, 0.61822, 0.293855, -0.00174857, -0.00650619, 0.00255981, 2
-0.119449, -0.15089, 0.0614366, -0.0391659, 0.00173566, -0.0741086, 2
0.117766, 0.511776, 0.0824478, 0.0823991, -0.0781491, -0.0479804, 2
-0.348198, 0.14129, 0.0165716, 0.0150073, -0.0133091, -0.0112069, 2
-0.599488, -0.149894, 0.255061, -0.0165729, 0.000904723, 0.00168006, 2
0.608177, -0.251255, 0.130424, 0.327084, -0.0847798, 0.0223212, 2
0.432951, -0.624018, 0.161238, 0.00614395, 0.00114093, 0.00189572, 2
0.256263, 0.390799, 0.202522, -0.00698319, 0.0205944, -0.0011015, 2
-0.33547, -0.412148, 0.107249, 0.0144927, -0.0709683, -0.0681674, 2
0.311426, -0.0637372, 0.0444614, -0.00517091, -0.0053733, -0.0108377, 2
0.0707482, -0.130803, 0.0415256, 0.00745818, -0.00594827, -0.0920863, 2
-0.0137567, 0.379711, 0.161294, -0.00121592, 0.00199753, -0.000260755, 2
0.23199, -0.132487, 0.131747, 0.013939, -0.00417633, 0.0785659, 2
0.561781, 0.149279, 0.00957859, -0.0112306, 0.00494012, -0.00658016, 2
0.628067, 0.179754, 0.129596, -0.00813999, 0.00232331, 0.00179645, 2
0.388383, 0.157968, 0.224273, -0.000403715, 0.0709429, 0.04627, 2
-0.349846, -0.0390446, 0.225759, -0.0110548, -0.00965743, -0.0092967, 2
0.295105, -0.412745, 0.165968, -0.00953213, 0.00263111, -0.00764248, 2
-0.154734, -0.118252, 0.220422, -0.00119032, -0.0043837, -0.00394639, 2
0.274262, -0.43679, 0.0469972, -0.0216554, 0.0173869, -0.012919, 2
0.452108, 0.263922, 0.171787, 0.00303542, 0.00146097, 0.0338746, 2
0.61821, -0.379798, 0.109224, -0.0034315, -0.00114054, 0.00255816, 2
0.0034586, 0.482155, 0.233593, -0.142322, 0.00675413, -0.111429, 2
0.530447, 0.413973, 0.113422, -0.0423665, -0.0154699, -0.00877477, 2
0.568761, 0.412077, 0.000869906, 6.54733e-05, -0.000397799, 0.0107075, 2
-0.172781, 0.170497, 0.197853, 0.0125166, 0.0372547, 0.0067632, 2
-0.535616, 0.450614, 0.0306006, -0.00410062, 0.01683, -0.0668236, 2
0.367422, 0.115755, 0.0849053, 0.007574, -0.0198312, -0.0279524, 2
-0.228631, 0.590985, 0.212833, -0.00157842, 0.0209072, -0.0130709, 2
-0.606869, 0.235283, 0.261127, -0.053685, -0.0510813, -0.0269183, 2
-0.41888, 0.0574276, 0.169616, 0.0039161, -0.0303312, -0.00573733, 2
0.268269, 0.045674, 0.232158, -0.0274906, -0.0452467, -0.0659732, 2
-0.554761, -0.580831, 0.195206, -0.00231906, -0.00133426, -0.00011457, 2
0.379613, 0.57958, 0.141208, 0.00994877, 0.00799786, -0.00233114, 2
-0.426625, 0.518377, 0.0867362, 0.00859968, 0.00615477, 0.00713946, 2
-0.423145, -0.284368, 0.286851, -0.00214766, 0.000752657, -0.0234007, 2
0.368265, -0.19002, 0.242014, -0.0195244, -0.0268273, 0.0502779, 2
0.490668, -0.452561, 0.113462, -0.0385152, 0.035465, 0.00613236, 2
-0.429638, -0.0512289, 0.103717, -0.00836536, -0.0220692, -0.00794627, 2
0.421695, -0.0281343, 0.00504729, 0.00382233, -0.000359898, 0.00609841, 2
0.206275, 0.182949, 0.176895, -0.0248134, 0.00801366, 0.0155332, 2
-0.375186, -0.178746, 0.0308227, -0.05488, -0.0106922, -0.0204715, 2
0.553444, -0.103543, 0.0431059, 0.00328085, -0.0019458, -0.00480615, 2
0.0743398, -0.353894, 0.0305099, 0.00029371, -0.0015094, -0.00164377, 2
-0.620756, -0.150556, 0.00261335, 0.00790561, 0, 0.010844, 2
-0.273811, 0.0562623, 0.0890123, -8.63711e-05, -7.26216e-05, -0.00106201, 2
-0.386332, -0.205436, 0.198998, -0.0181896, -0.011927, -0.000339119, 2
0.581723, -0.344732, 0.243349, 0.018443, -0.0570548, -0.00194423, 2
-0.224356, -0.144406, 0.0730507, 0.0499519, -0.00111545, 0.00242723, 2
0.190513, -0.352674, 0.223508, -0.00811298, 0.114234, 0.0937571, 2
0.210702, 0.483565, 0.111754, 0.0215325, 0.0433015, -0.0303657, 2
-0.341644, -0.521585, 0.224559, -0.0173594, 0.177006, -0.279991, 2
-0.218353, -0.598104, 0.0411821, 0.026232, 0.00659136, -0.00782688, 2
-0.0459301, 0.106199, 0.110199, 0.0078987, 0.0260021, 0.00425471, 2
0.0761094, 0.115407, 0.230051, 0.054477, 0.0178387, -0.0238111, 2
0.0865628, 0.47156, 0.0866261, -0.0235406, -0.10088, -0.001176, 2
0.442612, -0.544736, 0.192758, -0.0506411, -0.0936766, -0.00870436, 2
-0.0213217, -0.592976, 0.264066, -0.00534339, -0.00810596, -0.0216251, 2
-0.307853, -0.187368, 0.0704736, -0.0179771, -0.12268, -0.166182, 2
-0.0156503, -0.626819, 0.139796, -0.00110359, 0.0100295, -0.001116, 2
-0.381545, 0.213847, 0.103196, 0.0434797, 0.0235604, 0.00147538, 2
0.0654726, 0.502166, 0.130291, 0.0581688, -0.0126887, 0.0565079, 2
-0.296219, -0.346151, 0.138256, 0.0252336, 0.200524, -0.311606, 2
-0.13149, 0.237883, 0.00731451, 0.0185157, 0.0156682, -0.0211578, 2
0.309307, -0.315971, 0.193657, -0.0257017, -0.124843, -0.0834713, 2
-0.030414, 0.400555, 0.154056, -0.000226252, -0.00032665, -0.000374562, 2
0.31609, 0.213204, 0.175363, -0.0460958, 0.22145, 0.135962, 2
-0.172805, -0.438081, 0.18461, -0.449781, -0.30835, 0.331518, 2
-0.376468, -0.115971, 0.295259, 0.00332282, -0.00171096, 0.00902487, 2
-0.0945731, 0.498342, 0.296045, -0.0186494, 0.011479, -0.0438112, 2
0.464611, -0.513167, 0.192016, -0.0371915, -0.00693667, 0.0625309, 2
-0.382531, 0.18227, 0.160067, 0.131756, 0.0765194, 0.0692271, 2
0.138632, 0.516014, 0.23102, -0.125973, 0.000736673, 0.095937, 2
-0.568272, -0.24544, 0.133, -0.00586698, 0.00395445, -0.00428419, 2
-0.539014, -0.566096, 0.211498, -0.00887826, -0.00323129, -0.00226104, 2
0.235614, 0.0334537, 0.154146, -0.00605838, 0.00726569, -0.0043339, 2
-0.408088, -0.280419, 0.0499556, -0.0319802, 0.0449976, -0.0393132, 2
0.293364, 0.176739, 0.0979261, 0.293096, 0.259951, -0.26794, 2
-0.228123, 0.430235, 0.226424, 0.00384439, 0.00352513, 0.00725019, 2
-0.307015, -0.294301, 0.193519, -0.116255, 0.185137, -0.0609696, 2
-0.382763, -0.459654, 0.222718, -0.0514838, 0.037391, -0.0726289, 2
0.385301, -0.212222, 0.110795, 0.0248091, 0.00246121, 0.0593246, 2
-0.23436, 0.556374, 0.0823072, 0.128498, -0.0245356, 0.217383, 2
-0.570208, 0.618065, 0.178438, -0.000991233, -0.00604272, 0.000865869, 2
-0.0382098, -0.550912, 0.194405, -0.0155181, -0.0202244, -0.00173073, 2
-0.452146, 0.314665, 0.0452776, 0.0351851, -0.0140855, -0.0290344, 2
0.164436, 0.536541, 0.132664, -0.0267693, 0.0266876, -0.0440541, 2
0.364258, 0.199941, 0.0193576, 0.00568635, -0.00546449, -0.00491557, 2
-0.503964, 0.601782, 0.284407, -0.00388357, 0.0169444, -0.0290828, 2
0.401732, -0.335197, 0.0533411, -0.031672, -0.0854243, 0.0798578, 2
-0.0841195, -0.0879957, 0.0959185, 0.0272653, 0.040445, -0.00402513, 2
-0.453174, -0.332659, 0.200354, 0.0531493, -0.020657, 0.0207618, 2
-0.00999636, 0.0629448, 0.181957, -0.0240983, 0.0958646, -0.213995, 2
0.319232, 0.1227, 0.178982, 0.0352513, -0.239366, 0.224574, 2
-0.226942, -0.545473, 0.198745, 0.0029684, -0.0649732, -0.0130783, 2
0.550678, -0.367656, 0.11992, 0.0127161, -0.00735319, 0.0384837, 2
-0.528139, 0.426744, 0.0965645, 0.041294, -0.0328681, -0.025043, 2
0.00251564, 0.161038, 0.304041, -0.0554278, 0.100467, 0.0379734, 2
0.0799461, 0.287037, 0.296995, 0.0168141, 0.0171704, -0.0672158, 2
-0.0423516, 0.0588063, 0.0557053, 0.0355176, -0.067965, 0.127476, 2
0.171013, 0.60465, 0.191197, -0.0134661, 0.0280662, -0.0163772, 2
0.554687, -0.478488, 0.265523, 0.0542865, 0.0359445, 0.00629056, 2
0.0961755, 0.141479, 0.123769, 0.00692822, -0.0311992, 0.0445482, 2
-0.435925, -0.169252, 0.311935, -8.34126e-05, -0.00545222, -0.00287234, 2
0.280003, 0.233769, 0.0180756, -0.00527672, 0.0130965, -0.0151296, 2
-0.184945, 0.154484, 0.0836525, -0.0159418, -0.041655, -0.0817952, 2
0.294735, 0.256309, 0.0328475, -0.0104001, 0.0161794, -0.0185367, 2
-0.578934, -0.371139, 0.230598, -0.126584, 0.00776077, -0.0994136, 2
-0.622698, 0.33877, 0.144866, 0.0085934, -0.000414912, -8.31731e-05, 2
0.565284, -0.333545, 0.00207717, -0.000788173, 0.0448229, -0.0529062, 2
-0.471822, 0.467432, 0.310731, -0.00109231, -0.000347186, -0.00215825, 2
0.292967, 0.392155, 0.0336178, 0.00156483, -0.00570973, -0.00326877, 2
0.0951339, -0.141633, 0.226478, 0.148854, 0.00642662, 0.0378539, 2
0.590209, 0.0524051, 0.0266747, 0.000117682, -0.0019405, 0.00116955, 2
0.578021, -0.297556, 0.242608, -0.056312, 0.0735589, 0.0528267, 2
-0.609603, 0.147463, 0.123738, -0.0678274, 0.0146633, 0.00024703, 2
-0.274994, -0.187765, 0.0303243, 0.0844452, -0.0300458, -0.156504, 2
-0.143603, -0.136736, 0.0950303, -0.0573124, -0.0115634, 0.0151116, 2
-0.481139, -0.12947, 0.022232, -0.00129226, -0.00269755, -0.00048408, 2
0.0983273, -0.19415, 0.0963367, 0.0199083, 0.0552479, -0.0248182, 2
0.106636, -0.0360085, 0.0557037, 0.00281536, 0.00349678, -0.00377856, 2
0.0896314, -0.373005, 0.311233, -0.011713, -0.0244825, 0.0244705, 2
0.224103, 0.352092, 0.118334, -3.88537e-05, -0.000647564, -0.00159601, 2
-0.12991, 0.312338, 0.288926, -0.0169706, 0.0534048, 0.040223, 2
-0.0232115, 0.260395, 0.0570465, 0.0034193, 0.000701729, -0.0189542, 2
-0.312707, 0.280755, 0.251403, -0.0168183, -0.00401334, -0.00711074, 2
0.182245, -0.624202, 0.0469708, 4.15707e-05, 0.00949895, -0.000276895, 2
0.303543, -0.137842, 0.170278, -0.0545111, -0.0149204, -0.00258407, 2
-0.576263, 0.0109833, 0.295401, -0.000698722, -0.000776769, 0.000963486, 2
-0.487335, -0.520653, 0.0893728, -0.00697399, 0.0498394, -0.0407454, 2
-0.101988, 0.215947, 0.237862, -0.0432411, 0.036912, -0.0205338, 2
0.120827, -0.324385, 0.302101, 0.0475506, 0.0124118, -0.0103212, 2
0.105833, 0.529681, 0.232633, -0.0169288, 0.0823262, 0.0227815, 2
0.57917, -0.230193, 0.153227, 0.0102217, 0.0540524, 0.0976861, 2
0.474948, 0.376559, 0.0608349, -0.000353184, -0.000312999, 0.00117341, 2
-0.556792, -0.566111, 0.288515, -0.000901003, -0.000351018, 0.000303975, 2
0.44882, 0.246098, 0.289955, -0.0130611, -0.0220255, 0.0342307, 2
-0.623224, -0.0803233, 0.0980038, -0.00812465, -0.00551217, -0.00272802, 2
0.0578874, -0.0266228, 0.258241, 0.0164748, 0.104039, 0.275501, 2
-0.020435, 0.116006, 0.285568, -0.143254, -0.00526761, -0.0506068, 2
0.337056, -0.615945, 0.182064, -0.00524808, -0.0118625, 0.00469474, 2
0.0285754, 0.134845, 0.258458, 0.0840072, 0.194616, -0.226359, 2
-0.0229471, -0.389285, 0.233388, 0.00390109, 0.00304308, 0.00130118, 2
-0.352341, -0.440079, 0.0183485, 0.0919319, -0.0445793, -0.00873031, 2
0.260567, -0.595094, 0.269979, 0.00068723, -0.000502592, 4.97206e-05, 2
0.503906, -0.521922, 0.285942, -0.0364945, -0.0725723, 0.0551376, 2
0.398038, 0.556861, 0.189976, 0.0146961, -0.00947694, 0.017005, 2
0.297931, 0.563601, 0.0124039, -0.0219908, -9.55709e-05, -0.00266711, 2
-0.56998, -0.00847548, 0.163239, -0.0350739, 0.00703041, -0.0112542, 2
0.462982, 0.601053, 0.0347497, 0.00482675, 0.00385199, 0.00558781, 2
0.345328, 0.308146, 0.0382542, 3.13543e-05, 0.00159967, -0.00260786, 2
-0.186344, -0.293242, 0.229456, 0.00938223, 0.020804, 0.00057241, 2
-0.412437, 0.313774, 0.289626, 0.00709861, 0.00769916, 0.000710526, 2
0.521114, 0.591397, 0.0221154, 0.00499524, -0.000141792, 0.00242489, 2
0.594508, 0.222, 0.0308329, -0.00325698, 0.0118852, -0.00653531, 2
0.414498, 0.0959425, 0.0578431, -0.0442514, 0.0214262, -0.0364431, 2
0.298339, -0.135983, 0.0395675, 0.0784941, 0.016022, -0.034025, 2
-0.201685, -0.468015, 0.0229768, 0.00632088, -0.00440813, -0.00174185, 2
-0.152069, -0.408032, 0.178349, 0.117224, 0.415127, -0.0506524, 2
0.500887, -0.575014, 0.171121, 0.00665193, -0.0187703, -0.00681657, 2
-0.620041, 0.400277, 0.0906667, -0.0214202, -0.0146048, 0.00277959, 2
-0.467024, -0.41603, 0.174847, 0.0019561, -0.0122609, -0.00598824, 2
0.450801, -0.198503, 0.0957996, -0.0694479, -0.0915032, 0.0138414, 2
0.349378, -0.307353, 0.0861579, 0.0182558, -0.019874, 0.0265768, 2
0.43784, -0.342808, 0.299149, 0.00961665, 0.0312559, 0.043824, 2
0.561171, -0.558273, 0.165643, -0.00125673, -0.0022363, -0.00266749, 2
-0.467383, 0.370029, 0.289139, 0.0119766, 0.00164528, 0.00525361, 2
-0.309113, -0.461619, 0.0146438, -0.00506802, 0.0143548, -0.00453009, 2
-0.217206, 0.0162747, 0.0701266, -0.00242784, 0.00832746, 0.0140755, 2
0.496189, -0.112802, 0.083864, 0.039718, 0.0462563, -0.00693633, 2
-0.0792532, -0.102879, 0.0264424, 0.00264401, 0.0056549, -0.0109199, 2
0.283414, 0.0600598, 0.0799257, 0.000825977, -0.0220884, 0.00386378, 2
-0.277125, -0.119102, 0.187791, 0.0507978, -0.025516, 0.0315914, 2
0.106073, -0.399688, 0.268443, 0.0041112, -0.0587266, -0.0119997, 2
0.450705, -0.591812, 0.0252507, -0.0332434, -0.0342283, -0.0292414, 2
0.387373, 0.599323, 0.0431732, 0.0602176, 0.0668658, 0.0031422, 2
-0.20998, -0.498024, 0.293171, 0.00160489, 0.0033304, 0.00142353, 2
-0.313353, -0.177173, 0.0202757, 0.0039113, -0.0231067, -0.192673, 2
-0.254778, 0.235584, 0.181835, 0.503436, 0.444162, 0.623515, 2
0.025729, 0.10181, 0.311126, 0.014861, -0.153513, 0.154012, 2
0.361185, -0.607407, 0.127915, -0.0017743, -0.0317372, -0.0141532, 2
0.466954, 0.30597, 0.300421, 0.062777, -0.0212938, -0.0413465, 2
-0.47327, -0.601118, 0.113154, -0.000110397, -0.0298344, -0.0209719, 2
0.277893, 0.134918, 0.170723, -0.222538, -0.40738, 0.311463, 2
0.0917403, -0.0443403, 0.180261, 0.0469747, 0.0711001, -0.141943, 2
0.192743, -0.286931, 0.172601, 0.00490383, -0.00776389, 0.117635, 2
0.365436, 0.133052, 0.205586, -0.0691286, 0.0569856, 0.0698419, 2
0.278194, 0.449663, 0.0038018, 0.00329173, -0.00376247, -0.0121725, 2
0.359297, -0.435078, 0.220189, -0.121713, -0.0547173, -0.0189839, 2
-0.173289, 0.220614, 0.0881503, -0.0563261, 0.0649304, 0.00467331, 2
-0.188713, -0.0481645, 0.0937895, -0.00131207, 0.000547272, 0.0112327, 2
0.322947, -0.211174, 0.0127913, 0.0133191, 0.00206826, -0.072517, 2
0.264703, -0.0544798, 0.0200025, -0.00671373, 0.0100413, -0.00459164, 2
-0.542607, -0.40655, 0.211223, -0.04287, -0.0906261, -0.084201, 2
0.140286, 0.315154, 0.042647, -0.00163682, -0.00519436, -0.00723375, 2
-0.398596, -0.122067, 0.128405, -0.0093191, 0.0118198, 0.00566803, 2
0.291808, -0.386594, 0.0041773, 0.0120636, 0.0073532, -0.00981481, 2
-0.145776, 0.521564, 0.274084, 0.0379344, -0.0361613, -0.0200636, 2
-0.130568, 0.250897, 0.00782335, 0.0121816, 0.0156476, -0.00672709, 2
-0.50974, -0.552355, 0.220468, -0.0189596, -0.00587988, -0.00496696, 2
-0.157139, -0.111104, 0.0509357, 0.0174166, 0.0141367, 0.00286503, 2
0.218019, -0.418121, 0.155633, 0.0267615, -0.0208581, -0.0654485, 2
0.269184, 0.476546, 0.299504, -0.0037664, -0.0152815, 0.0095546, 2
0.349194, 0.563903, 0.0403757, -0.0561072, -0.0548509, 0.0411673, 2
-0.0658406, 0.0742255, 0.276655, -0.0704065, 0.015405, 0.0011796, 2
0.104748, 0.305592, 0.0886475, -0.00820668, -0.0176384, -0.00590612, 2
0.618368, -0.0325635, 0.14949, 0.0186932, 0.0231584, -0.00572453, 2
-0.62485, 0.451624, 0.12239, -0.0182765, -0.000322577, 0.0133815, 2
0.471486, -0.308907, 0.0276233, 0.0230568, -0.00282711, -0.0153879, 2
0.502779, -0.188684, 0.0470255, 0.169197, -0.0259138, -0.0803644, 2
0.124723, 0.28414, 0.17674, -0.0618094, 0.0244377, -0.0101145, 2
0.328466, -0.127804, 0.229701, -0.0323224, 0.0354313, 0.0731374, 2
-0.308928, -0.488583, 0.191347, 0.00100279, 0.0212538, -0.0395371, 2
-0.370839, 0.490575, 0.174832, 0.0100688, 0.00606737, -0.00158364, 2
-0.209336, -0.205229, 0.035897, 0.0152179, 0.00035658, -0.00968604, 2
-0.362643, 0.529481, 0.269786, -0.0146358, -0.00397056, -0.00162994, 2
-0.00805274, 0.517886, 0.104154, -0.182938, 0.144976, 0.0840296, 2
0.589906, 0.523, 0.0595695, 0.00407389, -0.00349544, -0.00525175, 2
-0.180461, 0.364522, 0.139834, 0.0443885, -0.0024325, 0.01886, 2
-0.0699681, 0.237338, 0.250153, 0.0647832, -0.0428919, -0.0470142, 2
0.118134, -0.267903, 0.163698, 0.0165442, -0.0400706, 0.0761851, 2
-0.434832, -0.569401, 0.289237, 0.00135887, -0.000540448, 0.00160448, 2
0.483972, -0.248366, 0.00960081, -0.0161342, -0.0203511, -0.0391775, 2
-0.0105677, 0.0107589, 0.289735, 0.0293558, -0.0444508, 0.163448, 2
-0.571168, 0.431386, 0.0809371, -0.0309002, -0.022831, -0.0458739, 2
-0.42758, -0.56122, 0.0558166, -0.151709, -0.0296493, 0.0795977, 2
-0.608363, 0.0606908, 0.0277973, -0.04052, -0.0722981, 0.00784852, 2
-0.191746, 0.0206338, 0.00105637, 0.0461976, 0.0437988, -0.0187417, 2
0.0465321, 0.470136, 0.249678, 0.107515, -0.168445, -0.209202, 2
0.605866, -0.229795, 0.151521, 0.239263, 0.0523387, 0.0053961, 2
0.346553, 0.518302, 0.242036, 0.00820947, 0.000960117, -0.0193159, 2
-0.258584, -0.546493, 0.257177, 0.103662, -0.0478704, 0.0230142, 2
-0.361561, 0.567443, 0.0375948, -0.0289493, 0.00437504, -0.0385964, 2
-0.323157, -0.0730884, 0.197775, -0.0122924, 0.0424214, -0.0170723, 2
-0.424143, -0.0142934, 0.148131, -0.0170079, -0.00416628, 0.0453104, 2
-0.100395, 0.18809, 0.165317, -0.00135123, 0.016303, 0.00896874, 2
0.122872, 0.20969, 0.0229989, -0.0815167, 0.0715409, -0.0466459, 2
0.234061, -0.612019, 0.185648, -0.00795357, -0.00512335, -0.000451257, 2
0.238286, 0.0644761, 0.145691, -0.00146189, -0.00156556, -0.000857039, 2
-0.0229296, 0.040379, 0.245733, -0.231153, 0.0616528, 0.203385, 2
0.583155, -0.243032, 0.217818, -0.0904026, -0.00153727, 0.0937174, 2
0.291374, 0.128348, 0.238685, -0.00620652, 0.021088, 0.0214847, 2
0.0601555, 0.396751, 0.223055, -0.0259143, -0.0320028, 0.0154032, 2
0.210535, -0.55637, 0.0472923, 0.000635866, -0.00272304, 0.000469296, 2
-0.25829, -0.350549, 0.20121, 0.321095, 0.0874043, 0.144074, 2
0.334234, 0.17902, 0.0907414, 0.332836, 0.0829648, -0.254157, 2
-0.264424, -0.328072, 0.300655, 0.00774396, 0.00490872, 0.0143825, 2
-0.172429, 0.535952, 0.305141, -0.0101938, -0.0397686, 0.0249136, 2
0.570164, 0.144275, 0.163769, -0.0276195, 0.000761858, -0.038956, 2
-0.106997, -0.508618, 0.0163729, 0.00368974, -0.0081685, -0.00718555, 2
-0.383991, -0.555426, 0.113106, 0.0135503, 0.0649554, 0.00967004, 2
0.487281, 0.365912, 0.302684, 0.0128215, -0.0075625, -0.0110364, 2
0.182096, -0.203896, 0.244381, 0.010735, 0.0603388, -0.011951, 2
-0.185609, -0.623325, 0.262779, -0.00265571, 0.00500915, -0.000137246, 2
0.00355992, -0.251652, 0.017651, -0.00154241, -0.00506415, -0.00155418, 2
-0.451528, -0.547381, 0.219897, -0.0570965, 0.076805, 0.11406, 2
-0.0885618, -0.181842, 0.29537, 0.00234755, 0.00265249, 0.0041731, 2
-0.145869, 0.275693, 0.271867, 0.0155455, 0.0104352, 0.0547531, 2
-0.185233, 0.215894, 0.150445, 0.0197581, 0.00280386, 0.0320504, 2
0.469843, -0.521067, 0.180781, -0.0142385, -0.105497, 0.00085352, 2
0.535335, -0.275094, 0.199416, -0.0218923, -0.0650535, 0.0697872, 2
-0.272169, -0.417776, 0.133403, 0.100589, -0.206028, -0.177663, 2
-0.321361, 0.394283, 0.23992, 0.0281639, 0.00592193, 0.0291333, 2
-0.603765, -0.421289, 0.241579, -0.0377398, -0.025231, -0.0282842, 2
0.447352, 0.212234, 0.0211757, -0.00541551, 0.00114206, -0.00241945, 2
0.517956, 0.39067, 0.0418213, -0.00012032, -0.00485611, -0.00300538, 2
0.137616, -0.327855, 0.153852, -0.0183756, 0.0112922, -0.009833, 2
0.059168, 0.156238, 0.0652842, -0.024162, -0.0160225, -0.026772, 2
-0.113291, 0.600969, 0.276749, 0.0127341, 0.0217346, 0.00211189, 2
0.488488, 0.440848, 0.303973, -0.0110975, 0.0178776, 0.0201169, 2
-0.0483132, 0.34622, 0.0777084, -0.00895225, 0.0221177, 0.00247383, 2
-0.510577, -0.555913, 0.130755, -0.0253744, -0.0376287, 0.0357205, 2
0.0230347, -0.24731, 0.0718352, -0.0141556, 0.0103732, -0.00857746, 2
-0.277213, -0.221111, 0.124004, 0.148413, -0.000810395, 0.199628, 2
-0.570822, -0.403722, 0.0195713, -0.0389276, 0.0229972, -0.0324779, 2
-0.48612, -0.51573, 0.27473, 0.00614605, 0.00136523, 0.00581733, 2
-0.318835, 0.25185, 0.0352749, -0.0743033, -0.0884705, -0.023649, 2
0.296573, -0.318945, 0.231825, -0.0405808, -0.0601196, 0.0766155, 2
0.55771, 0.197727, 0.224577, -0.00364317, 0.0112402, 0.00588567, 2
0.404777, 0.0562518, 0.177298, -0.00487022, -0.0171844, 0.0141048, 2
0.360741, -0.622025, 0.106362, -0.00167508, -0.00836222, -0.0134389, 2
-0.588352, -0.502638, 0.124875, -0.00898738, 0.00279989, 0.0104107, 2
-0.065331, 0.15036, 0.220538, 0.0527094, -0.0142496, -0.00890784, 2
0.22201, 0.50311, 0.00776961, -0.00455918, 0.00476361, -0.00261624, 2
-0.541902, 0.562251, 0.0643299, -0.0516576, 0.159338, -0.0348452, 2
-0.463617, -0.553832, 0.0928884, 0.00975307, -0.0281329, -0.000106298, 2
-0.624625, -0.242704, 0.313342, 0.00754032, 0.00341469, 0.001939, 2
-0.483525, -0.576094, 0.0761147, -0.0321391, -0.0392184, -0.0268147, 2
0.443776, 0.611579, 0.283037, 0.00203257, -0.00181758, 0.00206912, 2
0.0821567, 0.386392, 0.139609, -0.0408188, 0.00865975, 0.0483881, 2
-0.468578, 0.11717, 0.141594, -0.200472, -0.259693, 0.00506649, 2
-0.0431297, 0.158782, 0.173425, 0.0190671, 0.00290485, -0.00937677, 2
0.456369, -0.536513, 0.0535243, -0.0555654, 0.051042, -0.000561952, 2
0.0785952, 0.315461, 0.0218109, -0.00116411, 0.00204371, 0.00170531, 2
0.109674, 0.403522, 0.00488274, 0.00250812, -0.000553514, 0.00131895, 2
0.366993, 0.569869, 0.0239155, 0.0365013, -0.0101762, -0.0655254, 2
-0.52138, 0.575207, 0.12073, -0.015481, 0.0223871, 0.0271004, 2
-0.52794, -0.538281, 0.134198, -0.0424431, 0.0066692, 0.0419355, 2
-0.223481, 0.535458, 0.129602, 0.039242, -0.00975678, 0.0331891, 2
-0.351259, -0.0123483, 0.0687089, 0.00962733, -0.00183839, -0.0101799, 2
0.207178, 0.149037, 0.255492, 0.00825292, 0.00837633, -0.01037, 2
-0.486373, -0.524056, 0.137697, 0.0302169, 0.029931, 0.0539993, 2
0.207328, 0.562277, 0.16106, 0.0332554, 0.0873554, -0.0402225, 2
0.421425, 0.0109084, 0.0824339, -0.220749, -0.0356509, -0.142424, 2
0.508669, -0.509381, 0.0258236, -0.0372544, 0.0476984, -0.0774671, 2
0.5282, 0.487575, 0.0107999, 0.0206448, 0.00719108, -0.0169367, 2
0.623862, 0.596159, 0.312093, -0.00895372, -0.000815341, 0.000664967, 2
-0.153143, -0.561744, 0.0200314, -0.000341967, -0.000817045, 0.00305606, 2
0.383648, -0.155262, 0.311387, 0.00845533, 0.00386221, -0.020854, 2
-0.357872, 0.123443, 0.150809, 0.0592024, -0.0270767, 0.0136968, 2
-0.083037, -0.299342, 0.0305773, 0.0179344, 0.0197016, -0.00338761, 2
-0.320995, -0.155751, 0.0570542, -0.132759, 0.225176, -0.154754, 2
0.229793, -0.578386, 0.0401325, -0.000258132, -0.000248721, -0.000220332, 2
-0.385895, 0.473003, 0.20035, -0.026022, 0.0428223, -0.0126194, 2
-0.0561594, 0.351708, 0.230496, 0.00598049, 0.0165779, -0.0148547, 2
0.0471349, 0.249945, 0.194899, 0.0452964, 0.00821628, 0.0925793, 2
0.0903346, 0.243843, 0.186448, 0.0139662, 0.00459008, 0.0171193, 2
0.0787781, -0.539263, 0.203503, -0.0105807, 0.00637337, -0.003616, 2
0.158904, 0.474348, 0.00719624, 0.000610797, 0.00204143, 0.00464566, 2
0.144524, -0.513488, 0.195548, -0.000151665, -0.027878, -0.0348774, 2
-0.512167, 0.0334386, 0.278203, -0.00640334, -0.0256177, 0.00607291, 2
-0.389858, 0.342407, 0.0817745, -0.0106782, 0.0283563, 0.0554911, 2
-0.161641, -0.0577629, 0.0946688, -0.00450008, 0.00581526, 0.00867516, 2
-0.00111116, 0.186305, 0.0554286, -0.00149341, 0.00209243, -0.00294932, 2
-0.459636, -0.499818, 0.300847, 0.00879589, -0.00165404, 0.00603573, 2
0.462347, 0.177281, 0.205842, 0.0562035, -0.0330035, -0.0732189, 2
-0.0179838, -0.362348, 0.109312, -0.0424533, -0.0152331, 0.026532, 2
-0.53212, 0.346394, 0.131987, -0.184698, 0.0540156, 0.0149425, 2
0.28189, -0.124666, 0.0930829, 0.0810131, 0.037119, 0.0432628, 2
0.310675, -0.610106, 0.122202, -0.00968354, -0.00189682, -0.0051925, 2
-0.16706, -0.492309, 0.288052, -0.0106193, 0.0113792, 0.00188376, 2
-0.314175, -0.252204, 0.216163, -0.00694961, 0.0737357, 0.00718867, 2
0.0129236, 0.216119, 0.0442317, -0.000461033, 1.92392e-05, -0.00317953, 2
0.391599, -0.414956, 0.248299, -0.554044, -0.170944, 0.0238642, 2
0.613313, -0.244629, 0.280835, -0.0023512, 0.00786982, 0.0210864, 2
0.556772, -0.412245, 0.167665, 0.00020731, 0.000782581, -0.00751997, 2
0.120213, 0.199735, 0.234569, 0.0162943, 0.0148969, -0.0108884, 2
0.55746, 0.297579, 0.163676, 0.0123011, -0.0116905, 0.00721628, 2
-0.17452, -0.0504945, 0.29, -0.000344889, 0.0104878, 0.0113881, 2
0.197811, -0.369783, 0.294965, 0.000895023, -0.000479252, 0.00502147, 2
-0.573309, 0.0931203, 0.0143967, 0.0718325, -0.106533, -0.0865543, 2
0.5789, 0.408909, 0.108837, 0.0335913, -0.00532078, -0.0183849, 2
0.183626, -0.208131, 0.00537556, -0.00883939, -0.00224944, -0.00147805, 2
0.360553, -0.446495, 0.0591275, 0.00777491, -0.00520726, -0.00389063, 2
0.0938214, -0.463145, 0.155461, -0.00524919, -0.000719353, -0.00629446, 2
-0.0427641, -0.536336, 0.209891, -0.0128684, -0.00211845, 0.0180219, 2
0.627895, 0.21384, 0.102334, -0.00905693, 0.0054137, 0.00489687, 2
0.306242, 0.141336, 0.0192376, 0.0497155, -0.0109099, -0.0287883, 2
-0.29898, 0.596779, 0.164105, -0.000345699, 0.0266692, 0.000186405, 2
-0.398906, 0.164627, 0.22915, 0.0174855, 0.0362329, 0.0130908, 2
-0.478973, 0.221282, 0.0949392, -0.141895, 0.0361598, -0.326471, 2
-0.421386, 0.170218, 0.0396757, -0.0176737, 0.00858547, -0.0385485, 2
0.0139607, -0.276119, 0.145134, -0.00501657, 0.00448274, 0.0109364, 2
0.0354629, -0.545529, 0.191001, 0.011773, 0.00598978, -0.00121903, 2
0.271973, 0.178255, 0.232706, -0.00930826, -0.000101257, 0.0319619, 2
-0.366109, -0.494472, 0.256112, -0.0558291, 0.00207313, 0.0431668, 2
0.473454, -0.496541, 0.152081, -0.0868563, 0.0110672, -0.0992591, 2
-0.377137, 0.439665, 0.0299246, -0.0215232, 0.0169552, -0.053408, 2
-0.300187, -0.489279, 0.0216286, -0.0109383, -0.0169953, -0.00885121, 2
0.356232, -0.258222, 0.220276, 0.0989316, 0.0447907, 0.0670685, 2
0.0129054, -0.107231, 0.118106, -0.0276263, -0.00178862, 0.0104835, 2
0.392662, 0.101346, 0.00316952, -0.00196117, 0.000238448, 0.00747488, 2
0.551365, -0.514657, 0.0916307, 0.0545663, 0.00515168, 0.0505833, 2
-0.128026, 0.15077, 0.112739, 0.0538214, -0.0179515, -0.0473541, 2
-0.623949, -0.207221, 0.314794, 0.00906817, -0.000492239, -0.00171964, 2
0.306873, 0.0566332, 0.033685, 0.007827, -0.00755741, -0.00390797, 2
0.071395, -0.0998759, 0.0670407, 0.0335378, 0.0865896, -0.0649178, 2
-0.580206, 0.15295, 0.0194659, -0.289385, -0.0128013, -0.586335, 2
-0.460508, 0.482727, 0.054637, -0.00104132, 0.00355369, -0.00809885, 2
-0.373993, 0.208996, 0.147572, 0.00476012, 0.0353668, 0.00844416, 2
0.507112, -0.408062, 0.278255, 0.0221466, 0.0019432, 0.00796133, 2
-0.280392, 0.614563, 0.146101, 0.0261012, 0.0318734, -0.00670199, 2
-0.267714, 0.535965, 0.174928, 0.0526145, 0.0434695, -0.0440442, 2
0.0988087, -0.222025, 0.0551293, -0.00281442, 0.0130583, -0.0311595, 2
0.549765, -0.216011, 0.160815, -0.179152, 0.12992, 0.0264012, 2
0.549014, -0.539102, 0.0174824, 0.0579896, 0.0146681, -0.0330204, 2
-0.576173, 0.162257, 0.150004, -0.00292332, 0.0250467, 0.0330188, 2
-0.30801, 0.212014, 0.0307509, 0.0262973, -0.0323623, -0.025866, 2
-0.230146, 0.38147, 0.308923, 0.00148391, 0.0118051, -0.0037861, 2
-0.0115985, -0.622487, 0.203681, -0.00223828, 0.00383243, -0.00108405, 2
0.578691, 0.514588, 0.259157, 0.00332387, 0.00823276, -0.0117348, 2
0.431786, -0.395767, 0.255307, 0.433047, 0.160668, 0.131182, 2
-0.243736, -0.0335176, 0.231807, 0.0171695, -0.00876941, -0.00623582, 2
0.455975, -0.564672, 0.0188099, -0.0402002, 0.0166243, -0.0632277, 2
-0.583434, 0.615057, 0.122298, -0.00740189, -0.00244576, -0.000174125, 2
0.0598254, 0.534107, 0.145013, 0.0345695, 0.0472731, 0.0223815, 2
0.129755, 0.587898, 0.0280867, 0.00313966, 0.043804, -0.0385353, 2
-0.530155, -0.350076, 0.238581, -0.19826, 0.238336, -0.0750739, 2
-0.407151, 0.0497413, 0.176458, -0.00642631, -0.0173405, -0.00923602, 2
-0.431384, -0.591821, 0.178327, -0.263405, -0.338312, -0.00188668, 2
0.383342, 0.616834, 0.149483, 0.0129296, 0.0422814, 0.0109177, 2
0.160042, 0.418657, 0.208032, 0.111249, -0.0740237, 0.0633815, 2
-0.0786587, -0.455043, 0.0421619, 0.0267729, -0.000641446, -0.0165838, 2
-0.411358, -0.629031, 0.0584847, -0.0033606, -0.0183035, 0.00230808, 2
-0.336118, -0.582502, 0.0547579, -0.0554436, 0.00500753, -0.0269277, 2
0.153074, 0.107287, 0.0307939, 0.00327391, -0.0356017, -0.00295882, 2
-0.526799, -0.392922, 0.0202775, 0.0137089, -0.0163216, -0.0345166, 2
-0.414452, -0.293113, 0.0902494, -0.011721, 0.116104, 0.0397906, 2
0.539872, -0.0703012, 0.260176, -0.00239104, 0.0128029, 0.0100595, 2
-0.0142241, 0.128278, 0.269711, -0.183192, 0.104, -0.1551, 2
-0.560844, -0.118344, 0.266429, -0.00455956, 0.0134706, -0.00447133, 2
0.0370885, -0.588266, 0.213602, 0.00148548, -0.00355161, 0.00884431, 2
-0.39071, -0.0369612, 0.257332, -0.0106314, 0.00215148, 0.00128402, 2
-0.222062, 0.181645, 0.257565, -0.00671449, -0.00354699, 0.00760273, 2
0.0118762, 0.47549, 0.269431, -0.267889, 0.0243273, 0.223285, 2
0.230908, -0.00139943, 0.138762, -0.00973508, 0.00839989, -0.00382244, 2
0.354083, 0.101765, 0.198022, -0.057247, -0.0980038, 0.0354406, 2
0.435193, 0.317276, 0.282234, -0.0797476, -0.0128487, -0.0651306, 2
-0.463736, 0.227185, 0.107168, -0.0142877, 0.19641, -0.161876, 2
0.576966, -0.417003, 0.296729, -0.000136008, -0.0119357, 0.00499046, 2
0.395885, -0.347883, 0.109652, 0.0223584, 0.00635309, -0.00635288, 2
0.201673, 0.319169, 0.120076, 0.00455077, 0.00293756, -0.000175984, 2
-0.203844, 0.558423, 0.268327, 0.00642911, 0.0498671, -0.0214804, 2
-0.434442, -0.293603, 0.156247, 0.106185, 0.0334376, 0.011396, 2
0.59582, 0.348236, 0.117629, 0.0154759, -0.00808603, -0.00471354, 2
0.413617, -0.0508193, 0.27477, -0.00101175, -0.00407489, -0.00104632, 2
-0.291264, -0.326699, 0.14272, 0.0383099, 0.156768, -0.197545, 2
0.500824, -0.52147, 0.0645483, -0.0978131, 0.0775508, 0.0145963, 2
0.369835, -0.355242, 0.278835, -0.0416822, 0.0432053, 0.0385481, 2
-0.461418, -0.408239, 0.0170938, 0.00491272, 0.00897036, -0.0160527, 2
-0.534431, 0.617609, 0.0876139, -0.00651955, 0.0354513, -0.0057735, 2
-0.0958233, 0.189319, 0.00991534, 0.00883284, 0.00155035, -0.0150774, 2
0.384482, 0.615438, 0.307012, -0.000422631, -0.00494849, 0.000789538, 2
0.197862, -0.448967, 0.0761201, 0.0365, 0.0497265, 0.0372253, 2
-0.437077, -0.48311, 0.00568833, -0.0149433, -0.0128896, 0.00373777, 2
0.0334383, 0.56047, 0.150474, 0.000798896, 0.0324485, 0.0165343, 2
-0.12741, -0.360758, 0.22629, 0.0702945, 0.0641485, 0.0870955, 2
0.443471, -0.489897, 0.253414, -0.0315129, -0.00881082, 0.00185715, 2
-0.558263, 0.509902, 0.00711249, 0.00519221, -0.026374, -0.0661466, 2
0.557078, -0.58148, 0.0625436, 0.0296156, -0.0255521, 0.0143846, 2
0.625453, -0.485947, 0.0594549, -0.00427385, 0.00155219, -0.0021912, 2
-0.284018, 0.0481928, 0.264276, 0.0314621, 0.0776125, -0.0108382, 2
-0.244356, -0.197289, 0.260644, 3.13623e-05, 2.41846e-05, -0.000261766, 2
-0.276236, -0.629391, 0.305893, 0.000179514, 0.00812257, -0.00663608, 2
0.0282447, -0.436504, 0.0276248, 0.00101283, -0.00120571, -0.000618082, 2
0.050998, 0.226898, 0.0102514, -0.00233914, -0.000447735, 0.00644692, 2
-0.607031, -0.530475, 0.0775529, -0.00365241, -0.00414909, -0.0018759, 2
0.29813, 0.542959, 0.11257, -0.00735894, -0.00198226, -0.00964513, 2
0.0518587, 0.614659, 0.0825541, 0.00224684, 0.0229386, -0.000641194, 2
0.0803086, 0.541774, 0.0946749, -0.130195, 0.0930075, 0.0530622, 2
0.330483, 0.537264, 0.130679, -0.0126492, -0.0065813, -0.0105577, 2
0.568303, -0.376717, 0.300218, -0.00709664, -0.00569626, 0.030698, 2
0.365478, 0.0088899, 0.0934049, -0.014995, 0.00506194, -0.00392113, 2
0.148128, 0.362617, 0.0935481, 0.120689, -0.0377482, 0.0221128, 2
0.111774, -0.239101, 0.141913, 0.133277, 0.0598465, 0.104876, 2
0.222273, 0.44186, 0.0411465, -0.035185, -0.00416183, -0.0381141, 2
0.263279, 0.464792, 0.0660186, -0.00131107, 0.0197668, 0.000979929, 2
0.573491, 0.132959, 0.0442674, -0.0461814, -0.000499399, -0.0196205, 2
-0.236158, -0.445146, 0.0404413, 0.00902382, 0.00648349, 0.00243544, 2
0.0940583, 0.265126, 0.0183939, -0.0205163, -0.000978777, -0.00435411, 2
0.472758, -0.0343543, 0.310201, -0.00852383, -0.0209595, 0.0109646, 2
-0.264453, -0.0960151, 0.0585305, 0.0195646, 0.0407068, -0.0436458, 2
-0.323508, -0.360501, 0.218244, -0.0939691, 0.114379, 0.492123, 2
0.050112, 0.41759, 0.151407, -0.0286668, 0.00373773, -0.0123315, 2
0.424304, -0.100599, 0.249123, 8.38455e-05, 0.000743858, -0.000211096, 2
-0.267971, -0.508289, 0.202097, -0.0548773, 0.0196095, -0.0329218, 2
-0.103384, 0.384953, 0.160804, 0.00399999, 0.000574877, -0.00656701, 2
0.16069, 0.32848, 0.0365532, 0.00845431, -0.00306023, -0.0154641, 2
0.337759, -0.537642, 0.0827576, 0.00985058, -0.00411315, -0.00332831, 2
0.499524, 0.18638, 0.30653, 0.00263176, 0.00212531, 0.00217935, 2
0.5731, 0.0291749, 0.140451, 0.00174839, -0.00034663, -0.00130409, 2
0.553976, 0.394685, 0.273938, 0.0307293, 0.0167726, -0.00162245, 2
-0.471829, -0.558786, 0.0263216, -0.0344343, -0.0143922, -0.02743, 2
0.401147, 0.12129, 0.28821, -0.0161122, -0.00474506, -0.0239125, 2
-0.253151, -0.0843692, 0.105569, 0.0595883, 0.0748897, -0.0148796, 2
-0.516586, 0.277624, 0.135988, -0.382957, 0.00577668, 0.145933, 2
0.291803, -0.455724, 0.0747353, 0.0188409, 0.0438567, 0.00440668, 2
-0.324907, 0.334929, 0.314346, -0.00395721, -0.00250448, -0.00212955, 2
-0.178694, 0.0427247, 0.0224449, 0.0158132, 0.0235755, 0.016115, 2
0.152336, -0.0877142, 0.226531, -0.00186624, 0.0425609, 0.0492379, 2
0.118529, -0.144578, 0.0763336, 0.0456788, -0.0170759, 0.00422131, 2
-0.579595, -0.220565, 0.0175141, -1.343e-05, 6.84062e-06, 0.00440634, 2
0.516155, -0.0624303, 0.0353086, 0.00478608, 0.00360388, -0.00657403, 2
0.621441, -0.291247, 0.223122, 0.0792661, -0.027191, -0.024675, 2
0.514355, 0.0855658, 0.0445388, 0.0241963, -0.000871359, 0.0248479, 2
-0.323294, 0.198944, 0.271436, 0.000521974, 5.70402e-05, 6.64488e-05, 2
0.220657, -0.139217, 1.3612e-05, -0.0392152, 0.0504334, -0.0946538, 2
0.519598, 0.165839, 0.241237, 0.0272988, -0.000669813, 0.0075329, 2
0.517056, 0.617109, 0.094427, -0.00760065, -0.00170915, -0.00588194, 2
0.606836, 0.139481, 0.229989, 0.0294685, 0.0175711, 0.0258902, 2
0.253032, -0.371953, 0.0363541, -0.000365525, -0.00992763, -0.00927822, 2
0.558366, -0.321585, 0.138704, -0.00290284, -0.0732677, 0.0515284, 2
0.628423, -0.435393, 0.280587, -0.00892285, -0.000907384, -0.00302896, 2
-0.490269, -0.443915, 0.0502843, 0.0478945, -0.0044317, 0.00318939, 2
0.402218, -0.559524, 0.229167, 0.0321991, 0.00210322, -0.0147774, 2
0.580373, -0.252855, 0.121412, 0.126258, -0.0462144, 0.0466885, 2
0.406189, 0.597766, 0.244098, 0.000322774, 0.00659853, -0.00299752, 2
0.406243, 0.487401, 0.128067, 0.00455636, -0.00202033, -0.00203295, 2
0.111263, 0.374493, 0.124854, -0.0107621, 0.0161614, 0.100146, 2
0.488971, 0.351365, 0.00223304, 0.002681, -0.00276846, 0.00694064, 2
0.149002, -0.0255662, 0.0667357, -0.000752677, 0.00184909, -0.00576976, 2
0.294418, -0.0971633, 0.14383, -0.0366141, -0.00419025, 0.000181121, 2
-0.410694, -0.0987038, 0.192473, -0.019083, 0.0010614, -0.0144116, 2
-0.548273, 0.0409902, 0.238985, -0.00332357, -0.0121807, 0.0192022, 2
-0.347136, -0.186755, 0.256595, 0.00880313, -0.00576112, 0.0128806, 2
0.56953, -0.236345, 0.0358902, -0.00166415, 0.0289232, -0.138197, 2
-0.20475, -0.46012, 0.0278408, 0.00786357, -0.00377382, -0.00334306, 2
-0.488284, 0.576087, 0.307182, 0.00123306, 0.0322574, -0.0904316, 2
0.0239853, 0.0573865, 0.243314, 0.359894, -0.0896515, 0.196287, 2
0.5234, -0.0836058, 0.173665, -0.134009, -0.00869514, -0.0175262, 2
0.532332, -0.564568, 0.00978243, 0.0297145, -0.0117024, -0.074846, 2
-0.460652, 0.359814, 0.142982, 0.142208, 0.138264, 0.0596865, 2
0.114669, 0.579083, 0.275797, 0.0620759, -0.0438957, -0.0420525, 2
-0.375366, -0.599154, 0.128554, 0.150788, -0.0627676, -0.0595657, 2
0.580573, -0.316327, 0.239356, -0.0321426, 0.0200778, 0.00881211, 2
0.347026, -0.37676, 0.0227791, -0.00253203, -0.000363113, -0.00250475, 2
0.490586, 0.0484536, 0.06524, 0.0818847, 0.0354671, -0.0544552, 2
0.60195, 0.190133, 0.0517708, -0.019306, 0.0353528, -0.00364237, 2
0.57075, -0.415845, 0.223608, 0.0026247, -0.018776, -0.00923747, 2
0.284081, -0.522409, 0.045216, -0.00170049, -0.0285404, -0.0368736, 2
-0.281187, -0.62004, 0.0615649, 0.0687068, -0.157995, 0.00685696, 2
-0.242057, -0.450729, 0.309009, 0.000826543, 0.000664137, -0.000393602, 2
0.329873, 0.293903, 0.296289, 0.0130255, 0.0324973, -0.0293839, 2
0.173135, 0.5485, 0.303991, 0.00107958, 0.00155598, 0.00466729, 2
-0.572575, 0.49911, 0.0674186, -0.080268, -0.0745764, 0.0146419, 2
0.38485, 0.216172, 0.130719, 0.0445058, -0.0291098, -0.00637417, 2
0.475966, 0.0767947, 0.300324, 0.0332429, -0.0344852, -0.0927156, 2
-0.523001, 0.048781, 0.190366, 0.0141949, 0.0123756, -0.0135449, 2
-0.315918, -0.0104321, 0.243896, -0.091951, -0.109399, -0.112418, 2
0.578515, -0.356315, 0.270785, 0.0118225, -0.00769519, 0.0503422, 2
-0.500548, -0.00753795, 0.273265, 0.000750321, -0.000546526, -0.00162055, 2
-0.254288, 0.380369, 0.00309213, 0.00248591, 0.00505006, 0.00618375, 2
-0.278178, 0.080278, 0.234059, -0.00247897, 0.0133212, -0.00945104, 2
-0.352949, -0.37655, 0.213693, -0.364544, -0.0340807, 0.292595, 2
-0.396911, -0.319162, 0.180979, -0.04456, 0.0336616, 0.028481, 2
-0.127236, -0.564276, 0.0775315, 0.000429116, -0.00141061, -0.000657338, 2
0.395641, 0.541654, 0.254221, -0.0104908, 0.00817222, -0.00463662, 2
0.33701, -0.611311, 0.108925, -0.011457, -0.00547798, -0.0130561, 2
-0.161452, -0.297266, 0.263808, -0.000178324, 0.00901484, 0.00290247, 2
-0.445796, -0.348714, 0.0172386, 0.00207551, 0.000665614, -0.0174665, 2
-0.622584, -0.219298, 0.172845, 0.00869751, -1.42508e-05, -0.00029084, 2
0.470477, 0.156377, 0.110446, 0.00184972, -0.00144153, 0.00413601, 2
0.482846, 0.508163, 0.288007, 0.00930311, -0.00851274, -0.0302286, 2
0.159154, -0.47475, 0.0363783, -0.0843819, 0.00625444, -0.0128334, 2
-0.246002, -0.241697, 0.114079, 0.152325, -0.00322834, 0.0104508, 2
0.477916, 0.26103, 0.130501, 0.0236044, -0.0323812, -0.0187294, 2
-0.471885, 0.0267076, 0.108423, 0.000792064, 0.00576997, 0.00937074, 2
0.544998, -0.266246, 0.113086, -0.26296, -0.0965721, -0.0196281, 2
-0.279227, 0.202265, 0.196261, 0.0359379, -0.172086, 1.00861, 2
-0.483921, 0.386432, 0.266573, 0.00573302, 0.0127384, -0.00793169, 2
-0.414966, 0.393811, 0.0542578, -0.0265204, 0.00737324, -0.0103967, 2
0.276414, 0.234325, 0.250843, -0.00516733, -0.00338286, 0.0138909, 2
-0.541728, 0.0872072, 0.220393, -0.00314341, 0.0022778, -0.0337873, 2
0.610299, -0.383603, 0.259196, 0.0400443, -0.0208177, 0.00253447, 2
-0.504115, 0.000358729, 0.041281, -0.0506011, -0.00174245, 0.000734358, 2
-0.0478001, -0.151689, 0.264029, -0.014461, -0.00464448, -0.01035, 2
0.474203, 0.00638879, 0.113215, 0.300574, -0.156665, 0.0271777, 2
-0.352031, -0.0785762, 0.204145, -0.0152338, 0.0240035, -0.0238202, 2
0.100314, 0.27216, 0.0972199, -0.000477452, 0.00382579, -0.00753898, 2
-0.37457, 0.418203, 0.0363371, -0.0327882, -0.033483, -0.052566, 2
-0.568204, -0.626727, 0.292281, 0.000132236, 0.0107153, -0.000479706, 2
-0.351173, 0.27965, 0.193371, -0.00734855, 0.00594317, 0.000666198, 2
-0.607728, 0.367885, 0.0576822, 0.00131619, -0.00862473, -0.00524504, 2
0.273843, 0.34822, 0.119272, -0.0073325, 0.00070878, -0.0163963, 2
0.0507007, 0.474069, 0.276853, 0.0669215, -0.0106643, 0.31167, 2
0.215825, -0.203695, 0.0814397, -0.0458771, -0.0715134, 0.031988, 2
0.0120147, -0.359456, 0.240528, -0.00205203, 0.00153271, 0.00126327, 2
0.464876, -0.0815235, 0.0633929, -0.00994498, 0.0287517, -0.00182708, 2
0.0215273, -0.611173, 0.288924, 0.0142899, -0.00252615, 0.0101864, 2
0.410407, -0.35578, 0.235984, -0.0698049, 0.313191, -0.0991241, 2
0.555755, -0.294021, 0.236793, -0.0573398, 0.049904, 0.0180815, 2
0.464952, -0.0152307, 0.149214, 0.00678849, -0.156549, 0.116138, 2
-0.0214903, 0.00700444, 0.0836948, -0.171872, 0.0660246, -0.128576, 2
0.209238, -0.349116, 0.013259, -0.0145798, -0.0150196, -0.0293706, 2
-0.573599, 0.331548, 0.289267, -0.00220345, 0.026309, 0.00825797, 2
0.533812, -0.0825909, 0.0808525, 0.00910292, 0.0053088, 0.0041952, 2
-0.400356, 0.559387, 0.148479, -0.000659584, 0.0047931, 0.000159833, 2
0.561756, 0.3943, 0.285589, 0.0212682, 0.0100969, 0.00615715, 2
-0.4446, -0.214137, 0.290287, -0.00124301, -0.000306487, -0.00148313, 2
-0.548831, -0.433693, 0.0438512, -0.0445806, 0.0797244, -0.00390064, 2
0.395103, -0.507901, 0.127837, -0.000175283, 0.00465037, -0.00221586, 2
0.0823471, 0.587014, 0.28152, -0.060733, -0.0864917, -0.073893, 2
-0.580723, -0.0644399, 0.12578, -0.011244, -0.00601692, 0.0276474, 2
-0.245943, -0.485165, 0.195992, -0.019394, 0.0158258, 0.022878, 2
-0.192907, -0.428801, 0.121388, -0.0698727, 0.02549, -0.140376, 2
-0.295766, -0.524952, 0.258231, 0.113129, 0.110639, 0.119269, 2
0.0276444, -0.295344, 0.240587, -0.00904591, -0.0115167, -0.00750764, 2
0.621562, -0.363552, 0.181671, -0.00275457, -0.00616388, -0.0101335, 2
0.503993, -0.178188, 0.285628, -0.00445081, 0.068851, 0.0197814, 2
0.405215, -0.0970562, 0.019714, 0.0020634, 0.00111374, 0.000118461, 2
0.58062, -0.331916, 0.0502295, 0.0461768, 0.0812858, 0.0360743, 2
-0.16796, 0.380394, 0.0394921, -0.00916241, 0.0748221, -0.00721109, 2
-0.301806, 0.429635, 0.180873, 0.00614613, 0.0671716, 0.0604441, 2
0.201315, -0.446272, 0.217073, -0.00810649, -0.0169146, 0.0918452, 2
-0.274643, -0.00921559, 0.267363, 0.190986, -0.0530897, -0.00633129, 2
0.21091, 0.324982, 0.293616, -0.0140267, 0.00769157, -4.56396e-06, 2
-0.0160907, -0.277337, 0.0622893, -0.00459059, 8.19917e-05, -0.0102355, 2
-0.313668, -0.285738, 0.128892, -0.0666685, -0.0164681, 0.0555262, 2
0.413018, -0.411708, 0.241836, -0.0778959, -0.257486, -0.218727, 2
0.295604, 0.62347, 0.0600812, -0.00356557, -0.00685629, 0.000325795, 2
0.37446, 0.574126, 0.134593, -0.0155895, -0.0147148, -0.0326067, 2
0.575378, -0.223797, 0.0722005, 0.0254101, 0.172182, -0.0806554, 2
-0.52658, 0.10436, 0.0221184, 0.0767073, -0.0566767, -0.00204777, 2
0.196912, -0.324288, 0.0680413, -0.0387627, 0.00964279, 0.0192162, 2
-0.194725, 0.0310327, 0.223228, -0.0339454, -0.0300523, -0.039689, 2
-0.385199, -0.38802, 0.146983, -0.113183, -0.0284611, -0.023814, 2
-0.470661, 0.225852, 0.23514, -0.000220502, -0.00419589, 0.00295456, 2
-0.221503, 0.542148, 0.00621423, 0.00944303, -0.0310168, -0.0773144, 2
0.294066, 0.325202, 0.0607781, -0.00195588, -0.00184324, -0.0007667, 2
0.00148297, -0.00915722, 0.0591547, 0.0208497, -0.0381564, -0.196176, 2
0.241808, -0.264661, 0.0451953, -0.019147, 0.0837082, 0.0466813, 2
-0.479748, -0.319246, 0.146737, -0.0234222, -0.059092, 0.0428737, 2
-0.190946, -0.215863, 0.0153361, 0.00286989, 0.000566809, -0.000607308, 2
-0.102472, 0.611012, 0.091755, -0.000934176, -0.00368777, -0.000768264, 2
0.169693, -0.213677, 0.257004, -0.0158513, 0.0670107, 0.00427395, 2
-0.19732, 0.0310883, 0.0025081, 0.0208454, 0.0576679, -0.00519584, 2
0.390611, 0.190391, 0.216462, -0.0314682, 0.0135649, 0.0176503, 2
0.0712429, 0.598851, 0.194508, 0.000321517, 0.00279124, -0.00279317, 2
0.0960998, 0.262953, 0.118318, 0.0212454, 0.00504878, -0.00885365, 2
0.339212, -0.365527, 0.27352, -0.0149013, 0.00563062, 0.0116354, 2
0.575831, 0.506244, 0.0498635, 0.00508869, 0.00100223, -0.00247522, 2
-0.503315, -0.603467, 0.127543, -0.0207667, -0.0255845, -0.00036117, 2
0.0836329, -0.16445, 0.231068, 0.0278346, -0.0983339, 0.0504584, 2
0.144977, 0.363042, 0.22633, -0.000575275, -0.00596198, 0.00274516, 2
0.511997, -0.097228, 0.0154199, 0.00544894, 0.00260993, -0.000276619, 2
0.280087, 0.335415, 0.180683, -0.0124864, -0.022523, 0.0179858, 2
0.290119, 0.0960631, 0.0707897, 0.0737634, -0.0892438, -0.0247511, 2
-0.10396, -0.462657, 0.0630116, 0.0361811, 0.00481369, 0.0142403, 2
-0.585854, 0.263406, 0.286241, -0.00423359, -0.0575834, 0.012765, 2
-0.112582, -0.0273455, 0.037368, -0.00329312, -0.00410275, -0.0062769, 2
-0.278431, -0.0814781, 0.00643811, 0.000109564, -0.000468721, 0.00698487, 2
-0.0789768, 0.0451705, 0.0130621, -0.0933125, -0.0494038, -0.0832166, 2
0.431194, -0.50116, 0.129441, -0.0436173, 0.00106318, -0.0281795, 2
0.0955386, 0.273781, 0.0627103, -0.012411, 0.00310077, 0.00373436, 2
-0.259069, 0.155815, 0.195894, 0.0803144, -0.19046, 0.107718, 2
-0.197389, -0.194062, 0.122257, 0.00189444, 0.0113129, 0.00607856, 2
0.525342, -0.533906, 0.303764, 0.108361, -0.0550907, 0.109759, 2
-0.451426, -0.00790251, 0.0306084, 0.0557515, -0.0142023, -0.00131162, 2
-0.199379, 0.0362073, 0.253951, -0.0498799, -0.0657807, 0.00671946, 2
-0.314343, 0.553589, 0.0896235, -0.241095, 0.0343326, 0.0327077, 2
-0.164871, -0.354805, 0.226745, -0.0263164, 0.0794034, 0.0735052, 2
-0.139119, 0.196182, 0.0805466, 0.0939792, -0.0479449, 0.0263294, 2
-0.0868702, -0.00258754, 0.112747, -0.0375733, -0.0177252, -0.00272734, 2
0.430892, -0.537012, 0.0237018, -0.0237102, 0.0203391, -0.0155406, 2
-0.578194, -0.166118, 0.220146, -0.0153913, -0.0058952, -0.0183752, 2
0.205383, 0.266457, 0.0141399, 0.00560684, -0.0177627, -0.0319272, 2
-0.565516, 0.161836, 0.0381542, 0.101376, 0.201851, 0.0514297, 2
-0.610388, 0.340373, 0.193669, 0.00374507, -0.000872332, -0.000207896, 2
-0.487955, -0.48897, 0.0452304, 0.0284226, -0.0155989, -0.00657421, 2
0.527848, -0.173349, 0.0261368, 0.119813, 0.0598262, -0.0725271, 2
-0.373584, 0.291743, 0.0949264, -0.0118898, -0.0305547, 0.0411222, 2
0.533395, -0.477339, 0.301463, 0.0470484, 0.0570758, 0.0294774, 2
-0.404346, 0.0657539, 0.143325, 0.0147727, -0.0227066, -0.00911728, 2
0.0466441, -0.133317, 0.166563, -0.0609053, -0.0592236, -0.175685, 2
0.141451, -0.0815476, 0.282524, 0.00343868, 0.00476798, 0.0163314, 2
-0.23789, -0.506128, 0.191647, 0.0158355, -0.00311455, -0.0392141, 2
-0.181331, -0.441681, 0.0746155, -0.00935003, -0.0197953, -0.0329353, 2
-0.028714, -0.422106, 0.002218, 0.0112837, -0.020485, -0.00469213, 2
-0.513963, -0.280097, 0.0374665, 0.00096207, 0.0136937, 0.000939622, 2
-0.333042, -0.382212, 0.15162, -0.314788, -0.0622661, -0.416628, 2
-0.228495, -0.125833, 0.0670648, 0.0299326, 0.0221187, -0.0123925, 2
0.151211, -0.222402, 0.105221, 0.0282613, 0.0585028, -0.00340989, 2
0.0971348, 0.00321608, 0.27915, 0.0238173, 0.0481147, 0.0264848, 2
-0.589492, -0.580103, 0.08833, -0.00176665, -0.00178846, -0.00117905, 2
0.0767583, 0.191311, 0.225434, 0.000431966, 0.00936906, 0.00976566, 2
-0.053072, 0.583384, 0.256393, 0.00452005, 0.0121619, -0.000146056, 2
-0.546409, -0.22791, 0.303463, 0.00180367, 0.00392058, -0.0012842, 2
-0.247947, 0.37334, 0.0404461, 0.00645017, 0.0164466, -0.00854011, 2
-0.239075, 0.48934, 0.127913, 0.0376174, -0.0237219, 0.0085979, 2
-0.0892089, -0.473665, 0.189851, 0.0314428, -0.0147569, 0.0028467, 2
0.517271, -0.0721965, 0.000901401, 0.00136335, 0.000197037, 0.0102389, 2
-0.474396, -0.550949, 0.102792, 0.0123963, -0.021234, -0.00811358, 2
-0.0535129, 0.176149, 0.261087, 0.044042, 0.00735946, 0.018776, 2
-0.196839, 0.21662, 0.273552, 0.00895392, -0.0483832, 0.0220485, 2
0.156481, -0.336585, 0.163889, 0.0500586, 0.000156814, 0.0247363, 2
-0.20171, 0.240307, 0.152244, 0.111607, 0.0444657, -0.00378395, 2
-0.436065, 0.323861, 0.252757, 0.00358663, 0.0171188, 0.00806728, 2
-0.482139, -0.554049, 0.188602, -0.0891841, 0.0363149, -0.00106804, 2
-0.320354, -0.16316, 0.153446, -0.00811565, -0.0771445, 0.123559, 2
0.191296, 0.377594, 0.19252, 0.0012785, -0.00641931, -0.00219108, 2
-0.309228, 0.264902, 0.0169802, -0.0338367, -0.0414294, -0.125392, 2
-0.305623, 0.420469, 0.0367338, 0.021243, -0.00391424, -0.0241434, 2
0.105545, -0.263008, 0.238262, 0.000899879, -0.0176544, -0.00552509, 2
-0.110035, 0.170117, 0.134926, 0.0099157, 0.000687026, 0.0262878, 2
-0.275755, -0.303365, 0.208271, 0.178092, 0.131949, 0.0651331, 2
0.3798, 0.124889, 0.110857, 0.0330528, -0.038055, -0.0564413, 2
-0.271151, 0.318787, 0.0343311, 0.0672565, 0.09324, -0.0481928, 2
-0.520048, 0.466612, 0.0533097, 0.0408198, 0.024781, -0.00473419, 2
0.234358, -0.483706, 0.17001, 0.0045308, -0.0317653, -0.0447908, 2
-0.411786, 0.337554, 0.106918, -0.0102459, -0.00143906, 0.0554525, 2
0.358295, -0.601638, 0.0156527, -0.000648354, 0.00154648, 0.00467365, 2
0.426215, -0.277297, 0.278261, 0.00519153, -0.134819, -0.0253926, 2
0.57315, 0.458211, 0.055018, 0.0149531, 0.0105851, -0.012745, 2
0.266271, -0.281788, 0.255038, -0.0222066, 0.00508609, 0.026821, 2
-0.453951, 0.0724206, 0.021706, 0.00429262, 0.00689408, -0.000193306, 2
0.379133, -0.177743, 0.210419, 0.0149441, 0.00942608, -0.0498299, 2
-0.437367, 0.18107, 0.132625, 0.47013, 0.504558, 0.219366, 2
-0.300043, 0.290985, 0.091787, -0.0228849, -0.0554652, 0.13908, 2
-0.0868042, -0.10462, 0.128351, 0.0134902, 0.00203593, 0.041159, 2
0.593238, 0.113558, 0.0552489, -0.00320739, -0.063507, 0.00647869, 2
-0.239017, -0.158111, 0.0623303, 0.10518, 0.00481847, -0.0264475, 2
-0.176406, -0.36186, 0.150497, -0.0355451, 0.101803, -0.0901465, 2
-0.32329, -0.418673, 0.107559, 0.00175575, -0.114073, -0.0893545, 2
-0.103218, 0.477562, 0.194603, -0.00590025, -0.00575954, -0.0284643, 2
-0.342992, -0.606352, 0.055217, -0.0663513, -0.038947, -0.0109198, 2
-0.256168, 0.402744, 0.168272, 0.0658872, 0.0870815, 0.0870336, 2
0.585508, 0.59534, 0.0560487, 0.00248758, 0.00337233, -0.0109771, 2
-0.143919, -0.334666, 0.286286, 0.000729657, 0.00136977, 0.0106614, 2
0.223229, 0.208493, 0.10264, -0.111147, 0.14093, 0.0796379, 2
-0.523293, 0.171768, 0.28852, -0.0111878, 0.0842849, 0.0349117, 2
-0.302298, 0.562714, 0.0915017, 0.0503994, 0.273207, 0.0672213, 2
-0.0529765, -0.243655, 0.158528, 0.0433928, 0.0239419, -0.038044, 2
0.549011, 0.0630183, 0.21135, -0.00199351, -0.00278504, 0.00128281, 2
-0.280681, 0.589764, 0.17325, 0.0464899, 0.0372225, 0.0146587, 2
0.49773, -0.383192, 0.179153, 0.00905964, 0.00112595, -0.00757815, 2
-0.541329, -0.00939654, 0.122348, 0.00945122, 0.0157429, -0.00875345, 2
0.13176, -0.0538519, 0.113692, -0.0121139, 0.0442495, -0.0638245, 2
0.355955, 0.432192, 0.187517, -0.00220603, 0.0118579, -0.00868481, 2
0.241172, 0.0254576, 0.0821493, -0.000723815, -0.000463282, -0.00140734, 2
-0.608195, 0.132128, 0.282582, -0.066078, -0.0344713, -0.00975064, 2
0.545887, 0.459794, 0.26577, 0.0299197, -0.0085388, 0.00268609, 2
-0.348033, -0.223146, 0.0473651, -0.0699171, -0.0620934, -0.0938272, 2
0.286077, -0.304099, 0.220611, -0.110398, -0.0527741, 0.063355, 2
-0.128448, 0.045184, 0.210561, -0.00523914, 0.0736597, -0.0437183, 2
0.564552, -0.0870494, 0.272254, -0.00488842, 0.00184995, 0.0134344, 2
0.021237, 0.00158519, 0.112414, 0.262179, 0.142133, 0.0438837, 2
0.51063, -0.496618, 0.256441, 0.0456019, 0.0896794, -0.103259, 2
-0.294527, 0.4893, 0.206999, -0.0352839, -0.0342508, 0.0296771, 2
0.45554, 0.100508, 0.0558722, 0.0168342, 0.0249989, 0.00445136, 2
-0.475789, 0.122277, 0.246395, -0.0211665, 0.0931262, -0.110562, 2
-0.605388, 0.0382002, 0.203853, -0.00666868, 0.000176782, -0.0015514, 2
0.457691, 0.32013, 0.305557, 0.00567559, 0.0277185, -0.00993654, 2
-0.612775, -0.0237557, 0.0720414, -0.00174079, 0.00548731, -0.00479662, 2
0.269667, 0.47776, 0.240828, 0.0764306, -0.048015, -0.00169656, 2
-0.148018, 0.412348, 0.0615751, 0.00858732, 0.0157353, 0.00553888, 2
-0.31893, -0.196378, 0.219462, 0.0187646, -0.0265813, 0.0270861, 2
0.130724, -0.315712, 0.252798, 0.0143062, 0.0185472, -0.0125736, 2
-0.103437, 0.0197245, 0.217633, 0.0860636, 0.095583, -0.0516305, 2
-0.53537, -0.154699, 0.0852686, -5.87489e-06, -0.000243164, -0.000358542, 2
-0.311881, -0.000524198, 0.273329, -0.0748845, -0.0313926, -0.0428939, 2
-0.586228, 0.0240516, 0.125388, -0.00379033, 0.00506863, -0.00310231, 2
0.229183, -0.148221, 0.0479296, -0.143268, 0.139042, -0.0134557, 2
0.191484, -0.131032, 0.199482, 0.0449777, -0.0703931, -0.0496227, 2
0.479649, -0.491329, 0.161431, -0.0285417, 0.0755644, -0.0116232, 2
0.183035, -0.00938299, 0.107027, -0.00463787, 0.0100911, -0.00148494, 2
0.429336, 0.30165, 0.215423, -0.024345, 0.0317839, -0.00493197, 2
0.0472577, -0.197589, 0.293986, 0.0180657, 0.00924161, -0.0166735, 2
-0.201475, 0.328937, 0.141426, 0.00513869, -0.0472489, 0.00184738, 2
-0.590872, 0.423531, 0.260242, 0.000140142, 0.000479227, 0.000854412, 2
-0.249798, -0.518314, 0.102621, 0.00518719, 0.00704545, 0.00094412, 2
-0.41641, -0.474578, 0.266124, -0.130535, 0.0188582, 0.0320951, 2
0.0851418, 0.384568, 0.0715783, -0.0566964, 0.0150297, -0.0514995, 2
0.27686, -0.0539117, 0.196311, -0.0110736, -0.0843844, 0.0153924, 2
-0.18514, -0.204226, 0.23097, -0.000848347, -0.000190926, -0.000440201, 2
0.460582, 0.608773, 0.0711331, 0.00170124, 0.000217138, 0.0101503, 2
-0.371238, 0.408145, 0.304037, -0.0189075, 0.000408865, -0.0260961, 2
0.490455, -0.174561, 0.0971483, 0.167445, 0.0891042, 0.18752, 2
0.406471, 0.253927, 0.0218917, 0.00214666, 0.000786871, -0.000604927, 2
-0.28775, 0.293019, 0.285265, -0.0561101, -0.017095, -0.0112876, 2
-0.506707, -0.586742, 0.313178, -0.000892137, -0.00155479, -0.000268518, 2
-0.0962252, -0.373189, 0.0370423, -0.0226882, 0.00599685, 0.0108249, 2
-0.291655, 0.341917, 0.290675, -0.0136331, 0.0225241, -0.00355801, 2
-0.00534164, -0.0111864, 0.119706, -0.134507, -0.133332, 0.166124, 2
-0.480024, 0.433637, 0.226141, -0.00203379, 4.90776e-05, 0.00332625, 2
0.443855, 0.264255, 0.220843, -0.0105448, 0.0381219, -0.017391, 2
-0.53154, 0.522981, 0.165389, -0.00641517, -0.0117163, 0.0161413, 2
-0.57532, 0.383472, 0.279239, -0.00243601, 0.000943237, 0.000668039, 2
-0.186727, 0.15998, 0.18523, -0.0270485, -0.00813302, -0.0154206, 2
-0.0991602, 0.502193, 0.100994, -0.0148497, 0.00747011, -0.0106506, 2
-0.218026, 0.625449, 0.111799, 0.0072763, 0.0120353, 0.0320937, 2
-0.225242, -0.10074, 0.175993, 0.0189171, 0.0020724, 0.0011943, 2
-0.0770731, 0.237569, 0.103981, -0.0563767, 0.096307, 0.0154885, 2
-0.174299, -0.397736, 0.258676, 0.00139491, -0.0111075, 0.0691583, 2
0.304527, -0.247797, 0.209594, -0.0739714, 0.184961, 0.0345495, 2
-0.0508367, -0.433905, 0.118167, -0.000165114, -0.00249543, 0.00153858, 2
-0.427391, -0.335481, 0.0914214, -0.0195927, 0.00185193, 0.00627587, 2
0.234164, -0.280838, 0.0297986, -0.0308025, 0.0138088, -0.0455765, 2
0.0911941, 0.162398, 0.227285, 0.00592585, -0.0224615, -0.0108631, 2
-0.427812, -0.566725, 0.195342, -0.0931569, 0.217363, 0.270855, 2
-0.0238351, -0.154788, 0.194213, -0.00659763, 0.00755412, -0.00968428, 2
0.423362, 0.249933, 0.0115376, -0.000116418, 0.000197632, 0.00609441, 2
-0.132592, -0.457104, 0.228421, 0.0553158, -0.0511777, 0.119826, 2
0.283334, -0.00143941, 0.286478, 0.00626073, -0.0100542, 0.0149418, 2
0.0581098, -0.326876, 0.0670376, -0.00228294, -0.0248692, -0.0216474, 2
-0.363441, 0.252251, 0.116052, -0.00893297, 0.0140821, 0.00957539, 2
0.109227, 0.454823, 0.189673, -0.0831491, 0.211178, 0.0386562, 2
0.474913, 0.0590236, 0.276954, 0.00765022, 0.0150809, -0.0218136, 2
0.594107, -0.479746, 0.160063, 0.000149454, 0.00025021, -0.000122748, 2
0.243319, -0.277594, 0.175872, 0.0130146, 0.0261661, -0.0186038, 2
-0.235241, 0.328535, 0.294666, 0.0178151, 0.0357785, 0.00434694, 2
0.541613, 0.121934, 0.199658, -0.0185113, -0.00852216, 0.00210964, 2
0.587764, 0.619305, 0.242873, -0.0127309, 0.0106065, 0.0116428, 2
0.24152, 0.272676, 0.0850224, 0.00819973, 0.0127012, 0.00216411, 2
0.127503, -0.299178, 0.160794, -0.0464011, 0.00475229, 0.0387335, 2
0.395654, -0.0326557, 0.066366, -0.013582, -0.0168785, -0.00780877, 2
-0.400065, -0.553392, 0.022581, 0.0362427, 0.103977, -0.242721, 2
0.358625, 0.551484, 0.194828, -0.00264479, -0.00705384, 0.014261, 2
0.206514, 0.515628, 0.232382, 0.0976031, 0.0888388, 0.334433, 2
-0.413163, 0.128983, 0.00549292, -0.00799791, -0.00955278, -0.00387223, 2
0.290326, 0.523706, 0.245117, 0.0152266, 0.00838391, -0.0236068, 2
0.209062, 0.435356, 0.11811, 0.00340784, -0.0722278, 0.0362581, 2
-0.252232, 0.393156, 0.115445, 0.0585271, 0.0297179, -0.0873826, 2
-0.540667, 0.00471233, 0.0261234, -0.0196673, 0.00334532, -0.00505527, 2
-0.200577, -0.497748, 0.10882, -0.00670311, -0.0183383, -0.00577489, 2
0.4426, 0.527869, 0.258147, -0.018875, 0.0182926, -0.0123646, 2
-0.551863, -0.502159, 0.277289, -0.00440271, 0.000298618, -0.000308036, 2
-0.461539, 0.48643, 0.25767, -0.00224445, 0.00231541, 0.000801038, 2
0.317772, 0.0629805, 0.229086, 0.0607157, -0.0090836, -0.042865, 2
-0.0126255, 0.279781, 0.103841, -0.0168976, 0.0341664, -0.0334072, 2
0.00934617, -0.0598566, 0.0772765, -0.0152417, -0.0821027, -0.0393032, 2
-0.270111, -0.480758, 0.0286246, 0.0235685, -0.0122563, 0.00037064, 2
0.202329, -0.103027, 0.284404, -9.88831e-05, 0.00355039, 0.0173729, 2
-0.595817, -0.0137297, 0.128092, -0.0116137, 0.00926684, 0.000324644, 2
-0.491323, 0.415657, 0.161146, 0.0197298, 0.0114892, 0.0437429, 2
-0.0560443, 0.228293, 0.135622, 0.0155457, 0.0238415, 0.117215, 2
-0.283385, 0.306394, 0.167573, -0.0500976, 0.0352522, 0.0311091, 2
-0.434154, 0.474819, 0.13169, 0.00950682, 0.0114484, 0.00214472, 2
0.596525, 0.162628, 0.304926, -3.00449e-05, 0.00362953, 0.00438, 2
0.252942, -0.479961, 0.21738, 0.063819, -0.0794989, -0.000826891, 2
-0.591622, 0.159348, 0.0449253, -0.575188, 0.188044, 0.216823, 2
-0.282516, 0.519201, 0.0822266, 0.00424057, -0.279984, -0.116359, 2
-0.168017, 0.091566, 0.213961, 0.00760006, -0.0208977, -0.0429501, 2
-0.290326, 0.125713, 0.0530376, 0.00481661, -0.00539223, -0.00286548, 2
0.22204, 0.264353, 0.314443, 0.0034727, -0.0185355, -0.0657898, 2
-0.393304, -0.421655, 0.214025, -0.0892352, 0.032582, 0.0272553, 2
0.149184, -0.075076, 0.133133, 0.0546932, 0.00891395, -0.0495531, 2
-0.44045, 0.120734, 0.0943464, 0.0280428, -0.200736, -0.195207, 2
0.086309, 0.0872957, 0.292494, 0.0317317, -0.0154983, 0.00705685, 2
0.0460853, -0.289726, 0.015013, -0.000852138, -0.00130336, 0.000255381, 2
-0.344321, -0.251384, 0.212341, -0.0243071, 0.0193341, -0.000605726, 2
-0.16462, 0.0960637, 0.18465, -0.018114, -0.019829, -0.0135616, 2
0.164287, 0.55801, 0.0500509, 0.0460689, 0.00097386, -0.0485194, 2
-0.239796, -0.36228, 0.23897, -0.00218932, 0.00595269, 0.0688668, 2
-0.0276462, 0.489724, 0.147567, -0.0443741, -0.0397321, 0.0144116, 2
-0.0298026, -0.533544, 0.199645, -0.00345787, 0.00381768, 0.0115638, 2
-0.433629, 0.245603, 0.0233847, 0.00119948, -0.00400308, -0.00919375, 2
0.0989013, 0.435116, 0.211059, -0.152698, -0.0353979, 0.30251, 2
0.476287, -0.108538, 0.0753921, 0.002911, 0.036817, -0.0110083, 2
0.386337, 0.567511, 0.160451, 0.0281379, -0.0218232, 0.0472589, 2
0.446389, -0.406773, 0.255096, 0.639063, -0.147909, 0.0595315, 2
0.0358262, 0.0585705, 0.121621, 0.00209962, 0.0516994, -0.0148609, 2
-0.4855, -0.407106, 0.103633, -0.0100161, -0.032352, 0.0191521, 2
-0.285296, -0.016939, 0.170554, 0.00688929, -0.00173721, -0.0120141, 2
-0.589343, 0.585378, 0.135494, -0.00930633, 0.00241747, 0.00172057, 2
0.000926309, -0.0743878, 0.159599, -0.0245903, -0.00589455, -0.00846032, 2
-0.460423, 0.121946, 0.0635086, -0.023856, -0.0263873, -0.0538117, 2
-0.366884, -0.409116, 0.0147968, 0.065329, 0.0743251, -0.113858, 2
0.477352, -0.562792, 0.145153, 0.00497504, -0.0324873, -0.0125104, 2
-0.481007, 0.453508, 0.12954, 0.013494, 0.00443991, 0.00529889, 2
0.160799, 0.269934, 0.185337, 0.032167, 0.00141787, 0.0206138, 2
-0.0787425, -0.324203, 0.0424891, 0.0161203, 0.00252137, 0.0149334, 2
0.407743, -0.179739, 0.0982035, -0.028132, 0.141995, 0.0354755, 2
-0.437652, 0.164928, 0.25146, 0.000669757, 0.049358, 0.000788503, 2
0.244563, 0.205549, 0.240313, -0.00666738, -0.00478966, 0.00473147, 2
-0.473388, -0.423488, 0.0642255, 0.0135117, 0.0106529, 0.0124862, 2
0.165006, -0.253948, 0.252203, -0.0466571, -0.0588995, -0.00953318, 2
0.419041, 0.00913207, 0.307415, -0.010669, -0.00344948, 0.00989718, 2
0.478228, -0.143479, 0.00922594, -0.0128154, 0.0637684, -0.0561137, 2
-0.201087, 0.00547757, 0.280094, -0.00789752, -0.0166312, 0.0129768, 2
0.317072, -0.463687, 0.190087, -0.0155478, -0.0181697, -0.00815173, 2
-0.201505, 0.0875343, 0.266527, -0.0345493, 0.0431007, -0.00548442, 2
-0.0315489, -0.134686, 0.0641011, 0.0193704, 0.0173361, 0.000278722, 2
0.361265, 0.0576251, 0.262824, 0.0337672, 0.00611791, -0.018383, 2
0.107176, -0.327775, 0.15672, -0.0553914, 0.018411, 0.00530466, 2
-0.191497, -0.1712, 0.208339, -0.000211689, -3.97909e-05, -0.000219582, 2
0.0654046, 0.62377, 0.302343, -0.0643464, 0.0793758, -0.00460249, 2
-0.185711, 0.412847, 0.147135, 0.0221948, 0.0351033, 0.0216002, 2
-0.215978, 0.261111, 0.268756, -0.0297805, -0.0588459, 0.11818, 2
-0.179074, -0.569939, 0.112635, -0.00249327, -0.00492658, -0.00598849, 2
-0.318626, 0.377096, 0.154204, -0.0497575, -0.0805654, 0.015077, 2
0.441721, -0.454372, 0.0185967, -0.0010388, -0.000378537, 0.00336777, 2
0.247901, 0.144042, 0.142416, -0.346163, -0.176275, 0.0292588, 2
0.504305, -0.124656, 0.314313, -0.000814006, 0.00346329, -0.000380015, 2
0.295675, 0.612484, 0.0748785, -0.00484054, -0.0021057, 0.000838073, 2
-0.337371, -0.208977, 0.189569, -0.000533147, -0.0536525, 0.0184235, 2
0.495986, 0.486391, 0.188021, -0.00656486, 0.000610542, 0.00478169, 2
0.445431, -0.329283, 0.133742, 0.00145308, 0.00351269, 0.00337137, 2
-0.225955, 0.084702, 0.0415288, -0.000529035, 0.0011144, 0.000550231, 2
-0.410857, 0.535591, 0.0565348, 0.00705153, 0.00705094, -0.00433275, 2
0.0396828, -0.412998, 0.3083, -0.000544003, 0.000917358, 0.00078838, 2
-0.603428, -0.601241, 0.0372158, 0.00208342, 0.00150605, 0.000109216, 2
-0.529041, 0.276624, 0.230717, 0.0119408, -0.00304701, -0.0279802, 2
0.040623, 0.150966, 0.0420622, -0.00369806, -0.000238127, -0.011152, 2
0.0379488, -0.183323, 0.0376923, -0.00898264, -0.00945283, -0.00975529, 2
0.337463, 0.109269, 0.142939, 0.082959, -0.265169, -0.029904, 2
-0.164186, -0.0247085, 0.107046, -0.000716504, 0.00238724, 0.00295766, 2
0.587898, -0.209241, 0.182216, 0.0456885, 0.144684, 0.088815, 2
-0.137062, 0.194768, 0.0459004, 0.0657008, -0.0655397, -0.0493969, 2
0.0290533, 0.413875, 0.0223073, 0.085158, 0.0331893, -0.0639891, 2
0.255192, -0.176406, 0.0765486, 0.0678739, -0.12883, 0.201809, 2
0.228464, -0.149871, 0.0837293, -0.0888403, 0.0142902, 0.131929, 2
0.377327, -0.0489483, 0.310376, 0.000335698, 0.000285421, -0.000375979, 2
0.0402692, 0.621638, 0.190627, -0.000122712, -0.00759633, -0.000187868, 2
0.208518, 0.0296235, 0.302287, -0.00240161, 2.97186e-05, 0.00193038, 2
0.359287, -0.262877, 0.172113, 0.0374857, -0.0217711, -0.0660717, 2
-0.328884, 0.2029, 0.00844515, -0.00360779, -0.00784032, -0.0230172, 2
0.0992985, 0.160834, 0.113626, 0.0276568, 0.0141569, 0.0405615, 2
-0.431765, -0.606191, 0.0048269, -0.0146327, -0.0304081, -0.017654, 2
-0.248164, 0.0528259, 0.265786, -0.00653201, -0.0135147, -0.0246348, 2
-0.158934, -0.321945, 0.0641941, -0.0188112, -0.0340898, 0.0107921, 2
0.14726, 0.536483, 0.184217, -0.121429, 0.106001, -0.0973549, 2
0.482177, 0.283847, 0.0144894, 9.86424e-05, -0.000296158, 0.00537793, 2
0.463755, -0.305847, 0.0124081, 0.015258, 0.00948481, -0.0330457, 2
-0.0336659, 0.532634, 0.177305, -0.00838834, 0.0176558, 0.00760615, 2
-0.0844462, 0.261958, 0.269076, -0.0875309, -0.162589, -0.0478353, 2
0.604006, 0.563037, 0.162311, 0.288658, 0.0542072, 0.149134, 2
-0.62214, 0.0323719, 0.0450283, -0.000875232, -0.0193854, 0.00935058, 2
-0.167637, 0.23057, 0.0509715, -0.0395645, 0.114435, -0.0349876, 2
-0.148329, 0.61237, 0.221669, 0.000197907, 0.0012432, -0.00871272, 2
-0.34511, -0.176528, 0.298673, 0.00537208, 0.000965443, 0.00565427, 2
-0.0883338, 0.600695, 0.275303, 0.0281464, 0.00520582, 0.00357931, 2
-0.611391, 0.452909, 0.188774, -0.00120086, 0.00336391, 0.00120234, 2
-0.553434, 0.2867, 0.269803, 0.0963269, 0.0575724, 0.00821151, 2
-0.503801, -0.376929, 0.245471, 0.168566, -0.229299, 0.0983867, 2
0.205418, 0.168588, 0.153469, -0.0349289, -0.000848901, 0.0330401, 2
0.0217968, 0.142631, 0.136738, -0.00192577, -0.00478876, -0.000236981, 2
-0.588888, 0.150454, 0.302322, -0.00733319, 0.0694184, 0.0340034, 2
-0.408774, 0.612781, 0.202473, -5.31253e-05, -0.00477483, -0.000224243, 2
-0.204888, -0.165512, 0.198075, 0.000194268, -0.000655163, 1.17547e-05, 2
-0.57814, 0.119342, 0.311434, 0.00236862, -0.0374628, 0.0224834, 2
0.616554, -0.598956, 0.304117, -0.00534251, 0.000242386, 0.0028274, 2
0.45784, -0.580383, 0.259853, 0.00420536, -0.00150102, -0.000420175, 2
-0.0469901, -0.503854, 0.174037, -0.0039052, 0.0115047, -0.00857741, 2
-0.227704, -0.377692, 0.237296, 0.00526594, -0.0343737, 0.0498317, 2
-0.505748, 0.45769, 0.121952, -0.0027308, 0.0479494, 0.0163357, 2
0.10813, -0.150477, 0.00011881, 0.00338195, -0.00194076, 0.00595388, 2
-0.604846, -0.109401, 0.195223, 0.000696451, 0.00028826, -0.00105515, 2
0.604441, 0.111788, 0.190928, 0.0305643, -0.0335797, -0.0107723, 2
0.154407, 0.536863, 0.307041, -0.00133059, -0.00433521, 0.00703057, 2
-0.31322, 0.588687, 0.179385, -0.0319299, 0.0206559, 0.0183748, 2
-0.327412, 0.575277, 0.187137, -0.0468268, 0.00977183, 0.0123162, 2
-0.370872, 0.403154, 0.199532, -0.0586033, 0.041311, -0.0166708, 2
-0.591387, -0.2738, 0.23106, -0.023324, 0.0205741, -0.0262338, 2
0.104762, 0.12846, 0.294128, 0.0109077, -0.0269584, -0.017473, 2
-0.205982, 0.252675, 0.251059, 0.0228957, -0.0979379, -0.0557727, 2
0.281826, -0.269158, 0.0559491, 0.0292893, -0.00773812, 0.034789, 2
0.282301, -0.244041, 0.18609, -0.0614865, 0.0902216, -0.0619598, 2
-0.196732, -0.269564, 0.0565458, -0.015535, -0.00378502, -0.0149961, 2
0.566978, 0.514807, 0.0332708, 0.0057353, 0.00280355, -0.000399289, 2
0.535214, -0.428377, 0.0229517, 0.00688435, -0.038724, -0.0822968, 2
-0.0071723, -0.125826, 0.00928014, 0.00196162, 0.00317129, 0.00388189, 2
-0.51855, 0.133265, 0.26756, -0.0186651, 0.0269659, -0.0896448, 2
0.279578, 0.171842, 0.0416188, 0.163619, 0.0764011, -0.368486, 2
-0.0561102, -0.35336, 0.231225, 0.00538773, 0.00288913, 0.00245714, 2
-0.139527, 0.0706223, 0.136902, 0.00857808, -0.0305618, -0.021068, 2
-0.395217, -0.277515, 0.227104, 0.00131759, 0.00324357, 0.00534294, 2
-0.171421, -0.625177, 0.00860263, -9.6699e-08, 0.00998254, 0.00793185, 2
0.572938, -0.191946, 0.0987026, 0.0138307, 0.120293, -0.0237602, 2
-0.460806, -0.254931, 0.0699135, -0.00832012, 0.0153765, -0.00555358, 2
-0.327722, -0.349681, 0.12031, -0.0637218, 0.0408238, -0.12479, 2
-0.235916, 0.27311, 0.246345, -0.0866245, 0.0207998, -0.0810252, 2
-0.198795, 0.384523, 0.12217, 0.0263376, 0.0286754, 0.00107909, 2
-0.388484, 0.034138, 0.00763977, 0.000535056, 2.55955e-05, 0.0080417, 2
-0.222009, 0.607991, 0.0767908, 0.0561273, 0.126089, 0.0671107, 2
-0.557038, -0.161499, 0.251937, 0.00935083, -0.0147155, 0.0123542, 2
-0.00942778, 0.0732474, 0.0250676, 0.166388, -0.0282702, -0.0484971, 2
-0.36094, 0.53179, 0.0262642, -0.00519511, -0.0078786, -0.0169914, 2
-0.326529, 0.474764, 0.135769, -0.00900226, -0.00255929, -0.00312157, 2
0.0682811, -0.616005, 0.229527, 0.000998662, -0.000909822, 0.00164612, 2
0.347935, -0.313764, 0.299597, -0.00720828, -0.000254145, 0.0086202, 2
-0.430751, 0.0802839, 0.210384, -0.0412148, -0.134555, -0.0721867, 2
0.554627, 0.511452, 0.149024, -0.0570156, -0.145333, -0.025919, 2
-0.216619, -0.506995, 6.76073e-05, 0.00160434, -0.00248315, 0.0106183, 2
-0.18606, -0.0990408, 0.309556, 0.000842336, -0.00327868, 0.00677923, 2
0.121103, -0.026115, 0.111691, -0.00991258, 0.0262556, -0.0194, 2
-0.131075, 0.594421, 0.287493, 0.00636152, 0.0396033, 0.00934003, 2
-0.0308044, -0.396483, 0.26295, 0.00297485, 0.00646591, 0.00166917, 2
0.0742525, -0.0930485, 0.22415, 0.093264, -0.071148, 0.234707, 2
0.617327, 0.605196, 0.22764, 0.0228991, 0.00227269, 0.000654031, 2
0.275507, 0.323168, 0.30669, 0.00560713, -0.0171099, 0.0096393, 2
0.213969, 0.52238, 0.16927, 0.145119, 0.043416, -0.140093, 2
-0.204422, 0.447044, 0.139642, 0.00929474, 0.0164427, -0.00140061, 2
0.391674, -0.399538, 0.170384, -0.00870829, -0.00240754, -0.0552159, 2
0.391944, 0.0443654, 0.303115, 0.00361089, -0.00563787, 0.0114102, 2
0.370243, -0.464495, 0.139095, -0.0047707, -0.0135277, -0.00505147, 2
-0.442922, 0.0343939, 0.130209, -0.0103019, 0.00402794, -0.0015269, 2
-0.552875, -0.626374, 0.18858, -7.33552e-05, 0.0105456, -0.000177664, 2
0.498925, 0.077842, 0.00782672, 0.0186645, -0.0275975, -0.0226794, 2
0.135599, 0.0652055, 0.00163486, -0.000421966, -0.00170435, 0.0107198, 2
-0.213768, -0.289251, 0.239918, 0.00951947, 0.0203463, 0.00798089, 2
-0.246935, 0.554681, 0.213022, 0.0192506, 0.024438, 0.0234881, 2
0.430144, -0.279705, 0.167292, 0.00395426, -0.0110091, 0.000564898, 2
-0.271214, -0.517994, 0.224898, 0.0437577, 0.0625796, -0.0229969, 2
0.410322, 0.503914, 0.0784986, -0.00217214, -0.00062964, 0.000334125, 2
0.362855, 0.244193, 0.119866, -0.00730682, 0.0515642, -0.0091382, 2
-0.340692, 0.431235, 0.285955, 0.00305272, 0.00808157, -0.0156104, 2
0.180146, 0.508323, 0.286853, -0.0219112, -0.0145489, 0.108261, 2
-0.325462, 0.377285, 0.148822, -0.0869758, -0.0658824, -0.0372696, 2
-0.294155, -0.117079, 0.00763271, 0.00710233, 0.0160423, -0.00550077, 2
-0.287615, 0.299117, 0.0928107, 0.134736, 0.062946, 0.105665, 2
-0.587872, -0.577782, 0.0739901, -0.00122464, -0.00158513, -0.000843027, 2
0.264215, 0.482326, 0.161555, 0.0269226, -0.00808465, -0.00624839, 2
-0.326544, -0.418852, 0.189547, -0.0823269, -0.45914, 0.0423183, 2
0.573048, 0.621434, 0.158035, 0.024489, 0.18332, -0.0111948, 2
-0.372884, 0.354325, 0.061592, 0.022384, 0.0745036, -0.0219294, 2
0.106579, -0.61633, 0.0119098, -3.99592e-06, 0.00606712, 0.00627932, 2
-0.00952694, 0.19378, 0.296481, -0.0172486, 0.029725, -0.00164621, 2
-0.122044, 0.498282, 0.233312, 0.0121639, -0.00556219, 0.00122603, 2
0.473245, -0.425837, 0.0465512, -0.0447376, -0.00100876, -0.0201671, 2
0.503776, -0.0834884, 0.278821, -0.0023696, -0.00152513, 0.00295929, 2
-0.384908, -0.0413967, 0.291867, 0.0123934, -0.0283508, -0.0359296, 2
-0.0889476, -0.407145, 0.254957, 0.00867741, 0.00336064, 0.0220398, 2
0.557272, -0.103726, 0.307735, -0.00083894, -0.00107952, 0.00186532, 2
0.0555335, -0.160641, 0.305603, 0.0186147, 0.00143789, 0.00513621, 2
-0.572255, 0.0964386, 0.236693, -0.0244083, -0.0249886, -0.030615, 2
-0.325886, -0.426946, 0.240101, 0.0166043, -0.0669837, 0.119566, 2
-0.278247, 0.193491, 0.131055, -0.0527674, -0.549762, -0.786132, 2
-0.352248, -0.558516, 0.098135, 0.0368627, 0.0100323, 0.0284055, 2
0.580999, 0.544693, 0.149167, 0.118756, -0.168018, -0.00863279, 2
-0.492723, 0.418505, 0.285785, -0.00104127, 0.00663045, 0.00337556, 2
0.622562, -0.596366, 0.117945, -0.000603032, -0.00736213, -0.00367289, 2
0.530102, -0.0553504, 0.17365, -0.090813, 0.0820079, 0.0180904, 2
0.290003, -0.128042, 0.305209, -0.0292136, 0.00802147, -0.058574, 2
0.261016, 0.557455, 0.107558, 0.00128897, 0.00513176, -0.00353274, 2
0.223499, 0.615164, 0.289159, -0.0014611, -0.00184195, -0.00573004, 2
-0.0896559, -0.340686, 0.0249317, -0.00669199, -0.00229073, -0.0125584, 2
-0.389178, 0.0110299, 0.230795, -0.0274104, -0.00884206, 0.0162229, 2
0.135044, 0.288745, 0.248657, -0.00158765, 0.000831064, 0.00627864, 2
0.527584, 0.239781, 0.227339, 0.0272314, 0.00536393, -0.00854051, 2
-0.135676, 0.377022, 0.174475, 0.0100221, 0.0070625, -0.0102297, 2
-0.252461, 0.369621, 0.182874, 0.0335992, -0.0905202, 0.10708, 2
0.219321, 0.269759, 0.0115456, 0.0322529, -0.0177715, -0.029753, 2
-0.346006, -0.0702014, 0.137026, -0.00529792, 0.0072056, -0.00376133, 2
-0.385095, -0.439149, 0.118899, -0.0307241, -0.0593607, 0.0258002, 2
0.0451388, 0.414314, 0.115199, -0.0175424, 0.0166019, 0.00158757, 2
-0.0581524, -0.305306, 0.187518, 0.00408162, -0.021719, 0.00735401, 2
0.0415742, -0.0645196, 0.0327846, -0.00314163, 0.0042287, -0.0141567, 2
-0.295172, -0.559439, 0.262462, 0.0962161, -0.148726, 0.129198, 2
-0.56047, 0.598109, 0.164916, -0.00887382, 0.0047177, 0.0104038, 2
0.348887, -0.167531, 0.101681, -0.0639975, 0.0562022, 0.00366746, 2
-0.213141, 0.209972, 0.0365953, -0.0393102, 0.000642793, -0.00897579, 2
0.518355, -0.200671, 0.261526, 0.0884903, 0.0615835, -0.0198258, 2
0.564538, 0.0832869, 0.0864847, -0.00300486, -0.00848898, 0.00689856, 2
-0.147286, 0.328156, 0.134188, 0.0126757, -0.011386, 0.0177921, 2
0.328309, -0.256669, 0.0802759, -0.0711353, -0.00230904, 0.0133135, 2
-0.470823, 0.315142, 0.16144, 0.199728, 0.0743884, 0.221812, 2
0.279249, -0.273247, 0.302801, -0.000984716, -0.000359705, -0.000456975, 2
0.410388, 0.0615445, 0.00545075, -0.00453543, -0.000318517, 0.0029251, 2
0.200308, 0.131038, 0.312469, 0.000531405, -0.00128068, 0.0060301, 2
-0.399954, -0.150039, 0.113095, -0.0176133, -0.00565472, -0.00197853, 2
0.00676988, 0.266784, 0.00809735, -9.12666e-05, -0.000504767, 0.0079231, 2
0.153151, 0.155176, 0.115421, -0.0138161, 0.00689176, 0.0248028, 2
-0.0606724, 0.0897504, 0.293733, -0.0481374, -0.00767071, 0.00106269, 2
0.285266, 0.572428, 0.218281, 0.00104778, 0.015851, 0.0171228, 2
-0.437907, 0.270774, 0.311605, -0.00217006, -0.00257697, 0.00407121, 2
-0.116804, 0.429915, 0.232899, -0.00557359, 0.00740559, 0.00424686, 2
0.528958, 0.079201, 0.00709668, 0.0251447, -0.00665613, -0.00227238, 2
0.480236, -0.140374, 0.179974, -0.00807031, 0.00844682, 0.00207736, 2
0.502039, -0.57003, 0.0552422, 0.00899458, -0.11613, 0.0801847, 2
0.491988, -0.34002, 0.175223, -0.00259985, 0.00123329, -0.000779474, 2
-0.315558, 0.296713, 0.0844285, -0.19936, 0.0242645, 0.0853905, 2
-0.283169, -0.180099, 0.280713, 0.000696237, 0.000659392, -0.000667965, 2
0.178513, 0.389192, 0.14566, 0.0160548, -0.00938712, 0.00583268, 2
0.0935188, 0.0444949, 0.131276, 0.0330301, 0.00479957, -0.0371813, 2
-0.293284, 0.236551, 0.0414791, 0.064182, -0.0861387, 0.00817509, 2
-0.306791, -0.510216, 0.306449, 0.0147024, 0.00987829, 0.0457282, 2
0.624806, -0.611221, 0.168758, -0.00924528, 0.00167974, 0.00326447, 2
-0.606734, 0.498978, 0.291155, 0.0028292, -7.61798e-05, -0.000275552, 2
0.11316, 0.371054, 0.306139, 0.0213807, 0.00429565, -0.0352222, 2
0.334129, 0.233079, 0.063643, 0.0278387, 0.0258308, -0.047564, 2
-0.224904, 0.547484, 0.295312, -0.0394066, -0.0264967, 0.0825445, 2
0.11281, -0.365649, 0.0927966, 0.000260472, -0.00294393, -0.00778991, 2
-0.024263, 0.442828, 0.0326037, -0.0937457, 0.0342933, -0.0355458, 2
0.558378, -0.0936166, 0.201218, -0.00227915, 0.107706, 0.119393, 2
-0.176444, 0.243063, 0.102865, -0.0312129, 0.0946584, 0.013663, 2
-0.0105271, 0.566235, 0.132802, 0.0182805, 0.0223607, 0.00237305, 2
-0.0446591, 0.561078, 0.137488, 0.00123325, 0.0191591, -0.0107505, 2
-0.629554, 0.584307, 0.104741, 0.0119819, 0.000320614, -0.000134871, 2
0.535068, 0.0675039, 0.040014, 0.0119366, -0.00746256, 0.0046317, 2
0.499696, -0.22833, 0.255775, 0.0576377, -0.0747384, -0.0958357, 2
-0.505659, 0.176729, 0.235155, 0.0272886, -0.0250539, -0.069107, 2
-0.584337, -0.340424, 0.301233, -0.00641438, -0.0688703, 0.0571297, 2
-0.213151, 0.265276, 0.254449, -0.0190501, -0.0184404, -0.0318475, 2
-0.0827358, 0.19369, 0.0735544, -0.0114373, -0.0345583, -0.0854732, 2
-0.53779, -0.612716, 0.291811, -1.94943e-05, 0.00472218, -0.000261933, 2
-0.126329, 0.00671983, 0.275879, -0.0317031, -0.0145416, 0.0449035, 2
0.404879, 0.592024, 0.258658, -0.00285592, 0.0055573, 0.00178157, 2
-0.305097, 0.592434, 0.247243, -0.0109441, -0.00448744, -0.0122796, 2
0.113868, 0.497538, 0.106629, 0.0353499, -0.0893709, 0.146758, 2
0.273924, 0.367271, 0.207037, 0.000673986, 0.00430104, 0.00652075, 2
0.0370951, 0.491576, 0.0937283, 0.169592, -0.140679, 0.0254259, 2
-0.282213, 0.537202, 0.166113, -0.0351117, 0.0244791, -0.0819453, 2
-0.337207, -0.305912, 0.0749413, 0.0281251, 0.116701, -0.034447, 2
-0.579336, 0.241316, 0.280855, 0.0274086, -0.140085, 0.0175148, 2
-0.285119, 0.33349, 0.285167, -0.0201314, 0.036002, -0.0131606, 2
-0.377801, -0.422803, 0.129356, -0.0527169, -0.0541316, 0.034961, 2
-0.534212, 0.61204, 0.119871, -0.013999, 0.0416646, 0.00409647, 2
0.500418, -0.32302, 0.110488, -0.014981, 6.75183e-05, 0.00289436, 2
0.229466, 0.420811, 0.0773822, -0.00736162, -0.0832874, 0.00408103, 2
-0.603947, 0.0647715, 0.0117091, -0.039036, -0.0722314, -0.0607504, 2
0.224201, -0.528097, 0.292094, -0.0226287, -0.027893, -0.00235148, 2
0.599114, -0.180347, 0.268904, 0.00223631, -0.00774543, 0.0138497, 2
0.0036398, 0.11241, 0.0349348, 0.0618911, 0.0428728, 0.00600005, 2
0.303405, 0.163037, 0.252755, -0.00704175, 0.00127272, 0.00861164, 2
0.166898, 0.507881, 0.178636, -0.135048, -0.0582873, -0.180138, 2
0.0476369, -0.499883, 0.230426, 0.00530043, 0.00154273, 0.00054244, 2
0.565059, -0.404132, 0.225946, -0.0147416, -0.0128759, -0.0156849, 2
-0.215384, -0.533677, 0.302681, 0.00775622, 0.000372813, 0.00523887, 2
0.22657, 0.325752, 0.250393, -0.0396826, 0.0161645, -0.00338044, 2
0.536099, 0.351769, 0.109095, 0.0271605, 0.0105744, -0.0929673, 2
0.582935, -0.0539936, 0.134562, 0.0196891, 0.0590684, -0.0935607, 2
0.491384, -0.0848429, 0.246966, -0.00658886, 0.000376275, 0.00243798, 2
0.307071, 0.54876, 0.117578, -0.00733372, -0.00145344, -0.0144439, 2
0.446811, 0.222202, 0.000845915, -0.00122906, 0.000553748, 0.00974288, 2
0.197902, -0.240864, 0.285307, 0.0359569, 0.00804822, 0.038726, 2
-0.34748, 0.436736, 0.00284548, -0.000688304, 0.0100234, -0.0216224, 2
0.574226, 0.371832, 0.0593034, 0.00277773, -0.00340129, -0.00714801, 2
0.218081, -0.473515, 0.0833751, 0.0134063, -0.00740331, 0.0301406, 2
0.16888, 0.383018, 0.00732236, 0.00107976, 0.000338416, 0.00381817, 2
-0.089474, 0.289153, 0.252755, -0.150137, 0.0505118, -0.216155, 2
0.346907, 0.242125, 0.0817662, 0.0244266, 0.0348694, -0.000104398, 2
-0.374772, 0.103545, 0.218046, 0.133471, 0.0332488, -0.0916847, 2
0.613092, -0.219347, 0.197746, 0.104811, 0.128648, 0.0483607, 2
-0.176524, -0.4025, 0.0958052, 0.0141988, 0.0520674, -0.0233557, 2
-0.17314, 0.425366, 0.19308, -0.00063725, 0.00450451, 0.0014944, 2
-0.291839, -0.552077, 0.144773, -0.00357872, -0.00487857, 0.0139554, 2
-0.280457, -0.607815, 0.0802406, 0.0510858, -0.0302788, 0.179544, 2
-0.0432432, 0.240229, 0.119353, 0.0523093, 0.0407523, 0.0372346, 2
0.290257, -0.220854, 0.0576163, -0.00741995, -0.0662199, 0.0508506, 2
0.319547, 0.319635, 0.287395, 0.0213346, -0.00483087, -0.00889102, 2
0.0706417, 0.0365788, 0.190436, 0.0548943, -0.000329932, -0.00759568, 2
0.397707, 0.29177, 0.0588313, 0.00196688, 0.0082222, -0.00752286, 2
0.00996499, 0.274899, 0.161485, -0.0883935, 0.0843196, 0.0584589, 2
-0.45898, -0.531588, 0.218351, -0.0223516, 0.0598223, 0.0351398, 2
-0.0757589, -0.0747653, 0.167202, 0.00400593, 0.0082176, 0.00546091, 2
-0.563365, 0.263359, 0.186674, -0.000543108, 0.0135275, -0.00193303, 2
0.0157279, 0.612866, 0.192211, -8.79699e-05, -0.00410909, 0.000536191, 2
0.33669, -0.0603407, 0.0947771, 0.0426943, -0.0277274, -0.00545954, 2
-0.445826, -0.400047, 0.197054, 0.00834927, -0.0134495, -0.00914176, 2
-0.215361, 0.549463, 0.119472, 0.0445811, -0.0126095, 0.0696836, 2
-0.325706, -0.00985847, 0.286108, -0.131316, -0.0947141, -0.0288845, 2
0.436037, -0.242115, 0.20156, 0.0215702, -0.00135024, -0.0343458, 2
-0.588565, 0.397813, 0.112793, -0.0192273, -0.046245, 0.030368, 2
0.0573772, 0.568797, 0.137387, 0.00582902, 0.0176685, 0.0100579, 2
-0.329144, -0.136925, 0.276187, 0.00575492, -0.00550263, 0.0140666, 2
0.339664, -0.0703275, 0.184536, 0.036795, 0.0402314, 0.0392158, 2
-0.173568, 0.575364, 0.180261, 0.00199488, 0.00248661, -0.00573612, 2
0.595274, 0.28209, 0.00768538, -0.000650519, 0.000119478, 0.00829991, 2
-0.285545, 0.466228, 0.0651645, -0.0122813, -0.0324243, -0.0279715, 2
0.502673, -0.379097, 0.0450395, -0.145532, 0.035696, -0.0612519, 2
-0.279365, -0.0748395, 0.200066, 0.0324808, 0.0373353, 0.0246447, 2
-0.39486, -0.268766, 0.297028, 0.00575498, 0.0065083, -0.0181113, 2
0.411378, -0.227367, 0.23899, -0.00205142, 0.0385007, -0.0174015, 2
-0.397375, 0.459974, 0.223698, -0.048798, 0.0373979, 0.0274967, 2
0.152174, -0.499134, 0.0319762, -0.0448317, -0.0345515, -0.00213535, 2
-0.00300559, 0.470494, 0.171885, -0.0169724, -0.050878, -0.0078148, 2
-0.524789, -0.333038, 0.158235, -0.0577092, -0.0765397, 0.00918741, 2
0.196256, -0.367728, 0.0712671, -0.0214975, -0.0376062, -0.00388957, 2
0.226998, -0.023309, 0.0303332, -0.000104886, 0.000399378, 0.000551823, 2
0.487656, -0.1506, 0.0930498, 0.0619989, 0.209737, 0.0689545, 2
-0.592113, 0.199999, 0.231831, -0.0242024, -0.00844194, 0.0247684, 2
0.20815, 0.435102, 0.00714849, -0.00939018, -0.00211659, -0.0123735, 2
0.136334, 0.216516, 0.107798, -0.00342196, -0.00967481, 0.0169597, 2
-0.167632, 0.449105, 0.0653001, -0.0054892, 0.00591948, 0.000577394, 2
-0.532765, -0.0286847, 0.0980075, 0.0191053, 0.00734673, 0.00678582, 2
-0.40486, 0.598273, 0.0581401, -0.00227834, 0.00545006, -0.00122682, 2
0.282681, -0.55648, 0.132371, -0.000705296, -0.0121768, 0.00724105, 2
-0.344305, 0.26974, 0.19793, -0.01281, 0.0135308, 0.00434825, 2
-0.0592365, -0.133225, 0.0346122, 0.00320227, 0.0242611, -0.019678, 2
0.0620961, -0.275533, 0.154453, -0.0496494, -0.0439756, 0.0501105, 2
0.434295, -0.237683, 0.046962, -0.00772678, -0.0330231, -0.0424042, 2
0.101692, 0.600431, 0.313228, 0.091525, -0.0139733, 0.124851, 2
0.130286, 0.106801, 0.209867, 0.000448556, 0.000117379, -0.000719688, 2
0.561476, 0.569132, 0.164652, -0.10664, 0.0253424, 0.235487, 2
-0.43725, -0.593597, 0.314972, 0.000390038, -2.62042e-05, -0.000526506, 2
-0.0452201, -0.368494, 0.307049, 0.00283808, -2.21688e-05, -0.00736858, 2
0.18734, 0.54415, 0.0104382, 0.00738586, -0.00321142, -0.00729238, 2
-0.543101, -0.430118, 0.235364, 0.00110346, -0.0661469, -0.0236917, 2
0.248621, 0.140609, 0.0445669, -0.0464003, -0.050006, -0.263396, 2
0.38707, -0.427258, 0.133175, -0.00146775, -0.0182426, -0.0261234, 2
-0.255045, -0.622926, 0.231245, 0.000867611, 0.0065453, -0.000839351, 2
-0.0671967, 0.108729, 0.223862, 0.00602537, -0.025073, 0.00799405, 2
-0.0742103, -0.390949, 0.093071, -0.00725571, -0.00114401, 0.00564103, 2
-0.494671, -0.459436, 0.0778632, 0.0380916, -0.018388, 0.0408954, 2
0.163936, -0.266723, 0.0869549, 0.00225581, -0.0349439, 0.00390381, 2
0.163895, 0.31802, 0.152322, 0.00622655, 0.0154761, -0.0133073, 2
0.132164, -0.124603, 0.130869, -0.0133781, -0.0629065, -0.0211025, 2
0.173917, -0.0377403, 0.180831, 0.0606773, 0.0539368, 0.00265705, 2
-0.144553, -0.419083, 0.0584919, -0.00174568, 0.0160687, -0.00913635, 2
0.0337144, 0.59795, 0.109168, -0.0066504, 0.0064741, 0.0121237, 2
0.566412, -0.287058, 0.110927, -0.0172757, -0.238984, -0.0340657, 2
0.231465, 0.275708, 0.2956, -0.00508628, -0.00572757, -0.0243245, 2
-0.133016, -0.428465, 0.0403723, -0.0114567, 0.00634525, -0.0350406, 2
0.239268, -0.293173, 0.0830041, 0.016522, -0.00597032, 0.0381595, 2
0.550721, 0.500726, 0.173814, -0.0324157, -0.070974, 0.0604461, 2
-0.361386, 0.0346584, 0.0958283, 0.0168247, 0.0143687, -0.00865114, 2
0.247903, -0.463141, 0.222168, 0.0449938, -0.00651257, 0.0152524, 2
-0.488547, 0.34074, 0.0552425, -0.0329295, 0.0731365, -0.0524348, 2
0.234775, -0.433777, 0.107963, 0.00156241, 0.0135763, 0.00825942, 2
0.468742, 0.229901, 0.0999591, 0.0093862, -0.0223271, -0.0309364, 2
-0.354512, 0.16635, 0.185685, -0.0206427, -0.0419381, 0.020054, 2
0.0891979, -0.232149, 0.0971216, -0.0190291, 0.0655926, -0.158746, 2
0.0116729, 0.264799, 0.147496, -0.120404, 0.0580386, -0.0220248, 2
0.173162, -0.125897, 0.231694, -0.033263, -0.0473543, 0.0893796, 2
0.505179, -0.20514, 0.199384, -0.0203402, 0.00839616, -0.0107489, 2
-0.0594917, 0.0634373, 0.0505582, -0.0892071, -0.0624075, 0.110736, 2
0.323821, -0.318623, 0.0922639, -0.0501961, -0.0287235, 0.0172628, 2
-0.0474317, -0.177207, 0.019958, 0.00438474, -0.0117116, -0.0175425, 2
0.173538, -0.572396, 0.0690047, 0.000665733, -0.000943058, -0.000367941, 2
0.605388, 0.52631, 0.283971, 0.00838259, 0.0052681, -0.0040417, 2
-0.254702, -0.458165, 0.168068, -0.044212, -0.0994152, -0.0408169, 2
0.488039, 0.260996, 0.267521, 0.0331619, 0.0204111, 0.0139805, 2
-0.383401, -0.357294, 0.17623, -0.19404, 0.0176894, 0.00322324, 2
0.206584, 0.445831, 0.302247, -0.00253653, -0.0024399, 0.00184595, 2
-0.126568, 0.321047, 0.0934709, 0.0351688, -0.00462898, 0.00951176, 2
-0.588957, -0.368408, 0.266821, -0.0960204, 0.0328089, 0.0106209, 2
-0.386725, 0.585376, 0.0296744, -0.00471033, 0.00458348, -0.00583958, 2
-0.017669, -0.0920187, 0.142864, -0.00129445, 0.00289567, 0.00322284, 2
0.0621631, -0.548444, 0.157256, 0.00547457, 0.00172691, -0.00700324, 2
0.338182, -0.573019, 0.131342, -0.0283253, 0.0156029, -0.0179044, 2
0.214139, -0.197758, 0.174292, 0.0249304, 0.00556959, -0.000143756, 2
-0.373518, -0.339682, 0.0820501, 0.0212624, -0.0520373, 0.0564865, 2
-0.56336, -0.0931194, 0.150217, 0.000278399, -0.00968654, 0.00658472, 2
0.14156, -0.516499, 0.104184, -0.00582275, -0.00340941, -0.00182776, 2
0.0906193, -0.0131043, 0.0269552, 0.00143118, 0.000406906, 0.000814007, 2
0.464503, 0.0279017, 0.0923439, 0.211208, 0.150421, -0.216124, 2
0.27186, 0.27114, 0.0811972, -0.00635135, 0.0184083, -0.00149143, 2
0.390558, -0.376492, 0.215683, -0.157111, 0.233235, -0.182275, 2
-0.297915, 0.315635, 0.236063, -0.00625865, 0.00710022, -0.00378813, 2
0.331107, 0.0238531, 0.250299, 0.00342249, -0.0426628, -0.00147443, 2
-0.403451, -0.391972, 0.043369, -0.149703, 0.0564511, -0.131538, 2
0.293717, -0.135527, 0.115939, 0.0298068, -0.0107631, 0.0170468, 2
0.621917, -0.0689233, 0.25015, 0.00173844, -0.0430203, -0.0286552, 2
-0.0371404, -0.557327, 0.278516, 0.00322635, 0.0129724, -0.00906116, 2
0.379597, 0.163256, 0.11775, 0.116246, 0.0205112, -0.0554552, 2
0.487418, -0.00220503, 0.282216, 0.0197163, -0.0202926, 0.014603, 2
-0.403133, -0.360308, 0.19251, -0.0828117, 0.00733438, 0.028331, 2
-0.0783445, -0.599714, 0.255878, -2.7383e-05, -0.0145851, -0.00975303, 2
-0.475538, -0.267665, 0.177296, 0.122182, 0.103234, -0.106957, 2
0.468715, -0.566521, 0.0257682, -0.0428437, 0.0123128, -0.0662919, 2
0.209986, -0.340009, 0.0852661, 0.00870667, 0.00889896, 0.0253447, 2
0.383462, 0.583672, 0.208875, -0.000557719, 0.00534135, 0.00708196, 2
-0.412708, 0.575625, 0.0341536, -0.00242347, 0.00325102, -0.00578328, 2
0.587894, -0.0914786, 0.0523127, 0.00198442, -0.000530561, -0.00146601, 2
0.442033, -0.341845, 0.250617, 0.0596414, 0.157381, 0.0034042, 2
-0.346895, -0.48439, 0.0925754, 0.00274664, 0.000188117, -0.00179744, 2
-0.477959, -0.25756, 0.159989, 0.0550788, 0.12495, -0.117288, 2
0.292082, 0.294059, 0.167551, 0.0173574, 0.0189938, -0.00933641, 2
0.0556667, 0.448484, 0.258126, 0.148152, -0.329891, -0.0225328, 2
-0.495077, 0.287236, 0.273986, 0.00751578, 0.00338852, 0.0136581, 2
-0.392004, -0.132742, 0.0314935, -0.0123791, 0.00645644, -0.00223662, 2
-0.05094, -0.379244, 0.0199205, 0.00677719, 0.0312787, -0.0107529, 2
-0.475366, -0.161988, 0.00633597, -6.9588e-05, -0.000368909, 0.00855407, 2
-0.338751, -0.204057, 0.140957, -0.117653, -0.094792, 0.0994288, 2
-0.1295, -0.391988, 0.212987, 0.224043, 0.0758125, 0.218281, 2
-0.386957, -0.108919, 0.24938, -0.0232506, -0.00913515, 0.0180318, 2
-0.0166556, 0.0430852, 0.0274991, 0.118911, -0.0958246, -0.0773158, 2
0.623301, -0.294797, 0.258505, 0.0531853, 0.008156, 0.0960322, 2
0.0335801, 0.390833, 0.213135, -0.0183979, -0.00691424, -0.00411187, 2
-0.193843, 0.52572, 0.127453, 0.0089596, -0.00576028, 0.00604734, 2
-0.357824, -0.496248, 0.251758, 0.0665094, 0.0767672, -0.0165498, 2
-0.23185, 0.0827753, 0.314438, -0.0225855, 0.0119764, 0.00433457, 2
-0.152168, 0.237373, 0.11645, 0.0525699, 0.0510973, 0.0398237, 2
-0.126824, 0.528586, 0.222927, 0.0112793, 0.0251675, -0.0173371, 2
0.437005, -0.230878, 0.282421, -0.0237561, 0.111032, -0.0746842, 2
0.0290253, 0.0121283, 0.0976999, 0.248519, 0.184764, -0.08647, 2
-0.233381, 0.625436, 0.265962, 0.000931019, 0.00269267, -9.03785e-05, 2
-0.123385, 0.618774, 0.034772, 0.00123208, -0.00638637, 0.000129025, 2
-0.349293, 0.0223904, 0.289971, -0.0651674, 0.0366556, -0.0262705, 2
0.503246, 0.458511, 0.26391, 0.00291034, 0.0197088, 0.00871158, 2
-0.24687, -0.529276, 0.297339, 0.0231392, 0.00257176, 0.0164747, 2
-0.499764, -0.131163, 0.160542, -0.000591584, -0.00287807, -0.00148218, 2
-0.501939, 0.346633, 0.0623946, -0.078411, 0.0641401, -0.0487014, 2
-0.0361382, -0.410154, 0.0370501, 0.0178717, -0.0272326, 0.0176273, 2
-0.404358, -0.603113, 0.136821, -0.00987741, -0.206587, -0.191061, 2
-0.534603, 0.0558758, 0.297344, -0.0212627, -0.0225568, 0.0119795, 2
-0.143803, 0.452458, 0.296213, -0.00405059, -0.00657677, 0.00190367, 2
-0.339882, -0.300891, 0.293415, -0.00861309, 0.0439626, 0.0228776, 2
-0.200794, -0.0202204, 0.141522, -0.000382207, 0.000963142, -0.0023158, 2
-0.300836, -0.146938, 0.0986588, -0.052819, 0.164944, -0.0263541, 2
-0.505121, 0.236156, 0.123831, -0.0998354, -0.19201, 0.0611603, 2
-0.575692, 0.366355, 0.248531, -0.00396572, 0.00033874, 0.000102562, 2
0.0664771, 0.49438, 0.177698, -0.0321678, 0.0153264, -0.0296021, 2
0.316055, -0.171722, 0.232651, -0.0357625, -0.0370244, -0.00597365, 2
0.464256, 0.0538833, 0.239363, -0.00973272, 0.023167, -0.00472354, 2
-0.248385, 0.149244, 0.0958412, 0.00644201, -0.036238, -0.0264074, 2
-0.318934, -0.624523, 0.0514648, -0.130682, -0.112796, -0.0460769, 2
-0.394011, -0.334441, 0.133733, -0.00698855, 0.0383489, 0.0396672, 2
-0.480277, 0.0947282, 0.286169, -0.0158611, -0.112343, -0.0867108, 2
0.0858105, 0.423856, 0.0919434, -0.0144751, 0.0138166, -0.00139682, 2
0.480446, 0.548698, 0.308473, 0.00563891, 0.0326472, -0.0193198, 2
-0.284159, 0.60297, 0.242571, 0.0165606, 0.0127439, -0.0180303, 2
-0.549962, 0.0394835, 0.208675, 0.000586981, 0.00589587, -0.0102667, 2
0.160831, -0.274425, 0.00825398, -0.016455, -0.013552, -0.0408199, 2
-0.168494, -0.440132, 0.179216, -0.355885, -0.382043, 0.192289, 2
-0.470968, -0.0585539, 0.0590358, 0.00611218, -0.00700505, 0.00666241, 2
-0.0876035, 0.252475, 0.0603959, -0.0083105, 0.0372495, -0.0422743, 2
0.118256, 0.488428, 0.134276, 0.0114521, -0.00101442, 0.0129881, 2
-0.606739, -0.621813, 0.000467608, 0.00292322, 0.00837932, 0.0119951, 2
0.537936, 0.0939608, 0.263922, 0.000469803, -0.00223641, -0.000138686, 2
-0.354217, -0.0555569, 0.243606, -0.00190505, -0.000844562, 0.0191727, 2
-0.380251, 0.290248, 0.236858, 0.0066804, -0.00125004, -0.00140877, 2
0.590033, 0.370249, 0.0892377, 0.0122339, -0.00690612, -0.0125753, 2
0.164807, -0.0988835, 0.178122, 0.0347226, 0.0160724, -0.0440837, 2
0.197823, 0.362586, 0.22558, -0.0059335, 0.000769711, 0.000254484, 2
-0.345241, 0.521581, 0.0534509, -0.0568874, -0.065872, -0.0661366, 2
-0.109098, -0.195986, 0.274061, -0.0119131, -0.00555681, 0.0110095, 2
0.132486, 0.552233, 0.238677, -0.0186115, 0.134527, 0.0407115, 2
-0.590335, 0.575458, 0.240714, -0.00544721, -0.00635407, -0.00904307, 2
-0.588465, 0.483431, 0.106713, -0.0348657, 0.0387165, 0.0213564, 2
0.467225, -0.50075, 0.250315, -0.0114193, -0.0416851, -0.0423989, 2
0.181722, -0.251038, 0.165386, -0.00254949, 0.0523323, 0.0616839, 2
-0.130774, -0.290968, 0.100458, 0.0125886, -0.0160319, 0.0265652, 2
0.226177, 0.503803, 0.233228, 0.426171, -0.17565, 0.178119, 2
-0.32126, 0.071663, 0.166383, 0.00856538, 0.0184315, -0.0169869, 2
0.581061, 0.356386, 0.139288, 0.0315144, -0.0144563, 0.00976926, 2
-0.465062, -0.382676, 0.247782, 0.16514, -0.0645973, 0.0219017, 2
-0.628747, 0.379774, 0.228349, 0.0105013, -0.00137412, 0.00105722, 2
0.325959, 0.419402, 0.214723, -0.00864939, 0.00585075, -0.00218768, 2
0.0288888, 0.460901, 0.17809, -0.00590262, -0.0390938, -0.0165023, 2
0.455743, 0.298162, 0.210393, 0.0262974, 0.0371845, -0.00849244, 2
0.197076, -0.150079, 0.305125, -0.00243201, -0.00841431, -0.00889392, 2
-0.401306, 0.349111, 0.0748918, -0.0664952, 0.0650743, 0.00540624, 2
0.000524934, -0.054676, 0.0433517, -0.00208005, -0.0283228, -0.0268198, 2
-0.326491, 0.254027, 0.218758, -0.0249103, 0.0265475, 0.0327606, 2
0.339041, 0.205125, 0.150364, 0.186189, 0.208712, -0.030099, 2
-0.363735, 0.370026, 0.212186, -0.0262296, -0.0892646, 0.060063, 2
0.627393, 0.371242, 0.149638, -0.00437828, -0.000256307, -3.6828e-05, 2
0.280864, 0.0672375, 0.096998, 0.00163779, -0.0316548, 0.0119375, 2
-0.120171, -0.533837, 0.0547323, 0.00282431, -0.0133176, -0.000192863, 2
0.592188, 0.551869, 0.286764, 0.00364987, 0.00526063, -0.00304711, 2
0.173834, 0.118982, 0.091753, -0.0703427, -0.0397668, 0.020089, 2
0.134406, 0.34764, 0.0215398, -0.000511006, -0.00400419, -0.0220377, 2
0.433973, -0.281799, 0.165362, 0.00319445, -0.00963987, 0.000671442, 2
0.60738, 0.0216734, 0.0713776, -0.00309751, 3.60833e-07, -0.00024521, 2
0.222487, -0.269249, 0.28015, 0.0186105, -0.0113328, 0.0120328, 2
-0.435985, -0.00302004, 0.215165, -0.00193119, 0.0002091, 0.00084069, 2
0.412758, -0.00559041, 0.150485, -0.0710036, -0.0443687, 0.0787205, 2
-0.248615, -0.35469, 0.00980327, 0.00240654, -0.00157036, 0.00417366, 2
0.139377, 0.155103, 0.0338349, 0.0158885, -0.0581976, 0.0162343, 2
0.358306, 0.117328, 0.0143113, 0.000354046, 0.000379455, 0.00510043, 2
0.245433, -0.338801, 0.201548, 0.096954, 0.00646877, 0.0489768, 2
0.612445, 0.425568, 0.130967, 0.0139888, 0.00372172, 0.00210263, 2
-0.561322, 0.229578, 0.218008, 0.0157569, 0.0261784, -0.00615527, 2
0.100124, 0.206995, 0.0659355, -0.0348966, 0.0492484, 0.00508334, 2
0.385635, -0.200482, 0.156114, 0.0130216, 0.04865, 0.070329, 2
0.246306, -0.00650371, 0.31285, -0.000388228, -0.000639074, -0.000627882, 2
-0.15296, -0.223709, 0.153962, -4.52028e-05, 0.00507856, 0.00733843, 2
0.448979, 0.157639, 0.22278, -0.0389967, -0.0893833, 0.069961, 2
0.488192, -0.332948, 0.104065, -0.0100602, 0.00516938, 0.00292677, 2
0.623532, -0.604605, 0.290888, -0.00717911, 2.83211e-05, 0.00304852, 2
-0.57915, 0.270792, 0.0486966, -0.00286705, 0.000740899, -0.0032212, 2
0.227041, 0.253274, 0.312579, -0.0051779, -0.0210801, -0.04836, 2
-0.509019, 0.321915, 0.212483, -0.0335841, 0.00762309, 0.0400212, 2
0.363013, -0.207924, 0.106741, -0.164953, 0.0656057, 0.0306601, 2
0.626755, -0.452253, 0.214111, -0.00871449, -0.00122699, -0.000560781, 2
-0.00871449, 0.424017, 0.0549945, -0.0789765, -0.0112764, 0.122587, 2
-0.017241, -0.358907, 0.156558, -0.001832, -0.011177, 0.0319493, 2
0.598606, -0.539891, 0.0384771, 0.00989045, -0.00179662, -0.00334841, 2
0.229799, 0.578265, 0.112731, 0.00649401, 0.0109734, -0.00706665, 2
-0.613868, 0.571833, 0.119071, 0.00283243, 0.0019178, 0.000897204, 2
0.549682, 0.622646, 0.0292776, 0.000169302, -0.00864355, 0.00127359, 2
-0.515458, 0.219723, 0.250087, -0.00632343, 0.0538222, 1.14295e-05, 2
-0.525067, 0.340668, 0.173075, -0.0937516, 0.0211115, 0.0783397, 2
0.324866, 0.0737178, 0.278585, 0.0102685, 0.0229321, 0.0120233, 2
-0.508097, 0.0705098, 0.00803038, 0.00333702, 0.0015491, 0.0030785, 2
0.348348, -0.568168, 0.271525, -0.0310329, -0.0515551, 0.0733057, 2
0.568326, 0.0445543, 0.0243079, 0.00130762, -0.00139889, 0.00243008, 2
-0.0653688, 0.0131964, 0.046826, -0.0401151, -0.061376, 0.00437166, 2
0.0885394, -0.386968, 0.0339013, -0.00054222, 0.00167147, -0.00199773, 2
0.539464, -0.370873, 0.0193686, -0.0984254, 0.0325857, -0.188997, 2
-0.244181, -0.451154, 0.0175392, 0.00874991, 0.0102369, -0.0143048, 2
-0.12707, -0.336649, 0.229961, 0.0248982, 0.0584791, 0.0238824, 2
-0.38665, -0.231752, 0.157637, -0.0181264, 0.00263807, 0.007882, 2
0.305649, -0.53685, 0.0185757, 0.0029448, -0.0045391, -0.00172303, 2
0.16006, -0.414984, 0.193694, -0.130905, -0.114439, -0.023252, 2
0.192182, 0.563327, 0.209143, -0.037056, 0.243591, -0.057518, 2
0.0183568, 0.501689, 0.0627905, 0.0832452, -0.00945464, -0.218657, 2
0.115588, -0.193643, 0.22358, 0.0521632, -0.0434717, -0.0195887, 2
0.302892, 0.52486, 0.284329, -0.0131175, 0.0153946, -0.00789354, 2
0.438497, 0.43436, 0.0341201, -0.0035778, -0.00288854, -0.0011995, 2
0.515972, -0.439785, 0.0788224, -0.0285744, 0.00815502, 0.0708093, 2
0.586129, 0.0631085, 0.152151, 0.000239284, -0.00378262, -0.00310502, 2
0.246046, 0.306422, 0.251704, -0.000540706, -0.0236226, -0.0140719, 2
-0.383333, -0.0178918, 0.274982, -0.00439327, -0.00443747, -0.0278653, 2
-0.30903, -0.487795, 0.0137452, -0.0210554, -0.017048, -0.0174394, 2
0.465746, 0.334351, 0.312068, 0.0143733, 0.0441913, 0.015661, 2
0.0423899, -0.277256, 0.279999, -0.0200448, -0.0260641, -0.00782055, 2
0.293552, 0.468296, 0.0740976, 0.06463, 0.0211476, 0.0436081, 2
-0.0720532, 0.141225, 0.0478216, -0.0116299, 0.0191427, -0.0171241, 2
-0.194663, -0.0502411, 0.313902, 0.00124862, 0.00482028, 0.00348324, 2
-0.0581824, -0.164233, 0.0464654, 0.0129501, -0.00424702, -0.0187201, 2
0.257107, -0.208067, 0.219733, -0.00260634, 0.0135529, 0.0126987, 2
-0.394215, -0.591985, 0.138848, 0.138217, -0.0507667, -0.169008, 2
0.6126, -0.345355, 0.291866, 0.0149902, -0.000673496, 0.024409, 2
0.452602, -0.0244213, 0.0124265, 0.000652402, -0.00345841, -0.0017991, 2
0.507583, -0.188639, 0.253505, 0.0115394, 0.0980752, -0.030049, 2
0.495927, 0.483714, 0.0267001, -0.0223008, 0.0178944, -0.0314758, 2
0.355997, 0.147303, 0.301265, 0.0030312, 0.00136833, -0.00122431, 2
-0.607539, -0.554714, 0.17908, 0.00297801, -0.000139803, 2.94904e-07, 2
-0.416253, -0.119413, 0.00902916, -0.000383737, 0.000457287, 0.00659096, 2
-0.42057, 0.452368, 0.125462, 0.0216991, -0.0233047, 0.00123292, 2
-0.234708, 0.0795114, 0.230936, -0.0363281, 0.00213223, -0.0312836, 2
-0.615702, 0.31526, 0.24043, -0.00534249, 0.0128816, -0.0097883, 2
-0.0603093, 0.297897, 0.311583, -0.0435165, -0.0084474, 0.076793, 2
-0.152772, 0.120535, 0.147986, -0.00553228, -0.0202328, 0.0299897, 2
-0.103066, -0.00184529, 0.258318, -0.00586465, -0.00981248, 0.0760729, 2
-0.348973, -0.135881, 0.221755, -0.0216364, -0.0175987, 0.0396833, 2
-0.242173, -0.409847, 0.10109, 0.0470277, -0.000567698, -0.068392, 2
-0.29704, -0.387423, 0.119902, -0.041112, 0.0107235, -0.318169, 2
0.419282, -0.173712, 0.24754, 0.0253466, 0.0306065, 0.0159931, 2
0.455398, 0.035681, 0.203141, -0.0276568, 0.0185313, 0.0295593, 2
-0.302681, 0.430936, 0.0655279, -0.000727605, 0.0243724, 0.0260338, 2
0.621062, 0.445198, 0.301834, -0.00733163, -0.000741734, 5.28234e-05, 2
0.322857, -0.245075, 0.218817, 0.00653138, 0.205135, 0.0834064, 2
0.309261, 0.232116, 0.0914599, 0.00267729, 0.133895, 0.0500033, 2
-0.35872, -0.500913, 0.248489, -0.00929101, 0.0263375, -0.0610663, 2
-0.585377, -0.219923, 0.0570282, -2.92927e-05, 1.64552e-05, -0.000243268, 2
0.301644, 0.167868, 0.112057, 0.277873, 0.108629, -0.446256, 2
-0.553923, 0.500792, 0.172692, -0.00727209, 0.00153775, 0.00652756, 2
-0.0743132, 0.29011, 0.286755, -0.154299, 0.0132889, 0.083179, 2
-0.344081, 0.115545, 0.138185, 0.0193413, -0.0113564, -5.02135e-05, 2
0.468483, 0.442827, 0.0884276, -0.0167764, -0.0162961, 0.00530689, 2
-0.529332, 0.433925, 0.0422362, 0.0298041, -0.0277678, -0.035256, 2
-0.581924, 0.126819, 0.138458, 0.00666598, -0.0499766, 0.0305257, 2
0.293343, -0.193884, 0.0389964, 0.0768833, -0.00810612, -0.0339573, 2
-0.600744, 0.0773595, 0.071259, -0.00412418, -0.0444693, 0.0538124, 2
0.393214, 0.121946, 0.173769, 0.0492592, -0.0084121, -0.0483223, 2
0.621326, -0.206374, 0.0582452, 0.0261635, 0.0331635, -0.0150624, 2
-0.190371, -0.130333, 0.0259523, -0.0238504, -0.0279409, -0.031232, 2
0.500398, 0.425317, 0.255971, 0.00955778, -0.0102018, -0.00178328, 2
0.387492, -0.548727, 0.127366, 0.00264879, 0.0274743, -0.0109504, 2
-0.319697, 0.54972, 0.0805818, -0.292277, -0.0793271, -0.187699, 2
0.0340136, -0.609576, 0.0315723, -5.77189e-05, 0.00370789, 0.000786928, 2
0.202958, -0.561537, 0.220768, 8.36931e-05, 0.00431707, -0.0105902, 2
-0.503136, 0.36177, 0.0148061, -0.0104026, 0.0140702, -0.0186449, 2
-0.34715, 0.390989, 0.191637, 0.030495, 0.00691593, 0.0148866, 2
-0.0621141, 0.15424, 0.0646325, 0.0302325, -0.00427743, -0.00454578, 2
-0.626965, 0.145603, 0.17053, -0.00574534, -0.00521621, 0.00988902, 2
-0.393984, 0.585195, 0.295438, 0.00388272, 0.0020556, -0.00559462, 2
-0.290175, 0.45563, 0.244276, 0.0010965, -0.00435123, 0.0120487, 2
-0.526219, 0.213158, 0.264585, -0.0266598, 0.0472194, 0.0494456, 2
-0.0167553, 0.523425, 0.244524, 0.0155433, 0.0664363, 0.0306633, 2
0.305572, -0.0725253, 0.249621, -0.00147991, -0.00289095, 0.0182886, 2
0.431861, -0.49953, 0.266728, -0.0515257, -0.073204, 0.0427745, 2
0.0550056, -0.372703, 0.19968, -0.00419797, 0.00651883, -0.000820005, 2
0.11423, -0.0898892, 0.139936, -0.055783, -0.055757, -0.0291702, 2
-0.379149, 0.47796, 0.0210051, 0.00270212, 0.0163996, -0.0165963, 2
-0.120619, 0.480959, 0.214897, -0.0107645, -0.0139219, -0.0153871, 2
0.5615, -0.542988, 0.203704, 0.00333683, -0.00455576, -0.0229247, 2
0.483324, -0.203199, 0.160121, 0.038596, -0.00437336, 0.0526586, 2
0.200501, -0.099455, 0.0559197, -0.014788, 0.0603812, -0.0294112, 2
-0.00108466, 0.513753, 0.0292849, -0.0217161, 0.0332043, -0.107478, 2
-0.282914, 0.189361, 0.168644, -0.167706, -0.902003, 0.342726, 2
-0.544356, -0.00874113, 0.201253, 0.00190974, 0.00207074, 0.0295575, 2
0.522555, -0.583699, 0.265568, 0.00335081, -0.0390929, -0.0144683, 2
0.0613464, 0.160495, 0.0856047, -0.0470577, -0.016842, -0.0146044, 2
0.621091, 0.411309, 0.0476039, -0.00558328, -0.000890554, -0.0015843, 2
-0.554816, -0.339274, 0.0103528, -0.0892242, 0.0260621, -0.0537106, 2
0.30477, -0.407737, 0.0320966, 0.0160157, 0.00489026, -0.00843732, 2
-0.140339, -0.554377, 0.138788, 0.0141946, -0.00943622, -0.0187616, 2
0.500145, 0.276088, 0.271415, 0.0348446, 0.015295, -0.00725301, 2
-0.536103, -0.35496, 0.242362, -0.276863, 0.143056, -0.00342267, 2
-0.418963, -0.00791097, 0.132212, -0.0321452, 0.00862072, 0.0407823, 2
0.255615, 0.0776962, 0.287517, -0.0242794, 0.0205777, 0.034869, 2
-0.199301, -0.029712, 0.299083, -0.00279625, 0.00361055, 0.00271073, 2
-0.396957, -0.598329, 0.181716, 0.278374, -0.291366, 0.131557, 2
-0.0545377, -0.607202, 0.127052, -2.17461e-05, 0.00304395, -0.000329399, 2
0.135878, -0.532055, 0.199725, -0.0213389, -0.0375803, -0.0327623, 2
0.177289, 0.402679, 0.255281, 0.00278101, -0.00258389, 0.00630629, 2
0.305675, -0.367623, 0.274178, -0.00614392, -0.00332117, 0.00716913, 2
-0.399102, -0.497441, 0.185709, -0.00943813, 0.000852691, -0.03358, 2
-0.57337, -0.40358, 0.25446, -0.0347432, -0.0664644, -0.0368612, 2
0.396079, -0.19258, 0.0949912, 0.00412959, 0.0878728, -0.0279104, 2
-0.335002, -0.566928, 0.271906, -0.0146726, -0.122937, 0.182409, 2
-0.44486, -0.136266, 0.106987, -0.00769282, -0.00706514, 0.0027801, 2
-0.508454, 0.0967407, 0.114896, -0.0338067, -0.0272551, -0.0218558, 2
0.21841, -0.58776, 0.120586, -0.00135285, 0.000869871, -0.0020162, 2
-0.533307, 0.178081, 0.145063, -0.0234979, -0.0044519, 0.0721338, 2
0.265591, -0.274594, 0.0882424, 0.00393869, -0.00292789, 0.0294671, 2
0.0267892, -0.598882, 0.153828, -0.00195718, -0.00231141, -0.00948069, 2
-0.136426, -0.36802, 0.186958, 0.120319, 0.221423, -0.0583094, 2
0.60641, -0.311426, 0.243554, 0.0660216, -0.0195969, 0.0676123, 2
0.364322, -0.545311, 0.0379183, -0.00122166, 0.000229589, -4.60865e-05, 2
-0.51564, -0.25035, 0.053677, -0.000913472, 0.00352324, 0.000464799, 2
0.571985, -0.0652469, 0.177101, 0.0660741, 0.120592, 0.0843745, 2
-0.259993, 0.0562624, 0.0437957, -0.00154974, 0.00277298, 0.00180396, 2
0.199591, -0.355291, 0.0543464, -0.0299884, -0.0302547, -0.0158701, 2
-0.577991, -0.258635, 0.256357, -0.00258467, 0.0519143, -0.00373197, 2
0.00226281, -0.623007, 0.0302182, -9.63895e-09, 0.00893232, 0.00110019, 2
0.355233, 0.0337453, 0.0379886, 0.000788081, 0.00495039, -0.000928458, 2
-0.289384, 0.527283, 0.103474, 0.0376517, -0.222415, 0.339348, 2
0.458449, 0.503729, 0.183109, -0.00252627, 0.000108825, -0.000602747, 2
0.172739, 0.238088, 0.204272, 0.0198666, -0.0197464, 0.0260039, 2
0.324412, 0.352412, 0.299175, 0.0120053, 0.00389287, -0.000541976, 2
0.53912, 0.294434, 0.125373, 0.0327291, -0.0332635, -0.00991863, 2
-0.0124016, -0.595523, 0.296929, 0.00859543, -0.00735511, 0.0137554, 2
0.162781, 0.234032, 0.0506154, -0.00680462, 0.0336273, 0.00555075, 2
0.380167, 0.286004, 0.143447, -0.00669135, 0.0266109, 0.0089739, 2
0.14567, -0.341697, 0.145187, 0.0231907, -0.0225965, -0.0621727, 2
0.266543, -0.616428, 0.311114, -0.00139183, 0.00213865, -0.00408407, 2
0.418497, -0.275848, 0.285444, -0.0839107, -0.120075, 0.0383873, 2
-0.427532, -0.447362, 0.253885, -0.0447538, 0.0266419, 0.00482595, 2
0.304903, 0.35534, 0.155916, 0.017281, 0.0216171, -0.00759062, 2
-0.137937, 0.0497883, 0.0865283, -0.00336691, -0.00423264, -0.00170662, 2
-0.201163, -0.0410552, 0.00264584, 0.027184, -0.0734885, -0.0624299, 2
0.300328, 0.576507, 0.011256, -0.0230221, 0.00400761, -0.00326273, 2
0.228117, 0.109324, 0.227255, -0.0137021, 0.00817784, 0.000104913, 2
0.430579, -0.140473, 0.141265, -0.00619858, 0.0168603, 0.0174109, 2
-0.255558, -0.624766, 0.213332, 0.000113714, 0.00917793, -0.000395105, 2
0.325188, 0.27174, 0.216716, 0.012831, 0.0155777, 0.0119953, 2
0.309716, 0.0602736, 0.305244, -0.00496138, -0.0121879, 0.0150857, 2
0.191563, 0.262705, 0.035913, -0.00615051, 0.0108942, 0.0134364, 2
-0.052824, -0.0623551, 0.282239, -0.00120603, -0.0147644, 0.00836877, 2
0.570841, 0.429672, 0.137195, 0.019285, 0.018733, 0.0210304, 2
-0.342973, -0.401454, 0.284422, -0.00539404, -0.0521695, -0.00279195, 2
-0.33239, 0.528837, 0.271058, 0.0102538, -0.00629382, 0.00365311, 2
-0.287366, 0.12699, 0.140898, -0.00884005, -0.0571458, -0.0127298, 2
0.621654, -0.0723942, 0.263271, 0.00361548, -0.0416067, -0.00274325, 2
-0.0732136, 0.302011, 0.26457, -0.0876253, 0.217776, -0.190896, 2
-0.479814, -0.00276434, 0.175014, 0.00725428, 0.00473483, 0.000188633, 2
0.387048, -0.323012, 0.0325918, -0.106526, 0.000878141, -0.107149, 2
0.348099, 0.498515, 0.255759, 0.00729797, -0.0125342, -0.0167446, 2
0.491751, -0.184273, 0.0826793, 0.188939, -0.0547821, 0.102649, 2
0.360779, -0.243396, 0.0326063, 0.0259457, -0.0449955, -0.0522661, 2
-0.350368, 0.0435948, 0.0897336, 0.00967346, 0.00674132, -0.00545236, 2
-0.472607, 0.341169, 0.0644519, 0.061299, 0.10122, -0.0196128, 2
0.611625, -0.57616, 0.25369, 0.00708589, -0.00308416, 0.00180086, 2
-0.0847097, -0.58447, 0.078101, 0.000105143, -0.000146503, -0.000183122, 2
-0.291553, -0.0277204, 0.311095, 0.0362864, -0.0601053, 0.0133642, 2
-0.4932, 0.122429, 0.152913, -0.177986, -0.074682, 0.0583763, 2
0.206857, -0.120487, 0.229651, 0.0486448, -0.0307534, 0.0550149, 2
0.337224, -0.402351, 0.196788, -0.039457, 0.00780306, -0.00555843, 2
0.100333, -0.540564, 0.308211, 0.00421889, 0.0150494, -0.0127844, 2
0.43105, 0.450178, 0.0898713, -0.0073876, -0.000924635, 0.00114987, 2
0.561475, -0.530153, 0.258261, 0.0701059, -0.00451737, 0.0065865, 2
-0.339517, -0.372797, 0.186062, -0.463124, 0.0456019, -0.0262982, 2
-0.0817092, -0.391135, 0.199513, 0.0539469, 0.0155282, -0.00589962, 2
-0.326874, 0.154119, 0.210886, -0.0365329, -0.060144, 0.0439844, 2
-0.0144703, 0.492529, 0.0464653, -0.0955573, -0.0054182, -0.109634, 2
-0.0300186, 0.629292, 0.234563, 0.000667516, -0.0119774, -0.000593987, 2
0.581632, 0.206186, 0.0469508, -0.019934, 0.0126621, -0.00293025, 2
0.240308, -0.0865532, 0.103854, 0.00534156, 0.0512352, 0.00101089, 2
-0.232465, -0.616184, 0.126204, 0.00558006, 0.00554731, 0.00717054, 2
-0.259548, 0.44483, 0.0812572, 0.0234194, 0.00909091, -0.00230251, 2
0.0999372, 0.376342, 0.10621, -0.0780224, 0.0322636, -0.0042771, 2
-0.126946, -0.593138, 0.170501, 0.00384993, -0.00722765, 0.000406199, 2
0.617302, -0.0448841, 0.230209, -0.0168388, 0.00262839, -0.0464619, 2
0.155427, 0.258205, 0.111247, -0.0189309, 0.00684319, 0.0163414, 2
-0.260955, -0.386229, 0.0768887, 0.0295739, -0.0053112, -0.0512957, 2
-0.0750934, 0.213716, 0.076721, 0.0220129, 0.0245138, -0.130547, 2
-0.396767, 0.165385, 0.285758, 0.0275795, 0.0265447, -0.00993167, 2
-0.208964, -0.224271, 0.106629, 0.0118683, 0.015677, 0.0030489, 2
0.206452, 0.173227, 0.110074, -0.0996862, 0.0136514, 0.0699942, 2
-0.548661, 0.543643, 0.0637908, -0.0510722, 0.0389178, 0.0216834, 2
-0.223632, 0.0136164, 0.000385404, -0.0420043, 0.0484534, -0.0272429, 2
0.201207, 0.516634, 0.00959166, -0.00178403, 0.000645546, 0.000183334, 2
-0.376714, 0.503973, 0.155861, -0.00203955, 0.0165691, -0.0140194, 2
0.54412, 0.0294365, 0.0629219, 0.00281618, -0.00132366, -0.000159492, 2
-0.270818, 0.398445, 0.123856, 0.00495365, 0.0745216, -0.101506, 2
0.0367372, -0.306612, 0.0197937, -0.00162248, -0.00116477, -0.000912828, 2
0.343621, -0.073415, 0.218631, 0.0238059, 0.0238672, 0.0699546, 2
0.226727, 0.347585, 0.00507228, 0.00110366, 0.00524003, 0.00705962, 2
-0.606683, -0.0759267, 0.20587, -0.000276841, -0.00136803, 0.000292006, 2
-0.166386, 0.00537595, 0.18429, -0.0281207, -0.00923476, -0.0288915, 2
0.088777, 0.411707, 0.030203, 0.0168166, 0.00104049, -0.010231, 2
0.0903186, -0.0170491, 0.00187053, 0.000267972, 8.41617e-05, 0.0109508, 2
0.128685, 0.2362, 0.285355, 0.00439718, 0.00583811, -0.00203068, 2
-0.507796, 0.150356, 0.135223, -0.177178, -0.0771392, 0.0373537, 2
-0.256108, 0.509502, 0.0773433, 0.167906, -0.219083, -0.0307203, 2
0.239314, -0.0837241, 0.158181, -0.00264866, -0.000581763, 0.0106566, 2
0.318489, -0.370067, 0.297318, -0.00279103, 0.00184509, 0.00175609, 2
-0.0669148, 0.486624, 0.226724, -0.031704, -0.0107378, 0.00162336, 2
-0.0466257, 0.509905, 0.0502512, -0.0456022, 0.0150232, -0.0233213, 2
-0.483073, -0.286444, 0.209086, 0.13813, -0.117075, 0.130794, 2
0.254086, 0.432296, 0.154522, 0.0118195, -0.00495709, 0.00494709, 2
0.374898, -0.107349, 0.307751, 0.0226584, 0.0108145, -0.0218075, 2
0.38238, -0.608627, 0.20931, 0.00379152, -0.0218181, 0.00386843, 2
0.263872, -0.486459, 0.089408, -0.0644319, 0.0343299, 0.0214829, 2
-0.455164, -0.112604, 0.0592927, 0.00600785, -0.00558381, -0.00453524, 2
-0.145791, -0.503253, 0.195852, 0.0232037, -0.0444037, -0.000504032, 2
0.486934, 0.445199, 0.260827, -0.0277439, 0.00871453, 0.0112735, 2
0.416281, -0.251679, 0.224992, 0.0164945, -0.0231258, -0.0623937, 2
0.0632486, 0.331658, 0.194977, 0.00209255, 0.00157491, 0.00237276, 2
0.264253, 0.478549, 0.280857, 0.00504462, -0.0214505, 0.0196417, 2
-0.159329, 0.102672, 0.23144, 0.0659495, 0.0212724, 0.00955883, 2
0.458759, -0.152393, 0.0471122, -0.123675, 0.138653, -0.0951893, 2
0.429834, -0.399976, 0.0524463, 0.00383798, -0.0132326, 0.0075051, 2
0.00714636, 0.493859, 0.0883224, -0.108663, -0.158282, 0.0355414, 2
0.364778, -0.591268, 0.217662, -0.00400405, -0.0350501, -0.015963, 2
0.601949, -0.107096, 0.24934, 0.0182159, 0.00203956, 0.0203188, 2
0.125432, -0.250125, 0.203149, -0.00268426, 0.00487152, 0.00660333, 2
-0.091188, -0.463808, 0.29772, -0.00911821, 0.00479931, 0.00221515, 2
-0.451147, 0.229404, 0.223143, 0.0238237, -0.0241903, -0.0135236, 2
0.328762, -0.136306, 0.18529, -0.00922442, -0.0532346, -0.0265139, 2
0.192264, 0.334328, 0.0534671, 0.0114648, -0.000795686, -0.00197839, 2
-0.141902, 0.163123, 0.17286, 0.0292716, 0.0194944, 0.0186605, 2
0.0465465, -0.0370059, 0.230357, -0.270014, 0.067647, -0.0287786, 2
0.256332, 0.600104, 0.19633, -0.00116128, 0.0140162, 0.00116057, 2
0.609621, 0.334919, 0.206004, 0.00379313, -0.00388026, -0.00058333, 2
0.220343, 0.306904, 0.0217394, 0.0112113, 0.035766, 0.00322909, 2
-0.0422246, -0.197627, 0.116699, 0.0199834, -0.00570728, 0.00966291, 2
-0.489557, 0.341148, 0.158238, -0.0119281, 0.142868, 0.186034, 2
-0.558605, 0.519965, 0.0580981, -0.0633884, -0.0974192, 0.0127071, 2
0.333969, 0.218763, 0.181512, 0.030433, 0.115793, 0.106193, 2
-0.184798, -0.218936, 0.107604, 0.001687, 0.0182671, 0.00151316, 2
0.0290698, 0.269125, 0.305875, -0.0420936, 0.00726056, -0.0791608, 2
-0.539418, -0.314292, 0.139133, -0.060562, 0.0035348, -0.0236284, 2
0.382008, 0.572003, 0.131668, 0.0174916, -0.0199387, -0.0414749, 2
-0.0925973, 0.551661, 0.0579069, 0.00030798, 0.00192058, -0.000645289, 2
-0.528507, 0.14204, 0.292124, -0.052987, 0.0339188, 0.0253202, 2
-0.441549, -0.530148, 0.0852261, 0.00652906, 0.0854264, 0.0343749, 2
0.0252467, -0.389741, 0.0130223, 0.00534925, 0.000524681, 0.00477933, 2
-0.601729, -0.318383, 0.300504, -0.0695426, -0.0532561, 0.0462959, 2
-0.369336, -0.614377, 0.197704, 0.0739035, -0.0679781, 0.0380979, 2
0.356714, -0.169212, 0.300461, 0.00624573, -0.00310104, -0.00860872, 2
-0.472799, 0.489821, 0.210252, 0.000143549, 0.00290221, 0.00497861, 2
-0.509225, 0.580366, 0.289169, -0.0199413, 0.0161686, -0.057827, 2
0.0473071, 0.332411, 0.274679, -0.0033201, -0.00435819, -0.00771989, 2
0.573979, -0.39015, 0.255104, 0.0026593, -0.0439429, 0.00243566, 2
-0.45432, -0.288694, 0.133123, 0.0964609, 0.115879, -0.0400015, 2
-0.545752, -0.10028, 0.158077, -7.08138e-05, -0.00801097, -0.0015315, 2
-0.204848, 0.55493, 0.218132, 0.000132122, -0.003542, -0.0611961, 2
-0.152758, 0.583165, 0.296028, 0.00497482, 0.0515937, -0.00398404, 2
-0.210668, -0.416135, 0.299924, -0.00223014, -0.00920533, 0.00890184, 2
0.58015, 0.570542, 0.10013, 0.0499592, 0.0208048, -0.155969, 2
0.522067, -0.53222, 0.0650947, 0.0723905, -0.0192281, 0.0310019, 2
0.103147, -0.411481, 0.0526954, 0.0014348, -0.000123108, -0.00310297, 2
-0.000102835, 0.265789, 0.293289, 0.0336737, -0.0141772, -0.00734426, 2
-0.161313, 0.209805, 0.0382606, -0.0192365, 0.00125155, -0.0856256, 2
-0.400825, 0.385448, 0.123578, -0.00522001, 0.0105806, 0.00882964, 2
0.131666, 0.46966, 0.255999, 0.00310985, -0.0468795, 0.0643312, 2
-0.495953, -0.365151, 0.237241, 0.279764, -6.65266e-05, -0.0598453, 2
0.376576, 0.112054, 0.225541, 0.00805894, -0.0806081, 0.0828216, 2
0.30076, 0.53135, 0.278998, -0.0182821, 0.0316377, -0.0146464, 2
0.24053, 0.481536, 0.264143, 0.0641142, -0.0944048, 0.12418, 2
-0.618876, 0.37364, 0.288579, 0.00697258, 6.72285e-05, -0.00027616, 2
-0.358497, -0.153177, 0.0282177, -0.0737577, 0.0281401, -0.0498181, 2
-0.147715, 0.476683, 0.252156, -0.00802736, -0.0359375, 0.00075744, 2
-0.234486, -0.314593, 0.147116, 0.0634219, 0.0236615, -0.0248617, 2
-0.0814439, -0.0854543, 0.0859876, 0.0321072, 0.0386664, -0.0225449, 2
0.412868, -0.583752, 0.0459117, -0.0299538, -0.00176656, -0.0089763, 2
0.176937, -0.449741, 0.112115, -0.0114816, 0.0162622, 0.0246415, 2
-0.134028, 0.556798, 0.297619, 0.0648469, 0.0128779, 0.0223691, 2
-0.491791, 0.227595, 0.272966, 0.0221102, 0.0251377, 0.044288, 2
0.624202, -0.161839, 0.235859, 0.0262421, -0.00639053, 0.0085704, 2
0.420847, -0.150751, 0.171778, 0.00110936, 0.00462049, 0.0124788, 2
0.315235, 0.120716, 0.290974, -0.000514687, 0.00187899, -0.00293995, 2
0.428106, 0.602964, 0.252654, 0.00553602, 0.00472871, -0.00167009, 2
0.176803, -0.261486, 0.0165152, 0.0116802, 0.0231818, -0.0507444, 2
-0.494658, 0.287034, 0.152643, -0.0761358, -0.0243605, 0.351424, 2
-0.150707, 0.0699383, 0.164196, -0.00743882, -0.0305873, -0.00450623, 2
0.0329394, -0.383089, 0.209251, -0.00721549, 0.000697292, -0.00127647, 2
0.481398, 0.112847, 0.19096, 0.0117693, -0.0208001, -0.0114944, 2
0.411948, 0.251019, 0.0903675, 0.0163894, 0.00913585, -0.0444952, 2
0.243883, 0.245258, 0.207399, -0.0311821, -0.0156415, 0.0164065, 2
-0.0726094, 0.036141, 0.0122201, -0.0574089, -0.0698025, -0.0900572, 2
0.614501, -0.278587, 0.19989, 0.0202467, -0.0781532, -0.11961, 2
0.518472, -0.480444, 0.19314, 0.0617228, 0.031106, 0.0253509, 2
0.269162, 0.326323, 0.285259, 0.00517683, 0.00398785, -0.0157378, 2
0.335223, 0.461628, 0.199527, -0.0013005, 0.00373855, -0.00111268, 2
-0.314134, -0.319042, 0.0595206, 0.0800929, 0.0335695, -0.105349, 2
0.342648, 0.34386, 0.121239, 0.00990624, -0.00257879, -0.00616424, 2
-0.0802748, 0.195295, 0.306942, 0.00786394, -0.00979999, 0.0205895, 2
-0.576363, -0.0227206, 0.212206, -0.0221976, -0.00390776, 0.015078, 2
-0.214893, -0.408801, 0.116029, -0.0108909, 0.0544281, -0.0465671, 2
0.614702, 0.148553, 0.282556, 0.00689446, 0.00208067, 0.0034977, 2
-0.596345, 0.133091, 0.055418, -0.273281, -0.195431, 0.247306, 2
0.203215, 0.0215993, 0.0927978, 0.00101791, 0.00510747, -0.00220797, 2
-0.284153, -0.339202, 0.0168877, 0.0169039, -0.00556363, -0.0302252, 2
-0.403042, 0.625984, 0.289786, 0.00157211, -0.00823121, -0.00250044, 2
0.395065, -0.318114, 0.0525341, -0.0510791, 0.0343855, 0.0513747, 2
-0.626779, -0.605429, 0.29599, 0.010441, 0.00279303, -0.00175456, 2
-0.141821, -0.0557403, 0.187323, -0.0185986, -0.0161322, -0.0210151, 2
-0.17398, -0.0021397, 0.024152, 0.0617658, 0.0247649, 0.0123001, 2
-0.585084, 0.412931, 0.0794426, -0.0306542, -0.0556367, -0.0313744, 2
-0.120966, 0.39767, 0.274072, -0.0125146, 0.0262725, 0.0215101, 2
-0.250671, 0.431289, 0.149854, 0.0411631, 0.103089, -0.0116104, 2
-0.0289988, 0.00453974, 0.312744, 0.00341076, -0.0093435, 0.0337784, 2
0.342192, 0.350351, 0.0704529, 0.0063056, -0.00507841, -0.00260407, 2
0.409743, 0.577272, 0.069458, 0.0250076, -0.00186017, 0.0217218, 2
0.308959, 0.342374, 0.14742, 0.0175138, -0.00506513, -0.0206508, 2
0.519095, 0.345559, 0.153554, -0.0331192, 0.0293494, 0.0966552, 2
0.443129, -0.426226, 0.29711, 0.131958, -0.0395782, 0.114673, 2
-0.0675062, 0.0297567, 0.139084, -0.0668572, -0.0638426, 0.0183123, 2
0.0291019, 0.0746363, 0.084826, 0.0230891, 0.0197006, -0.00216235, 2
0.346872, 0.583634, 0.0267526, -0.0746164, 0.08385, -0.0594599, 2
0.183233, -0.297, 0.292066, 0.00164567, -0.0114843, 0.00822995, 2
-0.47728, 0.303964, 0.13571, 0.260089, 0.0670123, 0.0334765, 2
-0.486229, 0.0161933, 0.0658064, 0.00134072, 0.0283531, 0.0505925, 2
-0.204418, -0.204027, 0.0526335, 0.0153159, 0.00452526, -0.0047219, 2
0.0734141, -0.525032, 0.295718, -0.0019419, 0.0055818, -0.00530659, 2
-0.596831, 0.624027, 0.224617, -0.00238658, -0.00687559, -0.00630257, 2
0.0173856, 0.437192, 0.275551, -0.0842415, -0.157601, 0.0690855, 2
-0.0541017, -0.260278, 0.125499, -0.0101762, -0.000732186, -0.0562555, 2
0.502235, 0.398787, 0.301649, 0.0288604, 0.025645, 0.00114776, 2
-0.418388, 0.115696, 0.290067, 0.0987432, 0.00580129, -0.101449, 2
-0.311378, -0.331035, 0.0583258, 0.0672927, -0.0287681, -0.0895501, 2
-0.403042, -0.178351, 0.291808, -0.00322606, -0.00747592, -0.00488595, 2
0.139796, -0.0346169, 0.138365, 0.00545897, 0.0814858, -0.0301247, 2
0.403022, 0.390929, 0.244849, -0.00256194, -0.0204039, -0.00480001, 2
0.613556, -0.165621, 0.271082, 0.00547892, -0.00157649, 0.0119801, 2
0.5365, -0.132488, 0.269598, -0.00590687, 0.00863729, 0.0350529, 2
0.17504, 0.514861, 0.221405, -0.373337, 0.0288789, 0.022288, 2
0.0173165, -0.169204, 0.313826, 0.0128556, 0.00916724, -0.0038442, 2
0.519313, -0.296933, 0.256032, -0.0194164, -0.00228415, 0.0201382, 2
0.465983, -0.0853574, 0.127466, 0.00938491, 0.0077681, 0.00843417, 2
0.366323, 0.233228, 0.202198, 0.0358239, 0.0367275, 0.0421397, 2
0.599627, 0.460149, 0.000119206, -0.000733004, -8.66578e-05, 0.0116587, 2
0.506931, -0.0300183, 0.148956, 0.0258451, -0.012947, 0.000187384, 2
-0.199536, -0.25696, 0.0891972, -0.00960918, -0.0131622, -0.000569889, 2
-0.480065, -0.273368, 0.205283, 0.157376, 0.0353564, 0.111189, 2
0.604263, -0.366831, 0.01467, 0.0615154, -0.0104311, -0.0365071, 2
0.422728, 0.438172, 0.300876, 0.00251235, 0.00104564, 0.00787774, 2
0.0484214, -0.174475, 0.101084, -0.0174702, -0.0195897, 0.0220621, 2
0.0438, -0.285125, 0.184342, -0.00752323, -0.00717328, 0.00922278, 2
-0.191997, -0.449105, 0.00551167, 0.00279618, 7.21357e-06, 0.00472299, 2
0.317865, 0.547182, 0.22131, 0.0109658, -0.000288362, 0.00137814, 2
-0.133271, 0.516845, 0.178856, -0.00294232, 0.00296699, -0.0134071, 2
-0.132794, 0.393812, 0.0138606, 0.018664, 0.0144316, -0.00796985, 2
0.463029, -0.435687, 0.107111, -0.0268406, 0.0136379, 0.00169378, 2
-0.440109, -0.285789, 0.19626, 0.108968, -0.0170311, 0.0286228, 2
0.381023, -0.311489, 0.262043, -0.0217546, -0.0236148, 0.00993597, 2
0.439703, -0.518724, 0.214096, -0.0835734, -0.0413668, 0.0199544, 2
0.383281, 0.159661, 0.0129861, -5.33056e-06, 2.50601e-05, 0.00602221, 2
-0.472309, -0.426503, 0.0991958, 0.00535109, -0.0109273, 0.0212871, 2
0.265058, 0.0114634, 0.14441, -0.00563272, 0.022331, -0.0234307, 2
0.287105, -0.300635, 0.123715, -0.00899851, -0.00276626, -0.00271865, 2
-0.0875836, 0.196058, 0.0954354, -0.0908586, -0.0550948, -0.0154841, 2
0.62784, -0.5667, 0.0363976, -0.0100476, -0.000629563, -0.000545852, 2
-0.576644, 0.526293, 0.0849667, -0.124105, 0.00246987, 0.110743, 2
-0.148198, -0.543779, 0.17101, 0.0178633, -0.0227311, -0.00239134, 2
-0.623084, 0.467207, 0.250629, 0.0089134, 0.00017541, -0.00013709, 2
0.42509, 0.276947, 0.278439, -0.0442961, -0.0113644, -0.00347857, 2
0.0215458, 0.030264, 0.160863, 0.0116852, 0.0467911, -0.00863741, 2
0.0734903, 0.187918, 0.211729, 0.00607224, -0.00573073, -0.00279445, 2
0.470274, -0.176987, 0.0571035, -0.211948, 0.0745607, -0.147812, 2
-0.212012, -0.519846, 0.139436, -0.00686575, -0.00810916, -0.0190977, 2
0.282849, 0.0225343, 0.0309591, -0.00267914, -0.000381233, -0.00173236, 2
-0.595337, 0.0204113, 0.046775, 0.00224634, -0.0126613, 0.0050627, 2
-0.449746, 0.0737307, 0.0208574, 0.00521832, 0.0053507, 0.000208754, 2
-0.109879, 0.555496, 0.0424035, 0.00185995, 0.00148534, -0.000553396, 2
0.574162, 0.562375, 0.00171449, 5.39645e-05, 8.10108e-05, 0.0113015, 2
0.316752, 0.357502, 0.228442, 0.0124441, -0.0105087, -0.00963672, 2
0.170581, -0.250915, 0.0785172, 0.042635, 0.025527, 0.0169702, 2
-0.445893, 0.452538, 0.282988, -0.00218852, 0.00063246, 0.00304735, 2
0.401021, 0.292848, 0.0812499, 0.00100938, 0.017286, -0.00914793, 2
0.629436, -0.549127, 0.108779, 0.00289101, 0.00547043, -0.00241654, 2
-0.072749, 0.363685, 0.271904, 0.0125551, 0.0137329, -0.0150113, 2
0.0510876, 0.398312, 0.119516, -0.0281253, 0.0185782, 0.00386297, 2
0.238188, 0.578529, 0.295439, -0.00420014, 0.00673997, -0.0185182, 2
0.321618, -0.161314, 0.276822, -0.00914542, -0.00130152, 0.00835841, 2
0.491232, -0.217115, 0.259925, -0.0268193, 0.03775, -0.0808929, 2
0.49809, -0.530326, 0.19181, 0.092586, -0.0904853, 0.0242699, 2
0.151931, 0.270218, 0.286572, -0.00158933, -5.80219e-05, -0.00343446, 2
0.466, 0.454289, 0.242216, -0.0354142, 0.0189614, -0.0151727, 2
0.338023, 0.225347, 0.157937, 0.0255156, 0.168719, -0.0115208, 2
-0.596904, 0.224819, 0.178146, -0.0254927, 0.0237513, -0.0265714, 2
-0.161787, -0.477893, 0.111577, 0.021391, -0.0569032, -0.0498589, 2
-0.334098, 0.203158, 0.0536639, -0.0019467, 0.0391471, -0.0149735, 2
0.143965, -0.188618, 0.0408053, -0.0039024, 0.00409189, -0.00506923, 2
0.0657958, -0.496964, 0.157968, 0.000118368, 0.000427504, -0.0027701, 2
-0.0868413, 0.624231, 0.26118, 0.0144826, 0.00885572, -0.00835023, 2
-0.307066, 0.492358, 0.286089, 0.0027446, -0.00526739, 0.00278843, 2
0.460174, 0.0143252, 0.196153, -0.027708, -0.0317619, 0.056539, 2
0.346536, -0.149639, 0.152235, 0.0376302, -0.0392439, -0.014353, 2
0.0554722, -0.441579, 0.0510805, 0.000494262, -0.00254133, -0.00278753, 2
-0.572706, -0.40852, 0.264776, -0.0107301, -0.0709023, 0.00525885, 2
0.139879, 0.0596572, 0.302794, 0.00050793, 0.0063981, -0.00744666, 2
0.586186, 0.355523, 0.196092, 0.00407294, -0.000513008, -0.00179621, 2
-0.459086, -0.130476, 0.306429, -0.00223409, -0.00140752, -0.012545, 2
-0.295864, 0.565284, 0.024697, -0.0185369, 0.0050034, -0.0817611, 2
0.336007, -0.151521, 0.023264, -0.0133896, -0.0163004, -0.0409549, 2
0.1208, 0.171376, 0.303844, 0.0198102, 0.0169537, -0.0550966, 2
0.00523077, 0.00158682, 0.149935, -0.012242, 0.0303105, 0.20258, 2
-0.470084, -0.281841, 0.270016, 0.00797696, 0.00790136, 0.0207791, 2
0.138855, 0.403595, 0.00213034, 0.00116358, -0.000148503, 0.00510593, 2
0.343177, 0.460852, 0.0574913, 0.019835, -0.00116188, -0.00259634, 2
0.142355, -0.0292329, 0.229896, 0.044703, 0.0291343, 0.0327721, 2
0.0936032, -0.0730108, 0.161286, -0.0101595, -0.0113937, -0.0954021, 2
-0.381954, 0.0978669, 0.286158, 0.0621601, -0.0157442, 0.018275, 2
-0.416166, 0.431966, 0.269988, -0.00565576, -0.00367931, 0.0132425, 2
-0.317377, 0.138009, 0.0746171, 0.00735793, -0.0317558, 0.000478647, 2
-0.224321, -0.371154, 0.274952, -0.0081784, -0.0148557, 0.0391056, 2
-0.268871, 0.26404, 0.117858, 0.0559728, 0.107893, -0.147552, 2
0.330868, 0.42392, 0.204888, -0.00914101, 0.00584643, -0.00442054, 2
0.151005, -0.0671887, 0.148296, 0.0653936, 0.0275828, -0.0256735, 2
0.159526, -0.353975, 0.106018, -0.00838561, -0.0106715, -0.0189027, 2
0.389492, 0.418343, 0.256201, -0.0132497, 0.0206361, 0.00844561, 2
0.0491503, -0.118017, 0.0804575, -0.11758, -0.0105156, -0.000806786, 2
-0.565632, 0.129992, 0.262415, -0.0328587, -0.0110184, -0.0663499, 2
0.579001, 0.34379, 0.212916, -0.0024246, -0.00394605, 0.0027522, 2
0.399027, -0.603551, 0.0899271, -0.0160801, -0.0122726, -0.00911391, 2
-0.562432, -0.197908, 0.154629, -0.00769617, 0.0019711, -0.00362158, 2
0.537376, 0.163184, 0.0631486, -0.00320348, 0.00364949, 0.0022791, 2
-0.25112, -0.135911, 0.0116378, 0.00532259, 0.0126763, -0.0128846, 2
0.568434, -0.614869, 0.152331, -0.00171656, 0.00442448, 0.00108745, 2
-0.0983078, 0.17462, 0.221328, -0.0361962, -0.0181022, -0.0595841, 2
0.325766, -0.0658515, 0.168423, -0.0199372, 0.0209296, -0.0111856, 2
0.0906433, 0.613262, 0.29641, 0.0345935, 0.0904088, -0.0125481, 2
0.412473, -0.582333, 0.171417, 0.0228498, -0.00334114, 0.0048735, 2
0.202207, 0.626631, 0.0998737, 0.00223129, -0.00839656, 0.00135625, 2
-0.206057, 0.395695, 0.106477, 0.0122079, 0.0603454, -0.0503894, 2
0.153651, 0.463226, 0.214491, 0.0382961, -0.0684046, 0.086994, 2
-0.487758, 0.370639, 0.0977958, 0.0420677, 0.0799868, -0.0930393, 2
-0.235163, -0.510444, 0.221309, 0.056425, 0.0316449, 0.0923962, 2
-0.188612, -0.571974, 0.225082, 0.00320541, -0.0247341, 0.00904755, 2
0.420714, -0.0403181, 0.111247, -0.0476204, -0.074067, -0.00368855, 2
0.0461006, -0.344516, 0.252275, -0.0188192, 0.00149422, -0.00826546, 2
-0.540133, 0.376091, 0.248099, -0.00846219, 0.00524499, -0.000577876, 2
-0.61442, 0.158601, 0.260007, -0.026522, 0.0438754, -0.0357279, 2
0.0712478, -0.269156, 0.259174, 0.0114094, -0.0156673, -0.00820349, 2
0.470743, 0.15475, 0.200607, 0.045755, -0.0523248, -0.0559611, 2
-0.363277, -0.321562, 0.158923, -0.0747286, 0.130415, -0.0545934, 2
0.494685, -0.179356, 0.0940914, 0.229371, 0.0211458, 0.175994, 2
-0.374058, 0.215444, 0.123971, 0.0210902, 0.0182993, 0.00738918, 2
0.511177, -0.603131, 0.138469, 0.00125162, 0.00208252, 0.000451702, 2
0.151579, 0.447546, 0.28588, 0.00833215, 0.000358118, -0.00314151, 2
0.596566, -0.136317, 0.0422602, -0.000618279, 0.000173996, -0.000238626, 2
0.345737, -0.0464868, 0.293774, 0.000687988, 0.0014958, -0.00158873, 2
0.0782076, -0.0309437, 0.175933, 0.00551828, 0.081078, -0.173702, 2
-0.141692, -0.589659, 0.266135, 0.00388496, -0.0264153, -0.00199597, 2
-0.364923, 0.511047, 0.147332, 0.0066677, 0.0163258, -0.023287, 2
0.437504, -0.482194, 0.224432, -0.0296368, 0.0140268, -0.0672977, 2
-0.186732, -0.617472, 0.0221024, -1.89439e-07, 0.00652019, 0.00298645, 2
0.189633, -0.361567, 0.233454, 0.0142313, 0.0593832, 0.121755, 2
-0.574409, -0.480353, 0.240162, 0.00099283, -0.00574632, -0.000350925, 2
-0.0205344, 0.30119, 0.194558, -0.0172305, 0.0119611, 0.00551797, 2
-0.136942, 0.267792, 0.0029876, 0.00419103, 0.00842162, 0.00326188, 2
0.0320991, -0.0164341, 0.148857, 0.107169, -0.0697367, 0.121662, 2
-0.0527325, -0.56819, 0.298612, -0.00287185, 0.00709907, 0.00952975, 2
-0.608927, -0.0799181, 0.308688, 0.00182591, -0.000139859, -0.000756147, 2
0.455614, 0.185123, 0.278959, 0.000772657, -0.0131477, 0.029017, 2
-0.214986, -0.00733657, 0.000919275, -0.0240803, 0.00169486, -0.0598559, 2
-0.577183, 0.435894, 0.00404222, -0.0131295, -0.000239602, -0.00597459, 2
-0.488774, -0.00443581, 0.0711414, 0.00547996, -0.00818399, 0.0539775, 2
0.445043, 0.0511188, 0.108544, -0.0677271, 0.313348, 0.0456059, 2
0.145765, -0.599379, 0.0263506, 0.000166951, 0.00129503, 0.00161679, 2
-0.33593, -0.106357, 0.250789, 0.0115572, 0.00173279, 0.0381665, 2
-0.32398, 0.555705, 0.0891901, -0.373288, 0.0173992, 0.0502212, 2
0.271447, -0.126991, 0.104633, 0.0412028, 0.0305056, 0.0745643, 2
0.205967, -0.105954, 0.242145, 0.0217863, 0.030639, 0.0684675, 2
0.180791, -0.280303, 0.130935, 0.0310975, 0.00476472, -0.0970639, 2
0.0366984, 0.134674, 0.286591, 0.125123, 0.117377, -0.0806517, 2
0.0403755, 0.187454, 0.238074, -0.0133196, 0.0183338, -0.00215265, 2
0.0565444, 0.328644, 0.0794742, -0.000699396, -0.0123186, -0.0136013, 2
0.34111, 0.143724, 0.249745, -0.0254186, 0.0182706, 0.0268836, 2
-0.484641, -0.340474, 0.257391, 0.164856, 0.158644, 0.106912, 2
-0.379238, -0.0464412, 0.0733107, 0.00420896, -0.0114588, -0.0114779, 2
0.62392, 0.259542, 0.0547462, -0.00866943, 0.00150532, -0.000142726, 2
-0.279247, -0.0989739, 0.180489, 0.0272101, 0.0134537, 0.00561538, 2
0.139287, -0.52297, 0.311492, 0.00124769, 1.28402e-05, -0.000244076, 2
-0.152061, 0.287784, 0.0839251, -0.00958249, -0.0209869, -0.00321642, 2
0.371678, -0.305481, 0.275085, -0.0308007, -0.0119226, 0.023402, 2
0.258116, 0.364858, 0.164457, -0.0256764, 0.0131657, -0.0188602, 2
-0.0495145, -0.208561, 0.0891273, 0.0141217, -0.027889, -0.0141528, 2
0.268382, -0.497414, 0.282549, 0.0615958, -0.0151723, -0.0145687, 2
0.00743476, -0.352092, 0.0399397, 0.00638562, 0.00770972, -0.0203845, 2
-0.222929, -0.101367, 0.18582, 0.0144425, 0.00122105, 0.00527238, 2
0.0703142, -0.10741, 0.093215, 0.0433465, 0.0297405, 0.0750515, 2
0.289299, 0.243306, 0.225962, 0.00189171, 0.0067948, 0.024572, 2
-0.24867, -0.24737, 0.252711, 0.00522312, 0.0111614, 0.00504396, 2
-0.26263, 0.230533, 0.167166, 0.464138, 0.705082, 0.328205, 2
0.0730704, -0.0277527, 0.248286, 0.202139, 0.109354, 0.216599, 2
-0.0865184, -0.3996, 0.18201, 0.0884875, 0.0185475, -0.0256243, 2
0.571311, 0.180849, 0.287361, -0.00201669, 0.00367565, 0.0011641, 2
-0.332107, -0.180732, 0.00551622, -0.0282988, -0.0263366, -0.0872965, 2
-0.461837, 0.456666, 0.0749842, 0.00957897, -0.0106481, -0.00972094, 2
-0.302079, -0.396226, 0.207133, 0.18482, -0.362999, 0.586935, 2
0.441202, 0.304052, 0.0227899, -0.000540232, -0.00157158, 0.00276862, 2
-0.445865, -0.0366127, 0.241107, -0.00164933, 0.0010463, 0.000650544, 2
0.457985, 0.344681, 0.021774, -0.00146445, -0.00303865, 0.00278792, 2
0.2089, -0.547913, 0.236898, 0.0149555, 0.0293663, 0.02113, 2
-0.382364, 0.155121, 0.072469, 0.0180363, -0.0403464, 0.0067955, 2
0.610782, -0.561361, 0.13006, 0.000800227, 0.00463507, 0.010356, 2
0.0788957, -0.620014, 0.0177812, -8.59324e-05, 0.00754351, 0.00406434, 2
-0.0315884, -0.322157, 0.130089, -0.0191593, 0.0177685, 0.0266887, 2
-0.00952351, -0.154031, 0.0867648, 0.00636611, 0.00391841, -0.00245188, 2
0.290413, 0.173853, 0.145199, -0.381776, 0.5428, 0.176126, 2
-0.14098, -0.0149077, 0.0637212, 0.00195622, 0.0113441, 0.0132623, 2
-0.0498205, 0.169191, 0.212059, 0.0690263, 0.0230059, -0.0188836, 2
-0.345318, -0.00278797, 0.140738, 0.0132775, -0.00731218, -0.00405942, 2
-0.258222, -0.423851, 0.161251, 0.153117, -0.143425, -0.0280813, 2
-0.570557, -0.176251, 0.0425402, -1.21956e-06, 1.56514e-07, -0.000207711, 2
-0.280681, -0.195432, 0.0596908, 0.213609, -0.146347, -0.163396, 2
0.239559, 0.513427, 0.0621782, -0.00335206, 0.0364494, -0.00895649, 2
0.310684, -0.148125, 0.13913, -0.00540061, -0.0277112, -0.0128494, 2
-0.428887, 0.472315, 0.258113, -0.00620007, 0.00916486, 0.00851103, 2
-0.0818277, 0.132764, 0.144085, 0.000188122, -0.00557838, 0.0100518, 2
0.498969, 0.621748, 0.297849, 5.9647e-05, -0.007986, -0.000424075, 2
-0.506073, -0.0580362, 0.182656, 0.00429277, 0.000826827, -0.00584781, 2
0.342163, 0.226609, 0.0244682, 0.0105499, -0.00150706, -0.0385023, 2
-0.354812, 0.598351, 0.0759962, -0.0690634, 0.0708666, -0.00956161, 2
0.290192, -0.602169, 0.189424, 0.00457096, 0.00221098, 0.00628033, 2
0.460352, -0.252887, 0.298057, 0.109838, -0.105099, 0.0229211, 2
-0.560811, 0.616636, 0.268923, 0.00336262, 0.0123708, 0.00102241, 2
-0.312098, 0.297356, 0.0744007, -0.173948, 0.0488242, -0.0131313, 2
0.244421, 0.498433, 0.0349885, -0.00796686, 0.0254556, -0.0353399, 2
0.0169447, -0.213358, 0.22567, 0.00392711, -0.00144463, -0.010331, 2
0.593286, -0.344353, 0.223617, 0.0460217, -0.0713752, -0.0871703, 2
0.524756, -0.220463, 0.0516166, 0.0558464, -0.0612591, -0.024967, 2
-0.00454708, -0.508263, 0.26576, 0.00876077, -0.0211839, -0.0144676, 2
0.0933257, -0.233112, 0.257857, 0.00804376, -0.000388252, 0.0108116, 2
0.397311, -0.572883, 0.264805, 0.0360694, -0.0199165, 0.0231145, 2
-0.104919, 0.517433, 0.0440926, 0.00114046, 0.000430064, -0.00173003, 2
-0.172618, 0.586585, 0.0407606, 0.0428171, 0.0159769, -0.0152304, 2
-0.356853, -0.355477, 0.272591, -0.0785525, 0.00366078, -0.0196619, 2
-0.0592507, 0.518907, 0.239708, -0.0447725, 0.0169979, 0.012531, 2
0.0807033, -0.0941115, 0.0288774, 0.0117902, 0.0227348, -0.0368314, 2
-0.276542, -0.130789, 0.10028, 0.188197, 0.121146, -0.0414678, 2
0.617925, -0.235997, 0.202655, 0.120211, 0.0409023, 0.0259423, 2
-0.435536, 0.389419, 0.23308, -0.00546737, -0.000868558, 0.00173853, 2
0.627504, -0.147218, 0.0173115, -0.0111687, 6.91145e-06, 0.00448057, 2
0.399003, -0.379871, 0.0315815, -0.0147167, -0.0427559, -0.0102714, 2
0.198297, 0.145173, 0.00344881, -0.0262207, -0.00351503, -0.0273106, 2
0.374667, 0.602519, 0.307586, -7.15843e-05, -0.000211485, 0.000393324, 2
0.53771, -0.384298, 0.0612258, -0.00934874, -0.0287953, 0.0840443, 2
0.368145, 0.186415, 0.0334618, 0.00866424, -0.00655641, -0.00970491, 2
0.0670493, -0.362845, 0.167425, -0.0206049, -0.000799854, 0.000540074, 2
0.182559, -0.00942361, 0.292218, 0.00295924, -0.000985245, -0.00190427, 2
0.583679, -0.0214624, 0.0757282, 0.000389755, 0.00143626, -0.00177264, 2
0.134373, 0.172965, 0.0155922, -0.0255566, -0.0201334, -0.0954742, 2
-0.193233, 0.170506, 0.136278, -0.0399408, 0.0120823, 0.0392041, 2
-0.123987, -0.0604548, 0.198802, -0.00790017, -0.0446051, -0.0175366, 2
0.00233946, -0.492122, 0.077604, 0.000276253, -1.77565e-05, -0.0016771, 2
0.0161347, 0.512509, 0.0707428, 0.0435844, 0.131764, -0.153081, 2
-0.0134486, 0.420255, 0.132159, -0.00358028, -0.00306462, 0.000379065, 2
0.231455, 0.158436, 0.0212719, -0.0993385, 0.0958661, -0.165206, 2
0.365302, -0.404478, 0.0880514, 0.00338692, -0.00425639, -0.0060361, 2
-0.224926, 0.408045, 0.243186, 0.00177875, 0.00225153, 0.00173673, 2
-0.31598, 0.36176, 0.0803299, -0.00420044, 0.0372232, -0.024565, 2
-0.0130667, -0.13383, 0.281062, -0.0173899, 0.0158041, -0.0622116, 2
0.049302, 0.302901, 0.166198, 0.0408861, 0.0576526, 0.0267983, 2
0.594416, -0.451049, 0.308575, -0.00206247, 0.00242266, -0.0252817, 2
0.129695, 0.181254, 0.0280536, -0.0614689, 0.00569971, -0.0298604, 2
0.440111, -0.432575, 0.313672, 0.0374039, -0.0096368, 0.0741335, 2
-0.536845, 0.18394, 0.261245, -0.0549685, 0.0304562, 0.00624002, 2
-0.00820833, -0.214569, 0.143363, 0.0171404, 0.00744529, -0.00184801, 2
0.0768794, -0.47923, 0.199734, -0.00809947, 0.00187876, 0.0012074, 2
0.429085, -0.0741929, 0.144255, 0.00218584, 0.00144554, 0.0118563, 2
0.141904, 0.239791, 0.0772038, -0.0349989, 0.00630128, 0.0157595, 2
0.463223, -0.403239, 0.201237, 0.104355, 0.0140089, -0.0896442, 2
0.327545, 0.276026, 0.119472, -0.00928381, 0.0298373, 0.00150207, 2
-0.267591, 0.240478, 0.1642, 0.0588263, 0.896987, 0.131562, 2
-0.293219, -0.25979, 0.0520227, -0.00130296, -0.0130322, -0.0648615, 2
-0.181004, -0.449643, 0.10137, 0.000506612, -0.0352426, -0.0751642, 2
-0.186245, -0.356524, 0.304846, 0.0114482, -0.000186527, 0.0124362, 2
-0.401193, 0.265231, 0.0937125, 0.0178006, 0.00954457, 0.00773714, 2
0.172258, -0.287853, 0.131396, -0.0291393, -0.0424028, -0.0979999, 2
-0.288731, -0.488731, 0.270338, 0.0288925, 0.0650436, 0.0269116, 2
0.288287, 0.283136, 0.172795, 0.0193462, 0.0275525, -0.00676096, 2
0.597102, 0.116396, 0.229476, 0.00864521, -0.0160937, 0.0321136, 2
0.142124, -0.186023, 0.140992, -0.00214117, 0.0138069, -0.00508523, 2
0.62001, 0.17635, 0.0436208, 0.0274046, 0.0481288, -0.0337837, 2
0.0168838, 0.513094, 0.136164, -0.0202999, 0.0670987, 0.107586, 2
0.224974, -0.297873, 0.181244, 0.0188978, 0.0315733, 0.0174191, 2
-0.629473, 0.145845, 0.249604, -0.0291006, 0.00763982, -0.0365166, 2
0.589909, 0.374616, 0.158421, 0.0154399, -0.00388836, 0.00921487, 2
-0.295168, -0.0830894, 0.243949, 0.018473, 0.00768998, 0.0217484, 2
0.230415, 0.258143, 0.279257, -0.00929154, -0.0137385, -0.0157249, 2
0.0518414, -0.083534, 0.19255, -0.156738, 0.0371039, -0.187582, 2
-0.516904, -0.116395, 0.0641577, -0.00303084, -0.00197987, 0.00016664, 2
0.401001, -0.604235, 0.175143, 0.012295, -0.0234104, 0.00786877, 2
-0.294958, -0.614188, 0.0617394, -0.0718978, -0.109014, 0.0209278, 2
-0.120475, 0.0326595, 0.0325222, -0.0291871, -0.00192325, 0.00203136, 2
0.424182, -0.37233, 0.115545, 0.0233764, -0.00759734, -0.0139008, 2
-0.110768, -0.37184, 0.309497, -0.00157905, -0.000529833, -0.00229226, 2
-0.372278, -0.411894, 0.24566, -0.0297669, 0.00632787, 0.0639253, 2
0.261406, -0.077099, 0.0673968, -0.0107824, 0.0548917, -0.00508126, 2
-0.022727, -0.476648, 0.289423, 0.00681494, -0.00587694, -0.00588779, 2
-0.165628, 0.205157, 0.111049, 0.0201007, -0.00617009, 0.0873814, 2
0.604571, 0.318216, 0.239441, -0.000289105, -0.00297056, 0.0022761, 2
-0.398725, 0.0892538, 0.245873, 0.0632171, -0.13795, 0.0672693, 2
0.301846, 0.424259, 0.249817, -0.0025232, 0.00228644, 0.00262631, 2
0.548804, -0.326179, 0.100491, -0.0164834, -0.0375516, -0.00608095, 2
-0.581034, -0.531961, 0.1649, -0.00588279, 7.87104e-06, 0.0069672, 2
-0.118855, -0.0127651, 0.229431, -0.0805709, -0.0870161, 0.0454669, 2
-0.140795, 0.24492, 0.283948, -0.0362478, -0.0614881, 0.0371989, 2
-0.418082, -0.123638, 0.107182, -0.00295923, 0.00240994, -5.57731e-05, 2
-0.148495, 0.483599, 0.145511, -0.00369491, -0.00180851, -0.00103657, 2
-0.250729, -0.311992, 0.0393096, 0.0204471, -0.00186753, -0.0132974, 2
0.193467, -0.337385, 0.276355, 0.00251384, 0.00668454, 0.0141853, 2
-0.108696, -0.106147, 0.141177, -0.0113013, 0.00151598, 0.0427645, 2
-0.38513, -0.434264, 0.0897511, -0.0213509, -0.108295, 0.0245138, 2
0.614138, -0.515423, 0.165697, -0.00422243, 0.00241644, 0.000930228, 2
-0.243825, -0.466493, 0.190198, -0.028326, -0.0259762, 0.040661, 2
0.415774, 0.0446146, 0.0295158, -0.0148477, 0.00170331, -0.0222793, 2
0.0735687, 0.533783, 0.248237, -0.0209782, 0.118421, 0.0771788, 2
-0.050567, -0.514262, 0.0598363, 0.00188157, -0.00154506, -0.000333821, 2
0.378162, -0.0327931, 0.0232452, 0.0115734, 0.00543907, -0.000162553, 2
-0.299721, 0.346442, 0.102738, -0.00121229, 0.0393828, -0.0079967, 2
-0.142482, -0.0900546, 0.175883, -0.00485799, -0.0090469, 0.000485575, 2
-0.296991, 0.431213, 0.306837, 0.0119459, 0.0051688, -0.00812503, 2
0.267717, -0.583881, 0.0407801, -0.00054138, -0.00188353, -0.00100867, 2
0.626722, -0.599706, 0.0694152, -0.00935827, -4.28753e-05, -0.00348069, 2
0.0295836, -0.213568, 0.110283, -0.0277432, 0.0135606, -0.00097748, 2
-0.469552, -0.427758, 0.278927, 0.0118184, -0.0175748, 0.00826627, 2
-0.351488, 0.275775, 0.254882, -0.00185347, -0.000973429, 0.000835092, 2
-0.618469, -0.404756, 0.283808, -0.040938, -0.00736594, 0.0133385, 2
-0.379123, 0.603369, 0.118118, -0.00825577, 0.00171347, 0.0066651, 2
-0.286143, -0.326315, 0.047238, 0.0726229, 0.0105006, -0.0621068, 2
0.124809, 0.161167, 0.182215, 0.00440287, -0.00235059, 2.59955e-05, 2
-0.431587, 0.494139, 0.132528, 0.00472123, 0.0398533, 0.000596699, 2
-0.464167, 0.131893, 0.144048, -0.30985, -0.329682, 0.12909, 2
-0.301047, 0.128651, 0.151612, -0.026883, -0.0608615, -0.00256247, 2
-0.023386, -0.471729, 0.255711, -0.0031033, 0.00298779, -0.0367309, 2
0.417745, -0.311317, 0.306263, -0.00843381, -0.0576747, 0.0382646, 2
0.273527, -0.0328417, 0.217716, -0.00761385, -0.0374677, 0.0727221, 2
0.0331284, -0.0213469, 0.274018, -0.0766322, 0.0435752, 0.173563, 2
-0.0915683, 0.229493, 0.267369, -0.0038441, -0.0424214, 0.0181652, 2
0.380905, 0.573314, 0.0282996, 0.094102, -0.00207738, -0.0346949, 2
0.569857, 0.0681597, 0.226082, -0.0050067, -0.00997119, 0.00286175, 2
0.0387915, 0.266536, 0.192126, 0.0448023, 0.0339848, 0.104938, 2
0.568902, 0.432332, 0.0676084, 0.0178838, -0.00400724, -0.0218265, 2
-0.114832, -0.498678, 0.257262, 0.0254991, 0.0298567, 0.025875, 2
0.491617, 0.107899, 0.296821, 0.0422334, 0.0063561, -0.0669024, 2
0.254536, -0.10432, 0.0615008, -0.0226396, 0.120768, -0.0137384, 2
0.219661, -0.460756, 0.210781, -0.0437958, -0.0159152, 0.0164628, 2
-0.169404, 0.202335, 0.0479536, -0.0665507, -0.0505254, -0.0573855, 2
-0.33326, -0.519196, 0.262818, 0.103628, 0.0767256, 0.280508, 2
-0.523711, 0.491672, 0.248655, 0.000245096, 0.000446439, 0.000752619, 2
-0.410512, 0.431567, 0.108205, 0.00345074, -0.010766, -0.00597688, 2
0.493816, -0.159605, 0.0173476, 0.0250446, 0.121774, -0.133414, 2
0.0023934, -0.220667, 0.282921, -0.0214835, 0.00203067, -0.030697, 2
0.272827, 0.294464, 0.000760938, 0.00811229, 0.00165972, 0.00820791, 2
0.0419485, 0.156118, 0.185227, -0.00382149, -0.016544, 0.00315927, 2
-0.0306951, -0.21931, 0.00165577, -0.000556038, -0.00342068, 0.00783844, 2
0.215308, -0.629612, 0.0439575, 3.70064e-07, 0.0123053, -0.000239311, 2
-0.201494, -0.169053, 0.252032, -0.000690804, -0.000370862, -0.000589378, 2
-0.00967953, 0.127651, 0.279724, -0.17383, 0.0990538, -0.100584, 2
-0.218335, 0.233903, 0.245151, -0.0164837, -0.103572, -0.0375041, 2
-0.48364, 0.453355, 0.195552, 0.000373854, 0.00449066, 0.0129957, 2
-0.0508222, 0.317207, 0.313142, -0.0159791, 0.0992742, -0.102463, 2
0.018568, -0.310363, 0.100484, -0.00853307, 0.00433835, -0.00682014, 2
-0.109673, 0.592428, 0.016609, 0.000416085, -0.000233871, 0.00453954, 2
-0.10663, 0.00441284, 0.213129, 0.0527076, 0.0379154, -0.107959, 2
-0.62565, 0.603681, 0.0008111, 0.0102167, -0.00215831, 0.0118074, 2
-0.619027, 0.189026, 0.000898851, -0.0560659, 0.0489048, -0.0410373, 2
-0.443197, 0.617495, 0.116127, 0.00823129, 0.00813025, 0.00500628, 2
0.564932, -0.0221479, 0.30553, -0.0287338, -0.000325951, -0.0155745, 2
0.423901, 0.38948, 0.206515, 0.013152, -0.0113595, -0.0259917, 2
0.144579, 0.535804, 0.162363, -0.0890521, 0.0450799, -0.0622414, 2
-0.33314, -0.144982, 0.0841738, -0.239382, 0.184004, -0.0195988, 2
-0.340501, 0.503549, 0.164074, 0.0110484, -0.00862615, -0.009104, 2
0.0614349, -0.236087, 0.15469, -0.110726, 0.0340368, 0.0884539, 2
0.127871, 0.287246, 0.313284, 0.008561, 0.00971957, -0.0291643, 2
-0.279538, 0.29156, 0.306714, -0.0199531, -0.0337502, 0.0380443, 2
-0.276294, 0.302496, 0.196479, -0.022388, 0.0411128, 0.0567247, 2
-0.272699, 0.489262, 0.193362, 0.000126898, -0.0682044, 0.0206212, 2
0.191808, 0.424231, 0.0303342, -0.0196113, -0.00721472, -0.00650131, 2
0.154001, 0.218168, 0.285195, 0.00540498, 0.00572339, 0.000452877, 2
-0.279866, -0.267217, 0.261655, 0.010794, 0.0313484, 0.0300921, 2
0.369585, 0.029607, 0.0679187, -0.012923, 0.0042651, -0.0056322, 2
-0.553646, 0.31907, 0.0363152, -0.00944975, -9.74422e-06, -0.00417829, 2
0.10265, -0.249459, 0.134784, 0.0876435, -0.0636874, 0.063054, 2
-0.538517, 0.508376, 0.049105, 0.0911647, -0.0990689, -0.0403289, 2
-0.545308, -0.401126, 0.279486, 0.0372839, -0.074687, 0.118452, 2
-0.578381, -0.0474569, 0.197619, -0.0199716, -0.0085197, 0.00455111, 2
0.207536, 0.309808, 0.162444, 0.00763656, 0.00407343, -0.00848888, 2
-0.278943, -0.128348, 0.11101, 0.162105, 0.118111, 0.0548632, 2
-0.157606, -0.604311, 0.00806143, 5.93578e-07, 0.0023031, 0.00817177, 2
-0.276753, -0.254213, 0.0987481, 0.0859182, -0.0669869, -0.113315, 2
-0.490059, -0.514591, 0.263641, -0.000583671, 0.0084681, 0.00133537, 2
-0.218384, -0.438274, 0.185917, -0.0788771, -0.0160296, 0.0584938, 2
-0.0731232, 0.294339, 0.281044, -0.128071, 0.105712, -0.00476395, 2
0.466014, 0.385785, 0.250647, 0.00115818, 0.000490745, -0.0356326, 2
-0.597493, 0.470441, 0.307856, 0.000868962, -7.25292e-05, -0.000299423, 2
0.520449, 0.522024, 0.138501, -0.0618061, -0.0288643, -0.0255291, 2
0.0509979, 0.0995964, 0.0584619, 0.00609867, -0.00390798, 0.000467206, 2
-0.559155, 0.450617, 0.183866, 0.000832932, -0.000705072, 0.0031273, 2
-0.115114, -0.336953, 0.190279, 0.0542631, 0.0571086, -0.0258134, 2
-0.0828679, 0.0162576, 0.284217, -0.0141064, 0.0226728, 0.0152575, 2
0.312125, 0.156162, 0.31306, 0.0369425, -0.0264838, -0.0841472, 2
0.106761, 0.567741, 0.0460004, -0.0411298, 0.0473583, -0.0643491, 2
-0.409497, -0.135345, 0.277076, -0.00687795, -0.00118214, -0.00512596, 2
-0.545249, -0.299295, 0.216032, -0.17062, -0.0301541, -0.0306468, 2
0.457337, -0.266825, 0.176151, -0.000444236, -0.00990376, -0.00130548, 2
0.428834, -0.376339, 0.149166, 0.0375992, 0.0155287, -0.0142177, 2
-0.27709, 0.304622, 0.0165744, 0.0466119, 0.0164809, -0.144739, 2
-0.0432422, 0.375431, 0.286719, 0.0191066, 0.0122088, -0.00842586, 2
-0.567706, -0.369646, 0.0449903, -0.0481509, -0.0132548, 0.0295151, 2
0.19341, 0.177449, 0.206546, -0.00176022, 0.0002313, 0.00076585, 2
0.0703494, -0.14039, 0.0880952, 0.0139662, -0.0823435, 0.0874546, 2
0.0626614, 0.596335, 0.0725397, 0.00454924, 0.0133002, -0.00813991, 2
0.246663, -0.443125, 0.196194, 0.0478136, 0.0595166, -0.0429313, 2
0.0950405, -0.358411, 0.278861, -0.0406768, -0.014069, -0.0248174, 2
-0.30076, -0.531038, 0.054664, 0.00423663, 0.03829, -0.017396, 2
0.403844, 0.527759, 0.11807, 0.0112792, -0.014125, -0.00859713, 2
-0.259418, -0.379294, 0.0367347, 0.00883224, -0.00507419, -0.0136227, 2
-0.193121, 0.207427, 0.288083, 0.00147643, -0.0179828, 0.0125678, 2
-0.30617, 0.269685, 0.0381808, -0.0330139, -0.0916992, -0.0701684, 2
-0.126208, -0.166869, 0.240034, -0.0141377, 0.00941851, -0.0100943, 2
-0.559953, 0.533444, 0.0474458, -0.0974952, 0.0220265, -0.092836, 2
-0.207572, -0.033858, 0.0390386, -0.0296643, -0.032333, 0.0754246, 2
0.0825865, -0.417158, 0.0857481, 0.000777818, -0.000553615, 0.00364776, 2
-0.392564, 0.307846, 0.153636, 0.00570042, -0.00440928, 0.00458505, 2
-0.537046, -0.622878, 0.178368, -0.00149143, 0.00789791, 0.000521281, 2
-0.31839, 0.41093, 0.152817, -0.0645797, 0.116067, -0.0319531, 2
0.153891, -0.478452, 0.215484, 0.0126153, 0.0260189, 0.0495026, 2
0.30083, -0.0416093, 0.10985, -0.0258785, 0.015872, -0.00715588, 2
0.193236, 0.282184, 0.0197803, -0.0245149, 0.0293125, -0.00877813, 2
0.345959, -0.473988, 0.135554, -0.00251176, -0.00533124, -0.0029644, 2
0.0461683, -0.403977, 0.111424, 0.0156011, -0.00884539, 0.00821247, 2
0.235951, 0.0184142, 0.26045, -0.0438231, -0.0285669, 0.0313244, 2
0.392106, -0.528963, 0.313652, -0.0011363, -0.00689645, 0.0103984, 2
-0.524829, -0.291563, 0.233122, -0.0326885, 0.0217744, 0.160023, 2
0.0897159, -0.198645, 0.234894, 0.00255553, -0.0786975, -0.00254026, 2
-0.456741, 0.112928, 0.180135, -0.0581097, -0.0905008, 0.110648, 2
0.154526, -0.363144, 0.218013, -0.107377, 0.128342, 0.0931382, 2
-0.243466, 0.567649, 0.0501199, -0.0931477, 0.0706031, -0.197739, 2
0.195934, 0.130921, 0.278157, 0.000939652, -0.0055372, 0.00353226, 2
0.275055, -0.153083, 0.00216916, 0.0645309, 0.0361104, -0.122807, 2
-0.442656, 0.523049, 0.0586657, 0.00115073, -0.00199982, -0.0137624, 2
0.00304031, 0.129036, 0.22076, -0.0358067, 0.0915907, -0.0955611, 2
-0.215085, -0.108821, 0.24601, -0.00698404, -0.00503196, -0.0014356, 2
-0.220404, -0.00368645, 0.0156287, -0.0500872, 0.0231292, 0.0262624, 2
-0.547842, -0.543934, 0.123458, -0.0479739, -0.00884285, 0.00412588, 2
0.391733, -0.370711, 0.309181, -0.0297636, 0.0468502, 0.0668204, 2
-0.147653, 0.413778, 0.0609042, 0.00772133, 0.015039, 0.00444181, 2
-0.535528, -0.459651, 0.0453256, 0.0249258, -0.0720837, 0.0077486, 2
-0.335048, 0.366246, 0.235547, 0.0272205, -0.0230569, 0.04575, 2
-0.482347, 0.0113376, 0.0397851, 0.0114768, 0.0217748, 0.0136322, 2
-0.47367, 0.198645, 0.0130563, 0.0052585, 0.00447626, 0.00279849, 2
-0.239007, -0.428278, 0.202806, 0.0126955, -0.0357682, 0.107529, 2
-0.615894, -0.0133994, 0.0181102, 0.00545523, -0.000908645, 0.00370496, 2
0.368148, 0.39616, 0.174679, -0.00305424, -0.00296929, -0.0188547, 2
0.430662, 0.478281, 0.196187, -0.00129545, 0.00133723, -0.00756299, 2
-0.335432, 0.24005, 0.261, -0.00128926, -0.00132659, 0.00249736, 2
-0.358634, -0.537566, 0.206953, -0.107214, -0.00198786, -0.240667, 2
-0.115017, -0.44313, 0.249531, 0.0137712, -0.00685594, 0.0343974, 2
0.0662854, -0.148215, 0.183602, 0.040613, -0.132553, -0.179901, 2
-0.251455, -0.000598357, 0.0289457, -0.0437975, 0.00418124, 0.0262121, 2
-0.0923143, 0.155695, 0.236098, -0.0212281, -0.0487048, 0.0098445, 2
-0.040089, 0.546651, 0.286519, 0.00186887, 0.0164425, 0.00884236, 2
-0.488791, 0.56072, 0.125678, 0.0376279, -0.0304204, 0.012531, 2
-0.41635, 0.298905, 0.0672274, -0.0100429, -0.0645271, 0.0140906, 2
0.282368, 0.0996033, 0.0293068, 0.0735865, -0.0490807, -0.0259077, 2
-0.192812, 0.394135, 0.24681, -0.00498927, 0.00319113, -0.000469189, 2
-0.40874, -0.594462, 0.269909, -0.00461647, -0.00368449, 0.00726719, 2
0.419074, -0.0795159, 0.00163591, 0.000489229, -0.000984737, 0.00859992, 2
0.157273, 0.616733, 0.122073, 0.000182527, -0.000783195, 0.00376546, 2
-0.368246, -0.264685, 0.279414, -0.00507479, 0.0113683, -0.00130894, 2
-0.252463, 0.272964, 0.160847, 0.158341, 0.299693, -0.0257498, 2
-0.567999, -0.397088, 0.140019, -0.00507835, -0.00278136, 0.00460938, 2
0.578077, -0.255916, 0.122708, 0.0924672, -0.0919531, 0.0817609, 2
-0.179136, -0.042302, 0.0399435, 0.0351491, -0.0276889, 0.0243631, 2
0.0897736, -0.389898, 0.222335, -0.0110167, -0.0051262, -0.00336094, 2
0.207001, 0.0472535, 0.163378, -0.000629321, 0.000334104, -0.000113338, 2
-0.0656857, 0.268477, 0.172253, -0.00877785, 0.00496783, 0.00700428, 2
-0.245975, 0.0575879, 0.309865, -0.0218535, -0.0131928, -0.00175566, 2
-0.239431, -0.415103, 0.306558, -0.00211375, -0.00505564, 0.00372493, 2
0.248861, -0.153385, 0.0828955, 0.0297136, -0.015275, 0.188238, 2
0.106591, 0.224116, 0.308627, 0.0460749, 0.00112383, -0.0592914, 2
-0.509947, 0.28608, 0.0518644, -0.0426121, -0.0422023, -0.068052, 2
0.050129, 0.234195, 0.145376, 0.11542, -0.0470879, -0.0381586, 2
0.540962, -0.574905, 0.292292, 0.0265161, -0.0347829, 0.0126188, 2
-0.559191, 0.144832, 0.0373264, 0.339347, -0.38171, 0.0556635, 2
0.33015, -0.278131, 0.206631, 0.119365, -0.0623164, -0.00254904, 2
-0.276265, 0.286147, 0.116259, 0.075652, -0.0104936, 0.0577779, 2
0.412749, -0.589791, 0.288147, 0.0011821, -0.00621048, 0.0123245, 2
0.392283, -0.199259, 0.0268804, 0.0402199, -0.000888883, -0.0496117, 2
0.358586, -0.580362, 0.146025, -0.0150106, 0.00797391, 0.00430497, 2
-0.569759, 0.156193, 0.0445632, -0.000287053, 0.000387235, 0.327155, 2
-0.595176, 0.27621, 0.273574, -0.0985071, 0.0505352, -0.0643189, 2
-0.387719, -0.303625, 0.174632, -0.026653, 0.0479969, 0.0117486, 2
0.193786, -0.392626, 0.188397, 0.0999753, -0.00744682, -0.143167, 2
0.103026, -0.321854, 0.0671138, 0.0151863, -0.0134704, -0.00957768, 2
0.252332, -0.621667, 0.155072, 0.000509064, 0.00090662, -0.0140146, 2
-0.181073, -0.267969, 0.0691179, -0.0175947, -0.00242297, -0.00551603, 2
0.283964, -0.485184, 0.0791609, 0.0308596, 0.0291124, -0.0175657, 2
0.176624, 0.537062, 0.186837, -0.106038, 0.18624, -0.180269, 2
0.284146, 0.265685, 0.199237, 0.0158922, 0.0195022, 0.0352119, 2
-0.39168, 0.32589, 0.0807947, -0.0102092, -0.0321721, 0.0611456, 2
-0.213427, 0.360677, 0.307338, 0.0154217, 0.0118616, -0.00689703, 2
-0.379057, 0.602921, 0.0739409, -0.0204183, 0.0115074, 0.000702471, 2
0.31947, 0.166744, 0.133275, 0.658245, 0.203805, -0.196133, 2
-0.18687, -0.360193, 0.210303, -0.0320218, 0.0665245, 0.0243043, 2
0.081585, 0.522102, 0.212377, -0.0236527, 0.0437075, -0.104416, 2
-0.558054, -0.288934, 0.302875, 0.0574897, 0.0319486, 0.00242401, 2
-0.281582, 0.624993, 0.0240885, -0.01515, 0.00759853, -0.0171767, 2
0.0350613, 0.171654, 0.00086324, 0.000321012, 0.00162658, 0.00985181, 2
-0.477518, -0.174164, 0.224775, 0.00133559, 0.00125617, 0.000354682, 2
0.319432, 0.0641195, 0.148757, -0.00357183, -0.0224965, -0.00285371, 2
-0.617316, 0.480655, 0.0814353, -0.027542, 0.00731135, -0.0118871, 2
0.612036, -0.528365, 0.0746748, 0.0119498, -0.000597951, -0.00767845, 2
-0.352127, 0.421068, 0.273852, 0.00557956, 0.00223502, 0.00271163, 2
0.180973, -0.395765, 0.0263125, -0.00354012, 0.00325473, -0.00632368, 2
-0.237743, 0.315783, 0.314329, 0.0134415, -0.00507328, 0.0364049, 2
0.611763, 0.387693, 0.0846044, 0.00327094, -0.00383156, -0.00532832, 2
0.563337, -0.523853, 0.0833617, 0.0532288, -0.0178997, 0.0101565, 2
-0.600235, 0.141172, 0.283766, -0.0383676, 0.0205628, -0.0116422, 2
-0.596782, 0.293617, 0.0827342, -0.00108877, 0.00112719, -0.000782275, 2
0.302319, -0.0169144, 0.256255, 0.0141657, -0.00594577, 0.0231999, 2
-0.36258, -0.00426717, 0.218928, -0.040897, -0.0258691, 0.00572007, 2
-0.0368386, -0.0221949, 0.244327, -0.0153718, -0.139786, -0.0355597, 2
0.26186, 0.255641, 0.192104, -0.0293377, -0.0119867, 0.0141847, 2
0.0973402, -0.193349, 0.250653, 0.0288478, -0.0498833, 0.0457693, 2
0.20259, 0.198871, 0.172108, -0.00876133, 0.0057513, 0.0108707, 2
0.199979, 0.180671, 0.11154, -0.0834203, 0.0318681, 0.0503201, 2
0.538396, 0.114045, 0.138068, -0.00465961, -0.00264685, -0.00383757, 2
-0.388084, 0.143773, 0.0158701, -0.00703738, -0.0131321, -0.0213142, 2
-0.512947, 0.176954, 0.246765, 0.0273015, -0.0163267, -0.0537016, 2
-0.18201, -0.15069, 0.0850459, -0.0109532, -0.0199843, 0.00949449, 2
-0.416918, 0.116693, 0.24147, -0.012149, 0.129187, 0.00771239, 2
0.458794, -0.550109, 0.0784304, -0.0437656, 0.0177649, 0.0542299, 2
0.176176, 0.341715, 0.299832, -0.0018242, 0.00331108, -0.00702426, 2
-0.315336, -0.190908, 0.0940034, -0.196667, -0.0463396, 0.0978348, 2
-0.57265, -0.618281, 0.301212, 0.000607418, 0.00670568, -0.00137759, 2
0.115782, 0.211661, 0.188889, 0.000513264, -0.00930085, 0.00252417, 2
0.561944, 0.120094, 0.0599096, -0.0343054, -0.0128953, 0.00664433, 2
-0.14571, 0.361973, 0.253344, -0.0247093, -0.00710343, 0.0097437, 2
-0.0822298, 0.47899, 0.140091, -0.0035144, -0.0114586, 0.00992725, 2
-0.355095, -0.332984, 0.25991, -0.0988667, 0.0725209, -0.0146765, 2
-0.0149116, -0.119939, 0.131592, -0.00443232, -0.00243205, 0.00192347, 2
-0.308959, -0.291108, 0.151556, -0.065902, 0.072115, 0.0178781, 2
0.00476306, 0.515031, 0.079494, -0.116407, 0.178103, -0.0486108, 2
-0.0558376, -0.430268, 0.189258, 0.0138828, -0.00545792, -0.0121914, 2
0.320176, -0.372955, 0.192179, -0.0258098, -0.00107938, -0.0156223, 2
0.265098, 0.372791, 0.0876029, 0.000913609, -0.00433796, -0.000181003, 2
-0.239272, 0.304772, 0.275117, 0.00973973, 0.0577131, -0.0165605, 2
0.000365907, -0.470902, 0.20812, 0.00279553, 0.00371205, -0.00880894, 2
-0.246186, 0.0768315, 0.170376, 0.00570433, 0.000135468, 0.00191297, 2
0.31418, 0.3517, 0.244621, 0.0102706, -0.01399, -0.00402435, 2
0.0938924, -0.293175, 0.0571456, 0.0147754, -0.0105334, -0.0268895, 2
0.620262, 0.0278297, 0.141859, -0.00764437, -2.55288e-05, -0.000267593, 2
-0.033441, -0.597371, 0.113126, -0.000156316, 0.000897933, -0.000411424, 2
0.284535, -0.0232449, 0.16305, 0.0118406, 0.0250063, -0.059952, 2
-0.21836, -0.333032, 0.227302, 0.0145732, 0.0577349, 0.0201604, 2
0.550354, 0.562029, 0.163009, -0.230835, -0.0167936, 0.163898, 2
-0.359161, -0.307207, 0.0817113, -0.0363307, 0.125497, 0.047684, 2
-0.518619, 0.323123, 0.121477, -0.227806, 0.0784356, -0.0670216, 2
0.31386, -0.553027, 0.298175, -0.0124314, 0.00127033, 0.0144315, 2
-0.264561, 0.391117, 0.228609, -0.0032097, 0.00340004, 0.0320393, 2
-0.546004, -0.144954, 0.312807, 1.67888e-05, -0.00338832, 0.00279908, 2
-0.317421, -0.154656, 0.162273, 0.0608648, 0.0378238, 0.170806, 2
0.250016, 0.441866, 0.170421, 0.014203, -0.00843244, -0.00183219, 2
-0.557405, 0.096438, 0.00711921, 0.0840166, -0.0850269, -0.0815077, 2
0.0947962, 0.508041, 0.081352, -0.112694, -0.0584347, -0.0819531, 2
-0.255921, 0.428432, 0.0643685, 0.0317069, 0.00963468, -0.0198473, 2
0.396116, -0.560693, 0.145058, 0.019884, 0.0319767, 0.0034954, 2
-0.536965, -0.449348, 0.0683474, 0.0168374, 0.00357011, 0.128347, 2
-0.0510589, 0.494475, 0.0875816, -0.0495609, -0.00780585, -0.00685351, 2
-0.118284, -0.40005, 0.0278699, -0.0121295, 0.0064509, -0.0147662, 2
-0.463773, -0.31609, 0.149122, 0.0859696, -0.0401804, 0.071644, 2
-0.472474, -0.00354776, 0.267949, -0.00128374, -0.00105704, -0.003972, 2
0.176619, -0.383495, 0.220925, -0.0185149, 0.0205684, 0.218647, 2
-0.401623, -0.310936, 0.0875435, -0.0339372, 0.115133, 0.0557444, 2
-0.373146, 0.413824, 0.0570629, -0.0282014, -0.0356875, 0.00702559, 2
-0.0477381, -0.472061, 0.00668002, 0.000779271, -0.00293397, 0.0073053, 2
0.209736, 0.554019, 0.0239977, 0.00902055, 0.00239249, -0.00829722, 2
-0.469961, -0.61291, 0.0691515, -0.00651377, -0.0131799, -0.00514322, 2
-0.196571, -0.0340057, 0.0352794, 0.0155554, -0.0314513, 0.0546049, 2
0.153755, 0.477674, 0.0927579, 0.0346746, -0.0357512, -0.00555471, 2
0.265235, -0.616063, 0.171226, 0.00725574, -0.00161049, -0.00677501, 2
-0.398203, -0.458573, 0.0128484, -0.0387557, -0.0833153, -0.0150118, 2
-0.586333, 0.348009, 0.0744656, -0.000669852, -0.00428833, -0.00243892, 2
0.297366, 0.576349, 0.154222, -0.0166729, -0.00554842, -0.0232653, 2
-0.612387, -0.42676, 0.100187, -0.000417256, 3.51748e-05, 0.0024579, 2
-0.384135, 0.155465, 0.139663, 0.314387, 0.00842549, -0.00344223, 2
-0.357415, -0.264763, 0.120677, -0.0647205, -0.0162451, 0.042136, 2
-0.261424, -0.10476, 0.12494, 0.119806, 0.0950152, 0.0555092, 2
0.0151817, 0.328633, 0.27393, 0.00123613, 0.000698047, -0.00312988, 2
0.156299, -0.147575, 0.235857, -0.000819353, -0.0528453, 0.0454211, 2
0.527331, -0.512304, 0.239332, 0.0644027, 0.00166702, -0.117795, 2
-0.0476912, -0.280543, 0.28218, -0.000337108, -0.00121923, -0.000738187, 2
0.00370246, -0.236912, 0.211691, 0.0119831, -0.0120948, -0.00950834, 2
0.301565, -0.569509, 0.198288, -0.005969, 0.00553549, 0.000548405, 2
-0.341472, -0.551933, 0.249088, -0.133026, -0.189203, 0.187853, 2
0.0592774, -0.306104, 0.130464, -0.0156445, -0.0355847, 0.033758, 2
0.61793, -0.0335557, 0.221764, -0.00992995, 0.0199912, -0.0397861, 2
-0.15929, 0.334984, 0.0380831, 0.0516337, -0.0510928, -0.0132923, 2
0.340471, -0.279798, 0.277732, -0.00804416, -0.00149016, 0.0280148, 2
0.176262, 0.506465, 0.0833474, 0.0276002, -0.0151834, -0.0198909, 2
-0.140236, 0.403832, 0.112762, 0.017581, 0.00870543, 0.00217694, 2
-0.442834, -0.273823, 0.200118, 0.125621, 0.0246629, 0.0335374, 2
-0.574042, 0.359843, 0.29838, -0.0018167, 0.000792432, 0.00043962, 2
0.272722, 0.0314444, 0.313494, -0.000521626, -0.00471426, 0.0104517, 2
-0.194054, 0.319935, 0.0180198, -0.0391275, -0.0420407, -0.0288673, 2
-0.457627, -0.250751, 0.0989846, -0.00124713, 0.0280765, -0.013427, 2
0.0642278, -0.262784, 0.248086, 0.00351041, -0.0119637, -0.0287568, 2
-0.308643, 0.207889, 0.174342, -0.792435, 0.108342, 0.258313, 2
-0.156311, -0.0816034, 0.261883, 0.0264036, -0.00579895, -0.00323132, 2
-0.305309, -0.535305, 0.231008, 0.227566, 0.0349609, -0.18315, 2
0.0280805, -0.0455777, 0.174475, -0.0718654, -0.00468492, -0.0736826, 2
0.47913, 0.141551, 0.26351, 0.00213398, -0.0110496, 0.0135445, 2
0.0196732, 0.197473, 0.19598, -0.0285871, -0.0212522, 0.031652, 2
-0.0467324, -0.159768, 0.0463505, 0.0230821, 0.00405994, -0.0079551, 2
-0.0526841, 0.276141, 0.283825, 0.210907, -0.191914, 0.0214034, 2
0.0193949, 0.448477, 0.0636467, 0.0426031, -0.0341381, 0.0568706, 2
0.415333, -0.117258, 0.155442, 0.00299494, 0.00240224, 0.0103753, 2
0.147752, 0.204062, 0.049923, 0.014243, 0.0203516, 0.0669581, 2
-0.414809, -0.582212, 0.187013, 0.119512, -0.0929103, 0.21775, 2
-0.627204, -0.257558, 0.210678, 0.00757947, 0.00273964, -0.00448219, 2
0.296828, 0.400486, 0.0417923, 0.0042306, -0.0120464, -0.00601876, 2
-0.265198, 0.249652, 0.234671, -0.0306064, 0.00752445, 0.0682883, 2
-0.471083, -0.360638, 0.126548, -0.0193194, -0.11345, 0.0558201, 2
0.312838, 0.222593, 0.244097, 0.0086815, -0.000660755, 0.0238606, 2
0.49824, -0.460054, 0.155642, 0.0356512, 0.112357, 0.0146567, 2
0.373614, 0.189304, 0.11027, 0.084079, 0.00953679, -0.0621184, 2
0.628201, -0.0253264, 0.238446, 0.00818077, 0.0376707, -0.0246968, 2
-0.00995972, -0.507538, 0.131971, -0.000156571, 0.00157705, -0.00357005, 2
0.189732, -0.292383, 0.143909, 0.0673654, -0.0620999, -0.0330768, 2
-0.322143, -0.289623, 0.23701, -0.0698338, 0.0594323, 0.0625328, 2
0.520568, -0.622758, 0.17964, -4.07274e-05, 0.0087127, -0.000333593, 2
-0.57219, -0.257992, 0.0845627, -0.000664499, 0.000777038, -0.000744109, 2
0.366494, -0.099112, 0.151894, 0.0552188, -0.0090712, -0.0475014, 2
-0.387239, -0.416237, 0.0500515, -0.00696435, -0.088856, 0.0187108, 2
0.589149, -0.547961, 0.0925287, 0.0109877, -0.0136058, -0.00558816, 2
-0.0482116, 0.455617, 0.297346, 0.00728832, -0.0343564, -0.0588038, 2
0.392868, 0.453855, 0.133523, 0.00165331, -0.00202758, -0.00127356, 2
0.086726, -0.186069, 0.16413, 0.00945706, 0.00548739, -0.0108203, 2
0.614609, -0.6263, 0.248525, -0.00474222, 0.00637702, -0.000956593, 2
-0.0696837, -0.318479, 0.0186281, 0.0198284, 0.00765018, -0.0121335, 2
-0.381571, -0.427875, 0.0204294, -0.000997987, -0.00836032, -0.0776542, 2
0.336991, -0.370102, 0.113422, -0.015568, -0.00931178, 0.00379528, 2
-0.584685, 0.626356, 0.246135, -0.00814361, 0.00188285, -0.0105449, 2
0.0228907, -0.390847, 0.299566, -0.0010898, 0.000901194, 0.000209718, 2
0.223097, -0.431661, 0.00508543, 0.00569106, 0.0173746, -0.00168796, 2
0.593212, 0.150091, 0.276481, -0.00264583, 0.00475998, 0.00213581, 2
0.522667, -0.0870046, 0.232453, -0.042771, 0.0268679, 0.03331, 2
-0.203167, 0.629685, 0.0284453, 0.020949, 0.00939523, -0.0200701, 2
0.453351, 0.614331, 0.0293612, -0.00425788, 0.012335, 0.00123008, 2
0.187523, -0.0853166, 0.107232, 9.64807e-05, 0.0376311, -0.00364107, 2
0.262036, 0.163076, 0.157754, -0.608766, -0.00299027, 0.201759, 2
0.343753, -0.129897, 0.22272, 0.0367983, 0.0242123, 0.0601588, 2
-0.462485, -0.0846191, 0.221818, 0.000106296, -0.00109498, 0.00606114, 2
0.522055, 0.568235, 0.281597, 0.00115709, 0.00456022, -0.00485712, 2
0.460394, 0.161368, 0.0161907, -0.00487187, 0.00742369, -0.0018156, 2
0.480736, 0.124616, 0.211204, 0.019747, -0.0465399, -0.000346665, 2
0.326731, 0.0173198, 0.0319622, -0.000655591, 0.0123248, -0.00695273, 2
-0.00338304, 0.444116, 0.0318925, -0.0419478, 0.0730395, -0.0668825, 2
0.110398, 0.267503, 0.0279843, -0.0181172, 0.00134425, -0.000879244, 2
0.227843, -0.174937, 0.164146, 0.026413, 0.000997115, -0.00337052, 2
-0.603156, -0.542865, 0.0474241, -0.000757939, -0.00225612, -0.00148516, 2
0.0278611, 0.430851, 0.172441, -0.0168983, -0.00531705, -0.00264834, 2
-0.341187, 0.59833, 0.308777, -0.00306543, -0.000398713, 0.00479723, 2
0.546083, 0.490421, 0.293345, 0.0117553, -0.00632338, -0.00865784, 2
0.412544, 0.320851, 0.176196, -0.00687049, 0.00784064, -0.00359408, 2
0.477306, 0.171624, 0.0498591, -0.00626227, -0.00793139, -0.00494464, 2
0.0621961, -0.131609, 0.21168, -0.0732146, -0.0566253, 0.094641, 2
0.190045, 0.494971, 0.165218, -0.0192114, -0.0943335, -0.107444, 2
0.317615, -0.0245941, 0.074603, -0.00668681, 0.0362716, 0.00176433, 2
0.429552, -0.426715, 0.18836, 0.0679062, -0.0528047, -0.148208, 2
-0.17379, -0.399907, 0.210134, -0.242733, 0.141407, 0.289105, 2
0.0159059, 0.257918, 0.160356, -0.106863, 0.00817339, 0.0857503, 2
-0.554258, 0.546693, 0.152448, -0.0307329, -0.00338092, 0.0170603, 2
-0.579078, 0.462813, 0.117562, -0.0239039, 0.033579, 0.0634692, 2
0.594301, 0.245393, 0.0402842, -0.000499394, 0.00626593, -0.00106401, 2
0.0391577, 0.0927361, 0.240681, 0.215873, 0.0254268, -0.0712173, 2
0.238594, -0.475031, 0.0502878, 0.0100767, 0.0029096, -0.0132415, 2
-0.174613, 0.344977, 0.0165397, -0.0100097, -0.00701073, -0.0782071, 2
0.48626, 0.0326287, 0.167882, 0.0885649, 0.0678814, 0.0715901, 2
-0.475255, -0.167782, 0.218694, 0.00124407, 0.00104966, -0.000189689, 2
0.278183, 0.28839, 0.276208, 0.0207132, -0.0296078, -0.0153495, 2
-0.141207, -0.325667, 0.183197, 0.00334313, 0.068552, -0.0249358, 2
0.500218, -0.249962, 0.162379, -0.0856584, 0.00798469, -0.00576428, 2
-0.149918, -0.199076, 0.120592, -0.00639462, 0.00148195, 0.00777443, 2
0.320331, -0.234739, 0.0244493, -0.00143378, -0.0541598, -0.054102, 2
0.481467, 0.434382, 0.205124, -0.00756588, 0.0118507, -0.0331524, 2
0.184264, 0.0430131, 0.243857, -0.00410438, 0.00118293, -0.000646346, 2
0.385415, 0.498364, 0.172611, 0.00852871, -0.00529178, 0.00702436, 2
0.451574, 0.35466, 0.0232769, -0.00347306, -5.1734e-05, 0.00234277, 2
-0.136824, 0.509368, 0.138822, -0.00509833, 0.00216302, -0.00161436, 2
-0.521974, 0.157588, 0.0534289, 0.279654, -0.0311807, 0.112498, 2
0.582859, -0.613583, 0.129503, -0.00443841, 0.000730614, 0.00163275, 2
0.0557191, 0.516598, 0.224503, -0.0525403, 0.1055, -0.109489, 2
-0.55469, -0.263283, 0.0172434, -0.00173803, 0.00311652, 0.00413937, 2
-0.0723233, -0.572916, 0.11605, 0.000286653, -8.34642e-05, -0.000353465, 2
0.0254738, 0.538515, 0.0671543, 0.0510415, 0.168978, -0.0652789, 2
-0.413956, 0.0928155, 0.235398, -0.0367904, -0.132891, -0.0140338, 2
0.561472, -0.151733, 0.202499, 0.0228054, -0.131399, -0.00782921, 2
-0.00801196, -0.330122, 0.133673, 0.0141155, 0.0241519, 0.0413803, 2
0.0850958, 0.163017, 0.103524, -0.0176782, 0.00312621, 0.0124996, 2
-0.619542, 0.271006, 0.300412, -0.0679821, 0.00505157, 0.0143186, 2
-0.405827, 0.223901, 0.304507, 0.00268788, 0.0047455, -0.00156385, 2
0.112185, -0.350343, 0.276165, 0.058466, 0.0216287, -0.0310023, 2
-0.249728, -0.27507, 0.0528539, 0.0337313, -0.0124284, -0.0203058, 2
-0.180754, 0.28257, 0.0671157, -0.0122561, -0.00184671, 0.00080974, 2
0.283444, -0.32192, 0.0442536, 0.0162275, -0.0155585, 0.00323555, 2
0.552061, -0.105913, 0.224948, -0.0398745, 0.109819, 0.147131, 2
0.233728, -0.174404, 0.0295243, -0.132919, -0.18814, -0.200666, 2
-0.216205, 0.447548, 0.104485, 0.0067497, 0.0156923, -0.00444621, 2
0.318486, -0.0973198, 0.30273, -0.00406845, 0.0303492, -0.0503823, 2
-0.527346, -0.0868988, 0.212991, 0.0032965, -0.00736521, 0.0113804, 2
-0.585626, 0.137238, 0.111475, -0.00143305, -0.0187363, -0.00677003, 2
-0.627526, -0.38054, 0.18138, 0.00972501, 0.000610057, -0.0022345, 2
0.477136, -0.000304796, 0.270104, -0.0161499, -0.0187214, -0.0176872, 2
-0.571375, 0.448904, 0.183255, -0.00417311, 0.00186631, 0.00224774, 2
-0.302913, 0.102385, 0.260266, 0.00060394, 0.00732735, -0.00226939, 2
-0.125898, 0.0244826, 0.0762972, -0.0081551, 0.0015615, 0.00470476, 2
-0.486032, -0.371753, 0.190187, 0.0515121, -0.044573, -0.098102, 2
-0.367935, 0.0420056, 0.144583, -0.000120124, 0.00940604, -0.0116696, 2
0.050004, -0.269472, 0.277744, -0.00948468, -0.0158304, -0.00574768, 2
0.000996594, -0.166854, 0.0985286, 0.00331506, -0.00147802, 0.00159443, 2
-0.406968, -0.122517, 0.290329, -0.00128035, 0.00129664, -0.000746667, 2
0.0389319, -0.12008, 0.037703, -0.0418002, 0.00850459, -0.0442552, 2
-0.495474, -0.272907, 0.195118, 0.0136086, 0.044359, -0.0321049, 2
0.58494, -0.214319, 0.149853, 0.0790643, 0.238097, -0.010548, 2
0.0580335, 0.112732, 0.0179583, 0.0026678, -0.00214205, 0.00160038, 2
-0.160829, 0.616797, 0.18157, 0.000103932, -0.00612465, -0.000365691, 2
0.14436, -0.499199, 0.246122, -0.00175104, 0.0146045, 0.0589244, 2
-0.354818, -0.23717, 0.099133, -0.111545, -0.03395, 0.000147618, 2
0.223514, 0.442798, 0.189256, 0.0221945, -0.0474966, -0.0169793, 2
0.0745642, -0.186169, 0.305033, -0.00592423, 0.011531, -0.00328838, 2
0.468679, 0.0368261, 0.116913, 0.272048, 0.318645, 0.0773649, 2
0.370068, -0.554205, 0.244384, 0.057369, 0.0197328, -0.0267615, 2
0.52088, -0.419716, 0.0186663, -0.0330826, -0.0312074, -0.0811948, 2
0.0414237, -0.46474, 0.122577, 0.000426421, -0.000157718, 0.000117551, 2
-0.619091, 0.223257, 0.308251, -0.00970742, -0.0174415, 0.0137017, 2
-0.547258, -0.567536, 0.304959, -0.000734496, -0.000332119, -3.95682e-05, 2
0.179021, 0.206788, 0.022669, 0.0680712, -0.00645943, -0.0462627, 2
-0.0964162, 0.481933, 0.120867, -0.0122593, -0.0110485, 0.00197019, 2
0.300116, 0.0754837, 0.0740759, 0.0196156, -0.024812, -0.00310648, 2
-0.202788, -0.479916, 0.185024, -0.0241932, -0.0980398, 0.0266682, 2
-0.242583, 0.618726, 0.0367401, -0.0121627, 0.0640849, -0.067164, 2
0.225069, 0.358831, 0.0556796, 0.00313182, -0.00166357, -0.000309886, 2
-0.0573221, 0.249747, 0.108241, 0.0165351, 0.105557, 0.00079244, 2
0.017343, -0.338793, 0.149547, 0.0155748, -0.000495274, 0.0239658, 2
0.507652, -0.327921, 0.0478705, -0.0218922, 0.0267295, -0.00712812, 2
0.48073, -0.245216, 0.0634774, -0.0258707, -0.0706306, 0.0105004, 2
0.440641, 0.563769, 0.272665, -0.0012039, 0.0219149, 0.00297743, 2
0.531317, -0.162611, 0.235658, -0.0581092, -0.0291009, 0.087722, 2
-0.245141, -0.492459, 0.0970376, -0.00570034, -0.000883995, -0.00222125, 2
0.0511631, -0.0652833, 0.13455, -0.00417998, -0.00248918, -0.00701651, 2
-0.468666, 0.322098, 0.13174, 0.28284, 0.103828, -0.0303296, 2
-0.321705, -0.0827966, 0.0639571, -0.0149518, 0.0127536, -0.0151569, 2
-0.0989867, 0.489845, 0.283885, -0.00784065, -0.00577605, -0.025936, 2
0.333979, -0.122776, 0.0416956, 0.00620654, 0.0193349, 0.0123414, 2
-0.327759, -0.245087, 0.117206, -0.0696711, -0.0547236, 0.0854807, 2
-0.136278, -0.39432, 0.213393, 0.193195, 0.0911347, 0.285108, 2
0.117632, -0.583643, 0.196845, -0.00281127, -0.0250003, -0.0233817, 2
-0.0516341, 0.577637, 0.313683, 0.000222128, 0.00422406, 0.00416203, 2
-0.368931, -0.297467, 0.0330771, 0.000624655, 0.0196057, -0.0849061, 2
0.0192193, 0.38366, 0.174247, -0.00699951, -0.00294382, 6.95676e-05, 2
0.557417, 0.544957, 0.0972806, -0.0256842, -0.0382301, -0.10387, 2
-0.175548, -0.406711, 0.234072, -0.0690664, -0.0101178, 0.191728, 2
0.0802801, 0.124265, 0.199043, 0.00929988, 0.00534453, -0.00477415, 2
-0.0441081, -0.171719, 0.0108579, 0.00573563, -0.00377005, -0.0178193, 2
0.122674, 0.130485, 0.107077, 0.0265661, -0.0368101, 0.00375051, 2
0.591499, 0.62417, 0.165988, 0.112611, 0.108199, 0.0202918, 2
0.185145, 0.111839, 0.177568, -0.00100571, -0.00121598, 0.000337798, 2
-0.287404, -0.569759, 0.164486, -0.00212233, -0.00866477, -0.00351416, 2
-0.2926, -0.308726, 0.247611, 0.0352113, 0.0226978, 0.130392, 2
-0.160292, 0.340457, 0.186035, 0.00740968, -0.0162472, 0.0162118, 2
0.536697, 0.267911, 0.164783, 0.0151269, -0.00577841, 0.00899184, 2
-0.334108, -0.537601, 0.220596, 0.0334057, -0.00546667, -0.336403, 2
0.602182, 0.172643, 0.0941716, -0.0114496, 0.00860743, 0.0303823, 2
0.138426, -0.501429, 0.208733, -0.0407002, 0.00810156, 0.00506795, 2
0.181857, 0.251209, 0.083863, 0.0163563, 0.0154505, 0.00427537, 2
0.610166, 0.212744, 0.0824147, -0.00340477, 0.0148302, 0.0111173, 2
0.0141902, -0.232074, 0.267865, -0.0182567, 0.00181529, -0.00607237, 2
-0.535465, 0.110486, 0.282917, -0.0737542, -0.0959061, 0.0106111, 2
0.122481, 0.447849, 0.0482442, 0.00188582, -0.00904889, -0.0299497, 2
-0.147004, -0.342406, 0.290849, 0.00294074, -0.0001568, 0.0103033, 2
0.597134, -0.435673, 0.200336, 0.00936869, -0.00726558, -0.00820715, 2
-0.00366031, -0.139817, 0.223427, -0.031393, 0.0121385, 0.00621995, 2
-0.381203, -0.167599, 0.109096, -0.0576089, -0.00788875, -0.00732928, 2
-0.00451633, 0.60079, 0.14123, 0.00263831, 0.0107853, 0.00756058, 2
-0.429513, 0.152685, 0.0465413, -0.0170348, -0.0126385, -0.0444178, 2
-0.0940608, 0.132887, 0.257218, -0.0243174, -0.0399671, 0.0326923, 2
0.235598, -0.482886, 0.0417089, 0.0202717, -0.0252233, -0.0156151, 2
0.0471324, -0.388388, 0.226821, -0.00525652, -0.00139624, 0.00503665, 2
-0.0811282, 0.364056, 0.181293, 0.00484211, -0.00310219, -0.0042584, 2
0.111848, -0.412911, 0.253182, -0.000218409, -0.0252927, -0.00287318, 2
0.0153184, -0.445741, 0.301755, 0.0105767, 0.00467526, 0.00177859, 2
-0.443264, 0.180562, 0.109309, 0.191239, 0.150917, -0.803189, 2
0.450442, 0.429323, 0.224901, -0.0188003, 0.0125641, -0.0159005, 2
-0.373099, -0.205157, 0.217607, -0.012474, -0.0168766, 0.0109099, 2
0.191821, -0.00470582, 0.0982876, -0.00215523, 0.00803392, -0.00495491, 2
0.377986, 0.531197, 0.289, 0.00156707, 0.00807785, 0.00222846, 2
0.146932, 0.136831, 0.0107877, 0.0219743, -0.0501039, -0.0528132, 2
0.313768, -0.446, 0.0711816, 0.0333345, 0.0091771, 0.0036097, 2
-0.0388747, 0.102836, 0.00470482, -0.00059032, 0.12567, -0.146425, 2
-0.573631, -0.415279, 0.0589678, -0.0565942, 0.0436747, 0.0255098, 2
0.439096, 0.230002, 0.105024, 5.03319e-05, -0.0233486, -0.0349518, 2
0.386188, 0.416701, 0.307655, -0.00212288, 0.00106878, 0.0130261, 2
-0.436502, 0.23718, 0.257495, 0.0229782, -0.000776918, 0.0311775, 2
0.463101, 0.494044, 0.0487149, -0.0272218, 0.0160362, -0.00502407, 2
0.073603, 0.0559017, 0.205029, 0.0891988, 0.042214, 0.0180545, 2
0.466753, -0.196076, 0.180338, 0.00196126, 0.00412137, 0.0419224, 2
0.362827, 0.58082, 0.0570546, 0.00438949, 0.0130284, 0.094511, 2
0.405978, 0.264624, 0.103046, 0.00609353, 0.0361994, -0.0206588, 2
-0.569222, -0.404214, 0.286245, 0.0134863, -0.025226, 0.0793711, 2
-0.550403, -0.347882, 0.0249346, -0.0819018, -0.00469896, 0.00640811, 2
-0.314532, -0.538749, 0.239926, 0.205286, -0.000961312, -0.0267542, 2
0.105562, 0.477402, 0.186611, -0.0505022, 0.218524, -0.0241879, 2
0.0762555, -0.589063, 0.0884147, -0.00651963, 0.00348758, -0.00384375, 2
-0.153692, 0.504001, 0.054435, 0.00315295, -0.00612672, 0.00211535, 2
0.0411678, -0.0523598, 0.225901, -0.353155, -0.129248, -0.005007, 2
-0.398642, -0.21557, 0.0193915, -0.00473808, 0.00397804, 0.000830182, 2
0.322709, -0.482706, 0.00710555, 0.00526438, -0.00111587, 0.00133883, 2
0.550927, 0.553235, 0.230752, -0.00411181, -0.00291348, 0.0178645, 2
-0.296817, 0.613977, 0.28719, 0.00218166, 0.00431013, 0.0197938, 2
-0.411763, -0.56639, 0.0427283, -0.0666201, -0.0819124, -0.0332616, 2
-0.312024, -0.250958, 0.0655319, -0.0270395, -0.0628395, -0.102645, 2
-0.612247, 0.484568, 0.0273915, -0.00989107, -0.0075212, -0.0037076, 2
0.134195, -0.06914, 0.0376165, 0.000599733, 0.0032081, -0.00238445, 2
0.487854, 0.407132, 0.00612581, 5.10519e-05, -1.59025e-05, 0.00694688, 2
-0.554333, -0.181664, 0.150527, -0.00580978, 0.00316783, -0.00366174, 2
0.349273, 0.0496577, 0.254125, 0.0249555, -0.0116934, -0.0240018, 2
0.426838, -0.257597, 0.290939, -0.0618103, -0.0493207, 0.0272747, 2
0.455261, -0.336633, 0.271757, 0.0407215, 0.0553106, 0.0338172, 2
0.118343, -0.00348703, 0.267761, 0.0519692, 0.019548, 0.00541879, 2
0.00717493, 0.214714, 0.283654, -0.00682238, 0.0149925, -0.00978315, 2
0.178088, 0.532653, 0.0634239, 0.0413574, -0.0243718, -0.0221228, 2
0.440215, 0.550369, 0.027075, 0.00442506, -0.0119452, -0.00468141, 2
0.549781, 0.0546012, 0.167281, 0.00466332, 0.00316612, -0.000935157, 2
-0.55968, -0.0875078, 0.111573, 0.0149797, -0.0269039, -0.00403883, 2
-0.535176, -0.011877, 0.223648, 0.0104863, -0.00416864, 0.0303855, 2
0.0669306, -0.292568, 0.0785714, 0.00346133, -0.013261, -0.0457576, 2
-0.176496, -0.495693, 0.171663, -0.0378837, -0.105777, -0.0206664, 2
-0.272665, 0.589531, 0.244996, 0.0148049, 0.0024316, -0.00914492, 2
-0.445562, 0.0779108, 0.086633, 0.000806085, -0.0333062, -0.0162498, 2
0.625481, -0.544878, 0.297802, -0.0087412, 0.00147522, 0.00240755, 2
0.500171, 0.263174, 0.273475, 0.0356095, 0.00819727, 0.00916989, 2
-0.50606, 0.0734258, 0.253576, -0.0424267, -0.0954752, -0.0567778, 2
-0.39776, -0.0067563, 0.109735, 0.00910397, -0.00384544, -0.00990615, 2
0.271364, 0.0635275, 0.245349, -0.0352019, 0.0378709, 0.0302694, 2
-0.542271, 0.158315, 0.0848893, 0.0954709, -0.0316577, 0.152907, 2
0.35232, -0.404718, 0.169238, -0.0398704, -0.00991082, -0.0364508, 2
-0.593321, 0.0487494, 0.202806, -0.0131525, 0.00214599, -0.00447946, 2
0.0933312, 0.406048, 0.192698, -0.101056, -0.247191, 0.0122418, 2
-0.186613, 0.590449, 0.0546845, 0.100487, 0.0410717, -0.0146328, 2
0.159919, 0.585967, 0.075956, 0.0229451, 0.0494185, 0.0216599, 2
0.0912008, 0.456175, 0.29924, 0.0647943, -0.0173555, -0.00718524, 2
-0.0748278, 0.580078, 0.160106, -0.0167135, 0.0182291, 0.0114211, 2
-0.320451, -0.447645, 0.000925949, 0.0174033, 0.00502629, -0.0120321, 2
0.118491, 0.453682, 0.174299, 0.0730723, 0.168966, -0.26748, 2
-0.160038, 0.541374, 0.0563865, 0.0229796, -0.00455058, 0.00677135, 2
0.179519, 0.263731, 0.112698, 0.0175502, 0.0203704, 0.0207799, 2
-0.403456, 0.300374, 0.282376, 0.0143909, -0.00186049, -0.00152362, 2
0.407767, -0.236259, 0.226397, 0.00845144, 0.00973619, -0.0387983, 2
-0.0813688, 0.207091, 0.216519, 0.0393759, 0.0332707, -0.0693068, 2
0.137369, -0.262953, 0.20552, -0.00119395, -0.0145226, 0.00607905, 2
0.441193, 0.458211, 0.162072, -0.00216795, 0.00087175, -0.00187327, 2
0.378227, -0.24658, 0.149601, 0.0130447, -0.055673, 0.0513743, 2
-0.241276, 0.0629327, 0.195181, -0.00223665, -0.00264236, -0.00424971, 2
-0.237572, -0.44854, 0.15111, 0.000746829, -0.0940438, -0.0868677, 2
0.459623, 0.0213856, 0.128963, 0.0610763, 0.0585605, 0.225615, 2
-0.574758, -0.429059, 0.0374051, -0.095431, 0.0235174, -0.0242028, 2
-0.123967, -0.202551, 0.269989, -0.0288198, -0.0146654, 0.00500647, 2
-0.25439, -0.424747, 0.0534338, -0.0013616, 0.00718914, -0.00717397, 2
-0.608728, 0.123847, 0.262698, -0.0469666, -0.0561114, -0.0497607, 2
0.257346, -0.368747, 0.0394683, 0.011678, 0.00160268, -0.0020072, 2
-0.180502, -0.557517, 0.311512, -0.00523049, -0.00139725, 0.00662977, 2
0.467788, 0.450674, 0.0923761, -0.019977, -0.0111143, 0.00936863, 2
-0.193734, -0.420565, 0.2656, -0.00586826, -0.0241579, 0.0295002, 2
0.586989, -0.0281739, 0.310956, -0.0266753, -0.00684689, -0.0214207, 2
-0.0684962, -0.198515, 0.158812, 0.00592764, 0.0343446, -0.0330864, 2
0.447356, -0.143309, 0.209038, 0.0045074, 0.00833887, 0.00139024, 2
0.596977, 0.362687, 0.000908989, -0.000888638, 9.14575e-07, 0.0117552, 2
0.417007, -0.521666, 0.052213, -0.0145367, 0.0117793, 0.000582354, 2
-0.629185, -0.500431, 0.240666, 0.0118008, -0.000578819, -0.000195749, 2
0.421605, 0.386879, 0.30597, -0.0171641, 0.0198202, 0.0320421, 2
0.579479, -0.423586, 0.00909983, 0.0201993, -0.0240761, -0.0115576, 2
0.5656, -0.585762, 0.279259, 0.00709555, -0.0107043, 0.00429631, 2
-0.324823, -0.149533, 0.016627, -0.0116028, 0.0702604, -0.108973, 2
-0.522349, -0.192507, 0.167074, -0.00252806, 0.0188664, -0.00288692, 2
-0.538452, 0.36896, 0.274937, -0.00794317, 0.00124326, 0.00197874, 2
0.0967943, 0.186353, 0.0816184, -0.00533802, 0.0472952, 0.000676408, 2
-0.326982, 0.153366, 0.0147994, 0.0162835, -0.00904901, -0.0122801, 2
-0.323346, -0.0595902, 0.0418737, -0.0034917, 0.0062723, -0.0119019, 2
-0.114494, -0.0588115, 0.0742569, -0.00362295, 0.0218422, 0.00108769, 2
-0.411758, -0.26717, 0.0134858, -0.0189369, 0.00735259, -0.00893047, 2
-0.447805, -0.317654, 0.0650801, -0.0408834, 0.0556447, -0.104562, 2
-0.411406, -0.382018, 0.0761304, -0.157099, -0.0432707, 0.0291815, 2
-0.554296, -0.0768776, 0.196238, -0.0140455, -0.011722, -0.000293456, 2
-0.487788, 0.0307364, 0.305602, -0.0366754, -0.0238804, -0.0892353, 2
0.18051, 0.122248, 0.240351, -0.00599408, -0.00236834, -0.00857254, 2
0.0203295, -0.410921, 0.129448, 0.00834396, -0.0163997, 0.015302, 2
0.346803, -0.10794, 0.0102992, 0.019994, 0.0173431, -0.0312279, 2
0.406001, 0.198678, 0.152892, 0.0177601, -0.0350519, 0.00650058, 2
0.573496, -0.54578, 0.29568, 0.0242594, -0.00440204, 0.0113805, 2
-0.389404, -0.327574, 0.0713972, -0.0653138, 0.0353467, -0.101083, 2
-0.33546, -0.145416, 0.149474, -0.19405, 0.168939, 0.0335018, 2
-0.0751401, 0.0731422, 0.211461, -0.0383294, 0.0175411, -0.00996397, 2
0.229382, 0.14881, 0.0347505, -0.203898, 0.0679852, -0.177029, 2
-0.245593, 0.290985, 0.199925, 0.0461596, 0.0622903, 0.0529962, 2
-0.283112, -0.158468, 0.0729966, 0.24349, 0.126484, -0.137746, 2
-0.581634, 0.491825, 0.127757, -0.0104367, 0.0313055, 0.0353148, 2
-0.0638398, 0.208665, 0.258263, 0.0707383, -0.0139794, 0.0225596, 2
-0.0226431, -0.0152982, 0.150442, -0.100483, -0.0791862, 0.151029, 2
0.588927, -0.0717661, 0.171488, 0.169019, 0.0168972, 0.0427388, 2
0.511722, 0.168794, 0.247085, 0.0317833, -0.00242734, 0.0169287, 2
-0.462616, 0.463297, 0.0532402, 0.00790182, -0.00659061, -0.00899746, 2
0.135281, -0.241807, 0.229017, -0.0189215, 0.00670535, -0.0183347, 2
-0.278802, 0.617538, 0.108728, 0.0161801, 0.0506485, 0.0125862, 2
-0.1398, -0.258018, 0.0239837, -0.000763878, 0.0152973, -0.0177973, 2
-0.600025, 0.0888337, 0.141858, -0.0059804, -0.0196829, 0.00944386, 2
-0.308039, 0.137163, 0.107323, -0.0136475, -0.0343577, -0.0074549, 2
0.202989, -0.55664, 0.00199811, 0.00102584, -0.00547286, 0.010196, 2
-0.0238855, 0.0506805, 0.155664, 0.0350173, 0.0374459, -0.0318093, 2
0.577881, 0.00964388, 0.295214, -0.0121961, 0.0173258, -0.0109876, 2
0.00390408, -0.108598, 0.179921, -0.0738885, 0.000913345, -0.0198125, 2
-0.267683, 0.0587493, 0.138255, -0.000157324, -0.00253456, -0.00621071, 2
-0.0547223, -0.435933, 0.235294, 0.00850632, 0.00235143, -0.00361415, 2
-0.398583, -0.0847716, 0.232187, -0.0299795, 0.0153499, 0.0104983, 2
0.0363299, 0.405392, 0.010192, 0.0851207, -0.00104862, -0.110364, 2
0.132265, 0.43533, 0.189891, 0.267751, -0.0881388, 0.0161143, 2
-0.560232, -0.502673, 0.0666912, -0.0256388, -0.0294029, 0.00103596, 2
-0.130941, 0.33028, 0.0850222, 0.045232, 0.0143864, -0.00166234, 2
-0.122948, -0.323569, 0.255183, 0.00713993, 0.0197977, 0.0121319, 2
0.499709, -0.375651, 0.100103, -0.0492099, 0.0148392, 0.0506351, 2
0.420637, 0.258216, 0.230445, -0.073201, 0.0244061, 0.0125691, 2
-0.119604, 0.620497, 0.0876411, 0.000195487, -0.00765474, -0.000120312, 2
0.433414, -0.0641893, 0.136149, -0.000516861, -0.00651653, 0.00641974, 2
0.114662, 0.167191, 0.272447, 0.0127994, -0.008188, -0.0154007, 2
-0.216516, -0.426442, 0.216304, -0.041883, -0.0267528, 0.107365, 2
-0.175748, 0.335786, 0.167645, 0.00782632, -0.0288134, 0.0230641, 2
0.583817, 0.405517, 0.199468, 0.00490013, 0.00447947, 0.00329894, 2
-0.409345, -0.355387, 0.124547, -0.00753316, -0.0425801, 0.0787623, 2
-0.069256, 0.151628, 0.201146, 0.0160173, -0.0058517, -0.0600068, 2
-0.30845, 0.021374, 0.264724, -0.0362336, 0.161249, -0.0477632, 2
0.0919628, -0.187952, 0.171787, 0.0141844, -0.0051777, -0.015208, 2
-0.246185, 0.322407, 0.169421, 0.0363481, 0.0146659, 0.0228854, 2
0.104379, 0.125857, 0.310864, -0.000149233, -0.03284, -0.0272371, 2
-0.610953, -0.389444, 0.195171, -0.0016248, 0.00157559, -0.0103262, 2
0.478834, 0.0240038, 0.246051, 0.0095729, 0.0133233, -0.0366026, 2
0.0841229, 0.478219, 0.172507, -0.107042, 0.0827458, -0.0856087, 2
-0.505222, 0.432073, 0.116395, 0.0321042, 0.00259737, -0.00688452, 2
0.29265, -0.607235, 0.18504, 0.00577461, -0.000982541, 0.00289805, 2
-0.469087, -0.0465272, 0.0654557, 0.0111205, -0.00804748, 0.0147086, 2
0.335497, 0.274986, 0.22829, 0.00674719, 0.00650348, 0.00508624, 2
0.134466, -0.263015, 0.0238112, -0.047264, -0.00185699, -0.0325118, 2
-0.438311, 0.120763, 0.261904, -0.00279479, 0.0696973, -0.0260319, 2
0.239371, -0.404821, 0.135877, 0.00695746, -0.00362263, -0.0164289, 2
0.2229, -0.38581, 0.196007, 0.150851, -0.0552898, 0.0179462, 2
-0.256343, -0.536939, 0.0445172, 0.0200995, 0.0109993, -0.011579, 2
-0.532064, 0.177147, 0.00658125, 0.161018, 0.0974764, -0.185241, 2
0.157964, 0.301888, 0.27209, -0.00115083, -0.000369023, -0.00102602, 2
0.623545, -0.035425, 0.277773, 0.0310951, 0.0254375, 0.00154464, 2
0.103777, 0.125451, 0.10865, 0.00812873, -0.0605249, -0.00189979, 2
0.3656, -0.169015, 0.0199056, 0.00347476, 0.00796175, -0.054983, 2
0.0188331, 0.595415, 0.111643, -0.00726477, 0.00621664, 0.00388131, 2
0.114078, -0.47286, 0.299325, -0.00695052, -0.00405692, -0.0132472, 2
-0.0982336, 0.396474, 0.0406284, 0.00558573, 0.000173784, -0.00137389, 2
0.445276, -0.0105896, 0.101667, -0.0882051, -0.329097, -0.0486409, 2
-0.0306225, 0.363031, 0.124923, 0.000700414, 0.00498447, 0.00314057, 2
0.147446, 0.46093, 0.0117186, 0.00321898, 0.00242163, -0.00249577, 2
0.173771, -0.0110695, 0.244681, 0.00557839, 0.00419179, 0.00440316, 2
0.0022063, -0.0174875, 0.0783344, -0.00554092, -0.151466, -0.229203, 2
-0.14663, -0.543674, 0.267188, -0.0172307, -0.0114796, 0.0104088, 2
0.28797, 0.451889, 0.0674434, 0.0585753, -0.0559405, 0.0166996, 2
0.367592, -0.159241, 0.0588062, -0.0117756, 0.0335664, 0.000125503, 2
-0.445763, 0.5848, 0.098082, 0.0366346, 0.0166683, 0.00356446, 2
-0.508392, -0.143397, 0.0397096, -0.00162553, -0.00141899, -0.000720171, 2
-0.345879, -0.328085, 0.194553, -0.20864, 0.311036, 0.0651833, 2
0.0607881, 0.271256, 0.12782, 0.0859224, 0.0476133, -0.057449, 2
0.560479, -0.211261, 0.0855617, -0.0216872, 0.174515, -0.0270769, 2
0.607353, 0.592474, 0.240285, 0.0076145, -0.0135913, 0.0124978, 2
0.326152, -0.0352832, 0.0784224, 0.0259546, 0.00563235, 0.00285843, 2
-0.620437, 0.44805, 0.0999947, -0.0424597, 0.00316002, 0.00227662, 2
0.448315, 0.106057, 0.0554761, -0.00191321, 0.0386646, -0.00538407, 2
-0.541839, -0.156314, 0.173157, -0.000845205, 0.0041899, -0.0045954, 2
-0.306614, 0.0278859, 0.161866, 0.0213366, 0.000297965, -0.0282428, 2
0.0857143, 0.149457, 0.283507, 0.0345909, -0.00241519, -0.0323283, 2
0.244553, 0.433542, 0.0439953, 0.00498834, -0.0491726, -0.0539059, 2
-0.237162, -0.135633, 0.2693, -0.000666431, -0.00133907, -0.000834172, 2
0.274118, -0.205118, 0.0589941, 0.0145018, -0.119466, 0.063085, 2
0.616365, -0.227728, 0.0496218, 0.0658717, 0.0490838, -0.0423602, 2
0.317578, -0.531539, 0.198292, -0.0103515, 0.00379364, -0.0114534, 2
-0.628659, -0.522013, 0.152813, 0.0102777, -0.000600747, 0.000920208, 2
-0.22868, 0.556265, 0.0218368, 0.00785785, -0.0102473, -0.184274, 2
-0.00677536, -0.615537, 0.140249, -0.00239461, 0.00436481, -0.00217289, 2
-0.574076, -0.292187, 0.304711, 0.018154, 0.0281898, 0.00267938, 2
0.0733875, 0.423491, 0.184585, -0.201091, -0.0660018, -0.0433974, 2
-0.0525098, 0.03808, 0.13548, -0.0126424, -0.0222428, -0.00403805, 2
0.123472, 0.430882, 0.259062, 0.00940131, -0.012467, 0.0380414, 2
-0.0592544, 0.0750362, 0.0502917, -0.0879137, 0.0222732, 0.106374, 2
0.176722, 0.0614374, 0.150851, 0.000136892, -0.000104925, -2.01583e-05, 2
0.375209, -0.250948, 0.175457, 0.0385084, -0.00992183, -0.0135168, 2
-0.0915504, -0.249643, 0.202444, -0.080968, -0.0859064, 0.0434509, 2
0.519704, 0.151641, 0.18402, 0.00474054, -0.00167903, -0.0101684, 2
0.607051, -0.485098, 0.187626, -0.00229584, 0.000416418, -0.000783537, 2
-0.09188, -0.42921, 0.27207, -0.00516199, 0.00350307, 0.00959784, 2
-0.132961, 0.27414, 0.220452, 0.0115752, 0.00401694, -0.0692837, 2
0.605378, -0.408333, 0.0724813, 0.0170345, -0.0158298, 0.0111542, 2
-0.112631, 0.345102, 0.0227108, 0.0262301, -0.000134594, -0.00633906, 2
-0.33631, -0.344116, 0.198961, -0.292488, 0.386361, 0.150052, 2
-0.135143, 0.46257, 0.0568292, 0.000365035, 0.00451708, -0.0015321, 2
0.46826, 0.207816, 0.151583, 0.0213987, -0.0210272, -0.00649538, 2
-0.0898405, -0.513698, 0.246663, 0.0401235, 0.00211131, -0.00335932, 2
-0.539991, -0.623958, 0.127083, -0.00507962, 0.00529856, -0.000271542, 2
0.196088, 0.613056, 0.163299, 0.00159967, 0.00767419, -0.00848003, 2
-0.313334, -0.108787, 0.213487, 0.014343, -0.000811052, 0.0317765, 2
-0.48498, 0.388215, 0.124531, 0.0773444, 0.0951441, -0.00581003, 2
0.396829, 0.363629, 0.179939, 0.00324581, -0.00879929, -0.00951923, 2
-0.573173, -0.378965, 0.108724, -0.00775486, 0.00121253, 0.000164277, 2
-0.48233, -0.085311, 0.180186, 0.00545307, -0.0130498, 0.00257733, 2
0.313513, 0.40951, 0.138337, 3.58037e-05, 0.00482145, -0.00157313, 2
0.54083, 0.247806, 0.0328004, 0.000222446, 0.00165782, -0.000389714, 2
-0.112764, -0.471998, 0.0618668, 0.0121801, -0.0152347, 0.0105211, 2
-0.386038, -0.382025, 0.0633682, 0.01486, 0.0259493, -0.0324646, 2
0.122292, 0.444026, 0.0591414, 0.00468219, -0.0149372, -0.0190811, 2
-0.48444, -0.499271, 0.189435, -0.000331603, 0.00846097, 0.00370213, 2
0.369508, -0.354287, 0.128998, -0.0196959, 0.0120312, 0.00816182, 2
-0.392293, -0.587422, 0.0624148, 0.0346154, -0.145999, 0.0687549, 2
0.327463, -0.530631, 0.125164, 0.00801322, 0.00289484, 0.00350492, 2
-0.497569, -0.382997, 0.261328, 0.136225, -0.184758, 0.26071, 2
0.223173, 0.560479, 0.206214, 0.132899, 0.227959, -0.0990788, 2
-0.483404, 0.471346, 0.110675, 0.00487657, 0.0356176, -0.0244455, 2
-0.352203, -0.271382, 0.150166, -0.0355307, 0.00521553, 0.0439842, 2
-0.104735, -0.027457, 0.212151, 0.029651, -0.107034, -0.067152, 2
0.148737, -0.535129, 0.165667, 0.00203966, -0.0345597, -0.0420824, 2
0.385303, -0.389605, 0.19834, -0.09254, 0.0895349, -0.117802, 2
-0.116882, 0.609867, 0.267259, -0.00247621, 0.0297902, -0.0178042, 2
0.399111, -0.41239, 0.277894, -0.302727, -0.0827889, 0.373407, 2
-0.611157, 0.545036, 0.302727, 0.00330423, -0.0011046, 0.000298731, 2
-0.110499, -0.582497, 0.0494872, 0.000144604, -0.000594649, -0.000279671, 2
-0.325115, 0.27064, 0.0321161, -0.165169, -0.0201986, -0.083981, 2
0.499741, 0.417199, 0.307443, 0.0162426, 0.0332964, 0.0110053, 2
-0.317486, -0.564967, 0.082107, -0.0512789, 0.0403502, 0.0648028, 2
0.28318, -0.0397391, 0.232734, 0.0114733, -0.0274635, 0.0613381, 2
-0.128143, -0.520965, 0.256442, 0.0114473, 0.000872034, 0.0181817, 2
0.534524, 0.494301, 0.00155014, 0.0145824, 0.00848837, -0.00621158, 2
0.0679562, -0.252545, 0.311508, -0.0111492, 0.0116126, -0.069171, 2
-0.122935, -0.483397, 0.0509193, -0.0156508, -0.0241399, -0.0255075, 2
-0.271285, -0.46459, 0.0296875, 0.0101366, 0.0129282, 0.00300014, 2
-0.320302, 0.0548742, 0.0415542, 0.000288915, 0.000138814, -0.000596256, 2
-0.122354, 0.359722, 0.266705, -0.00629183, -0.0167278, 0.0148767, 2
0.00611084, 0.2295, 0.213514, -0.0142986, -0.00971342, 0.0275971, 2
-0.0240425, 0.541978, 0.229763, 0.0230893, 0.0622881, -0.0022016, 2
0.304385, 0.195194, 0.0623373, 0.19805, 0.10434, -0.27663, 2
-0.024607, -0.562913, 0.0895869, -0.000101433, -0.000355663, -0.000528653, 2
-0.258765, 0.601574, 0.0556712, -0.0946294, 0.11476, -0.0367956, 2
-0.252564, 0.0395669, 0.150026, 0.00313924, -0.00374341, -0.00210084, 2
-0.26646, 0.546595, 0.186667, 0.0598396, 0.0807204, 0.0330795, 2
-0.0627831, -0.354653, 0.228011, 0.008915, 0.00457164, 0.00325744, 2
0.0559669, -0.0449917, 0.0842384, 0.0612601, -0.0133951, -0.0293811, 2
0.222183, 0.462618, 0.0166781, -0.0117032, 0.0113393, -0.0256271, 2
0.0290766, -0.161234, 0.231544, -0.0758476, -0.0323889, 0.0406636, 2
-0.376795, 0.444686, 0.209548, 0.00497427, 0.0148983, -0.0184564, 2
0.542257, 0.119109, 0.100855, -0.00474376, -0.0008347, 0.00596056, 2
-0.468321, -0.535462, 0.117618, 0.054212, 0.0308002, 0.038683, 2
-0.109973, -0.164263, 0.11052, -0.0327764, -0.0307337, 0.0720561, 2
0.112712, 0.213136, 0.277903, 0.00521176, 0.0212897, -0.00280487, 2
-0.547111, 0.576639, 0.257061, 0.0110015, -0.0146868, -0.0102847, 2
0.199559, -0.116107, 0.0109069, -0.0240742, 0.032573, -0.0277331, 2
-0.148325, 0.569823, 0.15715, -0.000762378, 0.00159259, -0.00133644, 2
0.188628, 0.162043, 0.115313, -0.056513, -0.000232298, 0.0480751, 2
0.255341, -0.438844, 0.232496, 0.0412442, 0.0703844, 0.0265808, 2
-0.0784101, -0.185675, 0.186177, -0.00830888, 0.0672665, -0.0213631, 2
-0.500147, -0.273382, 0.0584628, -0.00195937, 0.00732781, -1.38612e-05, 2
-0.0967262, -0.111739, 0.0820882, 0.015217, 0.020812, -0.0450475, 2
0.373745, 0.408251, 0.198513, -0.00335571, 0.0118612, -0.0212427, 2
-0.4441, -0.109, 0.0943064, -0.00176827, 0.0019008, 0.00131032, 2
-0.592415, -0.0261483, 0.0809754, -0.0130877, 0.0148444, -0.0100976, 2
0.435829, -0.456553, 0.209439, 0.0548943, -0.0883246, -0.0855385, 2
0.479457, 0.0250848, 0.194404, 0.0320852, 0.00145058, 0.0620853, 2
-0.151871, -0.41625, 0.0774242, 0.0175174, 0.0200941, 0.00862014, 2
0.309383, 0.469054, 0.125204, 0.00424219, -0.00274723, 0.0140128, 2
-0.0205607, -0.23932, 0.236276, 0.00788522, -0.014952, 0.0172038, 2
-0.535782, -0.109503, 0.0104399, -0.000471735, -0.000390927, 0.0067338, 2
-0.30193, 0.423734, 0.139996, -0.0255829, 0.140367, -0.0748637, 2
0.0264224, 0.167516, 0.084568, -0.0219952, -0.000414685, -0.00203915, 2
-0.439452, 0.353379, 0.214809, 0.00409895, 0.0125698, 0.00666525, 2
-0.0622259, 0.390928, 0.0507809, -0.0214109, -0.00209783, 0.00647011, 2
0.261676, 0.196793, 0.0941335, -0.246745, 0.558538, 0.105537, 2
-0.160494, 0.0462867, 0.257896, 0.0205885, -0.0171125, 0.0441351, 2
0.617123, 0.524379, 0.311324, 0.00359979, 0.000614529, -0.00242009, 2
-0.333107, 0.203799, 0.271096, 0.000787263, 0.000263601, 0.000498471, 2
0.16771, -0.446725, 0.0537756, -0.0554299, 0.0626699, -0.00555905, 2
-0.147112, -0.352543, 0.183891, 0.0129493, 0.160501, -0.0546031, 2
-0.105353, -0.02451, 0.132333, -0.00517842, 0.000300245, 0.000605578, 2
0.454632, -0.628051, 0.0167214, -0.00363823, -0.00710918, -0.00363385, 2
-0.467023, -0.437539, 0.262557, 0.00635543, -0.0136958, 0.00198933, 2
0.392212, 0.130198, 0.202798, 0.0470129, 0.0407406, 0.102605, 2
0.595336, -0.23809, 0.0945055, 0.249095, 0.155394, -0.0764816, 2
-0.288057, 0.23138, 0.263568, -0.00846165, -0.00999086, 0.00811424, 2
-0.516402, 0.21854, 0.237172, -0.00984118, 0.0466523, -0.0543249, 2
-0.531034, 0.515397, 0.130631, -0.00202042, -0.0222156, 0.00603244, 2
0.553352, 0.0531434, 0.176441, 0.00361818, 0.00109795, 0.00084787, 2
-0.491472, 0.535995, 0.245796, 0.00046047, -0.000573696, -0.000568195, 2
0.24409, -0.199321, 0.0821773, -0.0270832, -0.129239, 0.0993156, 2
-0.486503, -0.374653, 0.0826554, -0.0431296, -0.063318, -0.0172251, 2
-0.419618, -0.211713, 0.130761, -0.00438095, -7.83707e-05, 0.000817673, 2
-0.629317, -0.449464, 0.00582022, 0.010515, -0.000668121, 0.00838307, 2
0.181876, -0.484091, 0.103789, -0.0109566, -0.0202595, 0.0192123, 2
0.559898, -0.142185, 0.00414288, 0.00435129, 0.00296692, 0.00772554, 2
0.354243, -0.0286233, 0.216269, 0.0161915, 0.0162822, 0.0126014, 2
0.0430043, 0.0703066, 0.187627, 0.0516281, 0.0687266, -0.0883093, 2
0.565528, -0.00630481, 0.0434221, 9.72355e-05, 0.000213744, -0.000330607, 2
0.0113636, 0.132186, 0.0199299, 0.0206248, 0.0243228, -0.00861476, 2
-0.265381, -0.253687, 0.12759, 0.138781, -0.0233857, 0.13452, 2
0.0633286, -0.110227, 0.191418, 0.0283956, -0.030705, -0.178274, 2
0.39395, 0.100119, 0.295981, -0.0187581, -0.00633035, -0.0151354, 2
-0.342931, 0.100766, 0.0261239, 0.00300268, -0.00713391, 0.00240341, 2
-0.31965, -0.347322, 0.062592, 0.0257841, -0.119754, -0.0558376, 2
0.095505, -0.417388, 0.184537, -0.0221927, -0.0160255, -0.00197866, 2
0.112076, 0.566819, 0.0198899, -0.0145772, 0.00242613, -0.0535886, 2
-0.282775, -0.0201406, 0.194957, 0.0191284, -0.0102543, -0.0287552, 2
0.467733, -0.0845759, 0.0358904, -0.000619052, 0.00831389, -0.0239949, 2
-0.618505, 0.556751, 0.226428, 0.00525661, -0.00142486, -0.00145449, 2
-0.538785, -0.338593, 0.00551513, -0.0198539, 0.0258509, -0.0880891, 2
-0.0284235, 0.354699, 0.135449, -0.000818335, 0.00594775, 0.000599044, 2
-0.522678, 0.118686, 0.00298813, 0.0737654, -0.0383043, -0.0400961, 2
-0.598682, 0.405719, 0.18567, -0.00384826, -0.00556681, -0.00263898, 2
-0.494187, -0.543895, 0.256331, -0.00380511, -0.0223329, 0.0105989, 2
-0.243819, 0.181574, 0.309475, 0.0102281, 0.00322801, -0.0157553, 2
0.494328, -0.336313, 0.293688, -0.00181051, -0.00197475, -0.00364188, 2
0.573887, 0.0108749, 0.131162, 0.000731437, 0.0024194, -0.00129802, 2
0.0937902, -0.151355, 0.267509, 0.0275516, 0.00339519, 0.104185, 2
0.237352, -0.139897, 0.249206, 0.0270108, -0.0227517, 0.02124, 2
-0.116864, -0.0487187, 0.00706709, 0.00137581, -0.00374624, -0.00120361, 2
-0.0948037, 0.552821, 0.253233, 0.00737099, 0.00310949, -0.00770901, 2
0.446993, -0.599821, 0.125413, 0.0100143, -0.00427218, 0.0174009, 2
0.458946, -0.568539, 0.0693521, -0.0255844, -0.00953542, 0.0434142, 2
-0.0582993, -0.432763, 0.0908693, 0.00388292, -0.00204467, 0.0077831, 2
-0.292903, -0.0466179, 0.293754, 0.00784483, -0.0594555, -0.0341795, 2
-0.314932, -0.182254, 0.0521844, -0.079312, -0.0799466, -0.266369, 2
-0.400105, -0.23833, 0.212394, -0.00132372, -0.00248382, 0.0026884, 2
0.124545, 0.485424, 0.0170643, 0.00203663, 0.000423396, -0.0153459, 2
-0.0653451, 0.092812, 0.139581, -0.0231961, 0.0531102, 0.0152733, 2
-0.328447, 0.605911, 0.284892, -0.011841, 0.00110244, 0.0113112, 2
-0.300179, -0.118856, 0.265607, 0.00958103, -0.00453955, 0.0149534, 2
-0.547175, -0.301826, 0.273142, 0.0441434, 0.042889, 0.0241523, 2
-0.0455215, -0.472844, 0.288498, -0.0254848, -0.00479479, -0.00856467, 2
0.231887, 0.0988204, 0.0228168, -0.0705448, -0.0953572, -0.0584639, 2
0.595364, 0.435881, 0.168653, 0.0101834, 0.00114463, 0.0105438, 2
0.510451, -0.509014, 0.280581, 0.0521545, 0.0484668, 0.0417616, 2
-0.540738, -0.279156, 0.0635074, -0.00327321, 0.00616411, 0.00130083, 2
0.308838, 0.475352, 0.0273725, 0.0265751, 0.00978273, -0.0303445, 2
0.377095, -0.219956, 0.208066, -0.00549314, 0.0152641, -0.0306241, 2
-0.324508, 0.0815602, 0.202053, 0.0215693, 0.0312184, -0.0031963, 2
-0.444866, 0.411345, 0.0148484, -0.00100334, -0.00143961, 0.00402504, 2
0.617561, 0.494133, 0.0968828, -0.00243982, -0.00473854, -0.00683292, 2
0.450203, -0.181352, 0.136163, -0.0410701, 0.0721196, 0.130595, 2
0.34427, -0.579428, 0.00337693, -7.08156e-05, 4.88239e-06, 0.0104027, 2
0.435537, -0.614028, 0.269838, -0.00565456, -0.00950145, 0.00697445, 2
-0.149777, 0.526387, 0.300075, 0.0305078, -0.0491391, 0.0299723, 2
-0.287381, 0.615613, 0.0727954, -0.0079726, 0.0832949, -0.00449849, 2
-0.0333516, 0.294488, 0.0341426, -0.00147208, -0.00724529, -0.00721754, 2
0.0761383, 0.0416195, 0.136644, 0.0103737, -0.00333206, -0.0389967, 2
-0.351523, 0.347075, 0.314525, -0.0018107, -0.0124719, -0.00944311, 2
0.45669, 0.532173, 0.259871, 0.00475982, 0.0312864, -0.0162882, 2
0.516084, 0.51977, 0.225913, 0.00154728, 0.00450226, -0.00232662, 2
-0.356312, 0.34001, 0.0230844, 0.0103371, 0.00110359, -0.0560735, 2
0.188338, 0.0543165, 0.0357183, -0.00253109, -0.0039879, -0.000496199, 2
0.201846, -0.14011, 0.0397022, -0.149356, 0.066494, -0.0560162, 2
0.021271, 0.340077, 0.0138082, 0.0159291, -0.0456307, -0.0236078, 2
-0.0383551, -0.577268, 0.0102206, 9.75015e-07, -3.63047e-07, 0.0072197, 2
0.252826, 0.019344, 0.241333, -0.0495729, -0.0578669, 0.00923607, 2
0.389397, -0.534481, 0.0942474, -0.00389116, 0.00829056, -0.00679374, 2
-0.323952, -0.256041, 0.0235253, -0.00522743, -0.000632213, -0.025598, 2
-0.325778, -0.429314, 0.314059, 0.00235572, -0.00802878, -0.00119399, 2
-0.546222, -0.543194, 0.286511, -0.004791, -0.000955175, 0.00212462, 2
0.357431, -0.269543, 0.214023, 0.146619, -0.028676, 0.0270331, 2
0.449769, 0.548759, 0.0701111, 1.56841e-05, -0.00501729, 0.00363623, 2
0.592642, 0.120641, 0.192575, 0.00392292, -0.0276303, -0.00632438, 2
-0.508476, -0.488051, 0.120103, -0.00585065, 0.0329397, 0.0016118, 2
-0.453243, 0.103557, 0.133277, -0.0396836, -0.2701, -0.068719, 2
-0.412361, -0.27358, 0.295604, -0.00296085, 0.00543517, -0.0229698, 2
0.552972, -0.514146, 0.00449249, 0.0329317, 0.015454, -0.0272458, 2
-0.329965, -0.208135, 0.0979731, -0.261211, -0.0927262, 0.0849339, 2
-0.235864, 0.0960507, 0.148135, 0.00586965, -0.000787882, -0.00200813, 2
-0.239553, 0.179792, 0.169828, 0.410373, -0.362101, 0.0906944, 2
-0.353435, -0.09274, 0.259933, 0.00898914, 0.0114778, 0.0349572, 2
0.502657, -0.272935, 0.239631, -0.00353725, -0.0380048, -0.00728036, 2
-0.476826, -0.310256, 0.112301, -0.0802287, 0.076102, -0.132008, 2
0.293472, -0.188769, 0.147779, -0.00554084, -0.019476, -0.000949962, 2
-0.486043, -0.0120487, 0.0161773, -0.011758, -0.0385221, -0.0433864, 2
0.0470639, 0.205554, 0.105273, -0.00857813, -0.00315878, -0.0457654, 2
-0.0304484, 0.128563, 0.134227, 0.00949963, 0.00866404, 0.0105308, 2
-0.0124785, 0.428561, 0.239685, -0.0308825, -0.0535371, -0.0135155, 2
0.379414, -0.437266, 0.106206, 0.00117433, -0.00736324, -0.0137789, 2
-0.287971, -0.046855, 0.308645, 0.00473162, -0.0208422, -0.0124491, 2
0.391339, 0.229674, 0.127969, 0.0272581, -0.00486355, -0.00126202, 2
0.171143, 0.102367, 0.217227, -0.00111949, -0.00202278, -0.00291532, 2
-0.130258, 0.255505, 0.297153, -0.0175986, -0.00480443, 0.0745514, 2
0.318945, -0.0809863, 0.0924704, 0.0153047, -0.0196903, -0.0100027, 2
-0.349866, 0.062934, 0.246949, 0.0225759, 0.000906613, 0.0309916, 2
-0.285157, -0.519966, 0.140847, -0.00336266, 0.00532054, -0.000189751, 2
0.135936, 0.0795495, 0.0154965, -0.00160811, -0.00806139, 0.00351695, 2
-0.587081, -0.562892, 0.280128, 8.26554e-06, -8.7252e-06, -0.000248507, 2
0.371657, 0.446485, 0.0133203, 0.000311405, -0.000143111, 0.00587726, 2
-0.463445, -0.47145, 0.159097, 0.00140116, 0.00725942, 0.000452822, 2
-0.488791, 0.549853, 0.059025, 0.0620107, -0.0286911, -0.0423344, 2
0.0230873, 0.0910324, 0.242108, 0.0946188, 0.0501217, -0.0678747, 2
-0.367933, 0.590738, 0.148493, -0.0102648, 0.000860954, -0.000333228, 2
-0.439246, 0.279719, 0.285737, -0.00520934, -0.00528426, 0.00845936, 2
-0.0693644, 0.559817, 0.14398, -0.0441862, 0.0139314, 0.000504475, 2
-0.341495, -0.355304, 0.171479, -0.319007, 0.237915, -0.23252, 2
0.221892, 0.410595, 0.0338759, -0.00693373, -0.0320845, -0.0178439, 2
0.283878, 0.453477, 0.0506436, 0.0396075, -0.0420651, -0.0569242, 2
0.144461, 0.195171, 0.00477403, 0.0161401, 0.0352213, -0.117203, 2
0.197743, 0.361689, 0.0444025, 0.00889095, 0.00102309, -0.00718363, 2
-0.425794, 0.502862, 0.0243749, -0.00132132, 0.00360188, -0.0125073, 2
-0.189694, -0.104014, 0.204624, 0.00112972, -0.00385324, -0.00212551, 2
-0.481191, 0.158016, 0.194817, -0.0753876, 0.0237714, 0.0641388, 2
0.112781, 0.348734, 0.107256, -0.0231244, -0.140846, 0.022136, 2
-0.00419693, -0.350594, 0.0897197, 0.00458173, 0.0554769, -0.0619919, 2
0.571723, -0.0621255, 0.158385, 0.0216353, 0.100689, -0.0691101, 2
-0.00228698, -0.470197, 0.103543, 0.000209989, 0.00147507, -0.00126487, 2
0.133216, 0.443644, 0.0594211, 0.021853, -0.0111385, -0.0157005, 2
0.335791, -0.0418586, 0.265705, 0.00200814, -0.000667112, 0.00503801, 2
0.354887, -0.474079, 0.198636, -0.00358566, -0.0307784, -0.0110285, 2
0.532497, -0.26991, 0.166861, -0.0705273, -0.08778, 0.0134461, 2
-0.62993, 0.170359, 0.298348, -0.0180487, 0.0266231, 0.011409, 2
0.188565, 0.319131, 0.180361, 0.00832785, 0.0158744, -0.00246302, 2
-0.292093, -0.198051, 0.110054, 0.172524, -0.0480103, 0.164832, 2
0.136933, 0.427716, 0.179896, 0.261411, -0.163284, -0.131225, 2
0.495812, 0.369475, 0.00687398, 0.00349276, 0.000593971, 0.00663208, 2
-0.130577, -0.262776, 0.0468155, 0.0136588, 0.0307759, -0.0178845, 2
0.283593, 0.500404, 0.000235531, 0.000966356, 0.00422, 0.00386851, 2
0.521278, 0.206232, 0.147262, 0.00591577, -0.0049946, 0.00197653, 2
0.324169, -0.0688448, 0.186233, -0.0382168, 0.0120143, 0.0439107, 2
-0.141213, -0.166311, 0.276246, -0.0145406, 0.00442637, 0.000730137, 2
0.526229, -0.166278, 0.161345, -0.0536849, -0.00380234, -0.0470863, 2
0.459695, -0.607677, 0.0836368, 0.0210706, -0.0324322, 0.0110491, 2
-0.0787872, -0.269806, 0.191615, -0.0213463, -0.0857017, 0.0278352, 2
0.361428, 0.49709, 0.141053, 0.00316141, -0.0169348, -0.00584909, 2
-0.178914, 0.362938, 0.0759308, -0.0277131, 0.016355, 0.0140038, 2
-0.151418, -0.397602, 0.167728, 0.0976443, 0.488077, -0.321844, 2
0.0358442, 0.515955, 0.135338, 0.0574812, 0.0702493, 0.0779267, 2
0.0367863, 0.407269, 0.0294049, 0.112199, -0.0186052, 0.0124782, 2
0.625833, 0.101475, 0.169685, 0.00806245, -0.0118447, -0.0110819, 2
0.110837, 0.590225, 0.285598, 0.100259, -0.0404769, -0.0408609, 2
-0.0441055, 0.486491, 0.0865372, -0.0643139, -0.0287479, 0.000174222, 2
0.601274, 0.316222, 0.0921088, -0.000187071, -0.0013426, -0.0014651, 2
-0.324106, -0.392528, 0.182148, -0.285945, -0.326769, -0.0772934, 2
0.442354, 0.598864, 0.14893, 0.00843105, 0.00195955, 0.000577034, 2
-0.253361, -0.210014, 0.0821736, 0.181197, -0.0239001, -0.0354245, 2
0.0503622, 0.268532, 0.140264, 0.130588, 0.0821962, -0.0441245, 2
-0.538654, -0.325587, 0.111762, -0.0245847, -0.00696258, -0.0494169, 2
0.00269765, 0.341163, 0.0560882, 0.00306884, -0.0171835, 0.0282752, 2
0.120317, 0.337032, 0.238948, -8.74869e-05, 0.000466082, 0.000570905, 2
-0.460871, -0.182094, 0.229013, 0.000835667, 0.00102107, 0.000250934, 2
-0.578408, 0.403764, 0.193145, 0.00316894, -0.00804462, 0.00270331, 2
-0.232259, 0.375075, 0.11471, 0.0188931, -0.0472071, -0.054912, 2
0.136177, -0.578994, 0.174069, 0.00216049, -0.0142003, -0.0144826, 2
-0.395157, 0.493323, 0.166294, -0.0245886, 0.0122234, 0.00412046, 2
0.200562, -0.390001, 0.271281, 0.00701678, -0.0068682, 0.0234252, 2
0.529257, 0.290324, 0.180923, 0.0111799, -0.00869131, 0.0145596, 2
-0.169614, 0.381634, 0.257018, -0.0186033, 0.00829857, 0.00656183, 2
0.277433, -0.245632, 0.184817, -0.0662819, 0.0723883, -0.057559, 2
0.501786, 0.504649, 0.111585, -0.0180053, 0.0112229, -0.0106088, 2
0.197651, -0.586186, 0.223552, -0.0173774, -0.047213, 0.00376692, 2
-0.146223, -0.53463, 0.167002, 0.0238731, -0.0111386, -0.0136627, 2
0.626358, -0.136925, 0.10328, -0.00999551, -0.000270114, -0.000514654, 2
-0.174729, 0.629215, 0.116022, 0.00423321, -0.010016, 0.00374463, 2
0.521546, -0.395906, 0.0818623, -0.0351094, -0.00571905, 0.126321, 2
-0.0732055, 0.43462, 0.141853, 0.00041846, -0.00463888, -0.000133596, 2
-0.248007, 0.333913, 0.0569431, 0.0668279, 0.0497161, 0.0266482, 2
0.475687, -0.465665, 0.309842, 0.0302253, 0.0191809, 0.0282011, 2
0.24383, 0.441732, 0.0909436, 0.0404194, -0.0561056, 0.0635333, 2
-0.276828, 0.313555, 0.059615, 0.138121, 0.139713, 0.0107301, 2
0.169511, -0.118758, 0.0705594, -0.0455323, -0.00021294, -0.0129703, 2
-0.196208, 0.364982, 0.0943928, -0.0136618, -0.023104, -0.0445125, 2
0.471801, 0.361376, 0.217652, 0.00306856, -0.0104004, -0.0195278, 2
-0.375005, -0.443317, 0.217465, -0.0213234, 0.0188176, 0.00461528, 2
0.0890845, -0.551734, 0.27598, -0.00545429, 0.00309527, -0.00271246, 2
0.416534, 0.00502374, 0.227144, -0.00805883, -0.00323308, -0.00231746, 2
-0.275982, 0.38698, 0.153131, -0.00239716, -0.0596226, 0.0276902, 2
-0.0482095, 0.232703, 0.194206, 0.0107164, 0.00498769, -0.00859219, 2
-0.0687667, -0.15343, 0.147148, 0.0107649, 0.0107772, 0.0206273, 2
0.295008, 0.199706, 0.0680457, 0.165977, 0.246986, -0.283323, 2
0.533467, -0.260747, 0.195847, -0.0488423, -0.0141269, 0.0970037, 2
-0.444222, 0.173008, 0.129602, 0.0689418, 0.11179, 0.00763574, 2
-0.0666509, 0.0148461, 0.0624547, -0.0722076, -0.0426398, 0.0425667, 2
-0.455968, 0.269804, 0.109116, 0.245192, 0.0448721, -0.0991272, 2
0.413892, -0.271075, 0.128674, 0.0153985, -0.0513782, 0.00806984, 2
0.257884, -0.484504, 0.28742, 0.0121657, 0.0404585, 0.0136607, 2
-0.0934683, -0.130523, 0.226675, -0.00483286, -0.00349389, -0.00100722, 2
0.519056, 0.451231, 0.12736, -0.013902, -0.00426571, 0.0221963, 2
0.0359521, -0.247499, 0.246493, -0.0143941, -0.00198527, -0.0225252, 2
0.624544, -0.582455, 0.138928, 0.000456292, -0.00116882, 0.00865567, 2
-0.3632, 0.580976, 0.231232, -0.0104251, 0.00435085, -0.0014059, 2
0.420187, -0.493209, 0.116994, -0.0116425, 0.00141259, -0.00907149, 2
-0.321333, 0.0701035, 0.278196, -0.00399661, 0.0294075, 0.000567754, 2
-0.0715146, 0.244099, 0.188156, 0.00421392, 0.0130897, -0.0136329, 2
0.364951, 0.0280276, 0.277879, 0.013787, -0.0307901, 0.00164357, 2
-0.380281, -0.344052, 0.314243, -0.0247045, 0.0071507, 0.0140873, 2
-0.490526, 0.192443, 0.124122, -0.450687, 0.0620262, 0.0515347, 2
0.416172, 0.0815358, 0.0794388, -0.0634422, 0.0218134, -0.0171492, 2
-0.334317, -0.512476, 0.175055, 0.00888694, 0.0270206, -0.0720152, 2
-0.608272, -0.517895, 0.186932, 0.00316195, -0.000103164, 0.000297131, 2
-0.0525586, -0.251132, 0.174685, 0.0638531, -0.0397529, 0.00609491, 2
-0.387556, -0.460908, 0.208874, -0.0512917, -0.0171708, -0.0754639, 2
0.0804191, -0.152278, 0.0689089, 0.0470175, -0.0833092, -0.0074665, 2
-0.0667235, 0.406171, 0.287424, 0.00477719, 0.00614454, -0.00505637, 2
-0.574025, 0.141158, 0.13694, 0.0267785, -0.0218255, 0.0239293, 2
0.537489, 0.39084, 0.208418, 0.00639251, -0.00636816, -0.0143469, 2
0.534536, 0.530277, 0.0990383, -0.0238373, -0.0164062, -0.0450736, 2
-0.228904, 0.316486, 0.276913, 0.0349922, 0.0712472, -0.0183234, 2
0.0888513, 0.612133, 0.306285, 0.0296084, 0.0649444, 0.0738423, 2
-0.470856, -0.626103, 0.0193205, -0.00189258, 0.00719075, 0.00249602, 2
0.276873, -0.0486982, 0.114028, -0.0312513, 0.00504207, -0.0178938, 2
-0.284312, 0.19371, 0.156292, -0.390885, -0.840785, -0.187415, 2
0.551183, -0.355835, 0.275713, -0.0487214, -0.000460053, 0.0319503, 2
-0.433108, 0.207405, 0.219765, 0.0245473, -0.00237782, -0.00849589, 2
-0.543337, 0.263343, 0.097564, -0.156037, 0.0149265, -0.100694, 2
0.00442499, 0.170869, 0.0377832, -0.0013043, 0.00681717, -0.00201418, 2
-0.421828, 0.0754412, 0.0128617, 0.00487766, -8.43115e-05, 0.0043967, 2
-0.0256751, 0.476501, 0.249474, -0.0970246, -0.0356535, 0.0393913, 2
-0.177949, -0.0646114, 0.245016, -0.00997226, 0.0117055, -0.0184311, 2
-0.212736, 0.0944963, 0.245981, -0.0758042, 0.0454295, -0.0441701, 2
-0.135454, -0.258594, 0.0763159, 0.0188246, 0.027768, 0.00241372, 2
0.320659, 0.0870568, 0.282234, 0.0109448, 0.0341476, 0.0101945, 2
-0.314099, 0.00827667, 0.0357846, -0.000684817, 0.00031315, 0.000305766, 2
-0.471172, 0.205132, 0.245127, 0.0311446, -0.0199237, 0.0180413, 2
0.407889, 0.291759, 0.153472, -0.0161441, 0.0239705, 0.00444467, 2
-0.461782, -0.33378, 0.0386982, 0.00893681, 0.00761572, -0.0551832, 2
-0.310649, -0.125645, 0.215049, 0.0336521, -0.0181829, 0.0500615, 2
-0.259202, 0.478644, 0.176684, 0.0231769, -0.0524838, -0.0130086, 2
-0.521233, -0.329269, 0.00303997, 0.0410674, 0.045313, -0.0679663, 2
0.458832, 0.0879584, 0.184155, 0.0136374, -0.00305167, 0.000365766, 2
0.182831, 0.582468, 0.276997, 0.00141441, 0.0128059, 0.0147664, 2
0.488094, 0.273163, 0.141271, 0.0566505, -0.00226747, 0.0314054, 2
0.357104, 0.589028, 0.300831, 0.00100587, 0.00456901, -0.000779104, 2
0.500243, -0.512108, 0.194623, 0.115603, -0.0269885, 0.0569224, 2
0.220823, 0.525744, 0.110072, 0.0258789, 0.0240234, -0.0329081, 2
-0.425217, -0.566001, 0.184118, -0.0857495, 0.337132, 0.0473944, 2
-0.270424, -0.246686, 0.310197, 0.011046, -0.00660325, -0.0301127, 2
0.589774, 0.124076, 0.272367, -0.00269439, -0.00766658, 0.0086529, 2
0.0365815, 0.232806, 0.0325593, -0.000653335, -0.000111165, -0.000365192, 2
0.0487413, 0.061675, 0.21204, 0.129255, 0.0145447, -0.018333, 2
-0.474566, -0.385458, 0.200166, 0.0660721, -0.055259, -0.0706898, 2
-0.626504, -0.527327, 0.110966, 0.00674105, -0.00217161, -0.000208009, 2
-0.0614216, 0.459741, 0.100732, -0.00362479, -0.0173551, 0.000593108, 2
-0.118026, 0.33002, 0.130196, 0.0161644, 0.00374203, 0.0216815, 2
-0.599462, -0.0791203, 0.104141, -0.00830591, -0.0151651, -0.00262107, 2
-0.159175, 0.125626, 0.120132, -0.0172151, -0.0557856, -0.0465597, 2
0.577295, 0.485166, 0.215951, 0.00838463, -0.00177607, 0.00280755, 2
0.558158, 0.444976, 0.0894792, 0.0200441, 0.0260433, -0.0064619, 2
0.387701, -0.148406, 0.305172, 0.00833829, 0.00555171, -0.0163615, 2
0.517938, 0.530299, 0.163099, -0.0921256, -0.0346322, 0.0398303, 2
0.10617, -0.57423, 0.224226, -0.0208028, -0.0177802, 0.00354995, 2
-0.353094, -0.570771, 0.249885, -0.132618, -0.186448, 0.0965782, 2
0.0907693, -0.00222899, 0.207329, 0.130361, 0.133771, -0.0515545, 2
0.493697, 0.509708, 0.132343, -0.0334322, 0.00280921, -0.00104755, 2
-0.245448, 0.54021, 0.270054, -0.088531, -0.0559273, -0.0378125, 2
0.171116, -0.248928, 0.14397, -0.0187818, 0.0928623, -0.0237661, 2
-0.608285, -0.301597, 0.107771, 0.00066206, 0.000806587, -0.000928131, 2
0.25552, -0.373402, 0.0615239, 0.00612451, -0.00871572, 0.0299086, 2
0.613436, -0.615665, 0.181913, -0.00484998, 0.00422388, 0.00101918, 2
0.574196, 0.532236, 0.156997, 0.0255336, -0.227691, 0.0980541, 2
-0.0333332, 0.00844279, 0.17093, -0.0552264, -0.0570232, 0.0325048, 2
-0.396357, 0.285312, 0.185729, 0.012113, 0.000108739, -0.00551115, 2
0.603184, -0.253882, 0.0276805, 0.0388743, 0.017081, -0.0894892, 2
0.172574, -0.390149, 0.312598, 0.00143246, 0.000501398, -0.000131609, 2
-0.557979, -0.00563311, 0.29016, -0.000870455, -0.000803472, 0.000800404, 2
0.522238, -0.464481, 0.0704371, -0.00664427, -0.0519142, 0.00431852, 2
-0.161808, -0.442802, 0.152529, -0.0400669, -0.302895, -0.498836, 2
0.269274, 0.442681, 0.216669, 0.0117197, -0.0134445, -0.00564769, 2
0.51537, 0.426154, 0.220244, 0.028287, 0.00258207, -0.0299076, 2
-0.016904, 0.370386, 0.195812, -0.00127004, 0.00401806, -0.000240128, 2
0.611085, -0.292911, 0.0404319, 0.0441568, -0.039694, -0.0276678, 2
0.0348795, -0.0593038, 0.269251, -0.0932033, -0.152711, 0.16396, 2
-0.482133, -0.0860837, 0.0482895, -0.00635322, -0.00507457, -0.00480442, 2
-0.371411, -0.543473, 0.108243, 0.0258909, 0.0468282, 0.0310409, 2
-0.380944, -0.471489, 0.264326, -0.110745, 0.181939, 0.114077, 2
-0.480231, -0.579214, 0.305696, 0.000695657, -0.00313727, 0.000483383, 2
-0.198483, -0.111059, 0.0375051, -0.0375501, 0.0154911, -0.0167781, 2
0.411633, -0.471748, 0.305666, -0.024096, -0.0419471, 0.0423201, 2
0.0183824, -0.586342, 0.254714, 0.0087457, 0.00960809, -0.00710901, 2
-0.360569, 0.0267178, 0.189819, -0.0607669, -0.0247693, -0.0468024, 2
0.422679, 0.00783902, 0.274083, -0.0172857, -0.00619424, -0.0152719, 2
0.584407, -0.587245, 0.101766, -0.00725719, -0.00942347, -0.00530182, 2
0.401483, -0.439414, 0.237736, -0.133083, -0.399782, -0.116947, 2
0.594641, -0.180862, 0.259358, 0.00636824, -0.0127602, 0.0224226, 2
-0.232313, 0.0681571, 0.298977, -0.0190193, -0.0149241, -0.0164239, 2
-0.434936, 0.21789, 0.311664, 0.00379286, 0.0200221, -0.00632116, 2
-0.472077, -0.610556, 0.126409, -0.0117347, -0.0316895, -0.0140514, 2
-0.322057, 0.43104, 0.165963, -0.0375308, 0.102392, 0.00470541, 2
-0.359319, -0.180541, 0.176868, -0.088538, -0.0608772, 0.024519, 2
-0.600391, 0.0888531, 0.0260568, -0.0755891, -0.0612709, -0.0226986, 2
0.158886, -0.118431, 0.185507, -0.0421102, -0.0277246, -0.0449597, 2
-0.00471033, -0.163988, 0.196187, -0.0189261, -0.00641031, -0.0141299, 2
0.402353, -0.392469, 0.243824, -0.442798, 0.352498, -0.122185, 2
0.0933683, -0.427791, 0.0411179, -0.000302293, -0.00239747, -0.00398662, 2
-0.129126, -0.0301401, 0.215648, -0.0855001, -0.0842899, -0.0111038, 2
-0.193145, 0.164887, 0.11263, -0.0630012, 0.00411234, 0.0205845, 2
-0.206414, 0.322773, 0.117481, 0.00312663, -0.0400242, -0.016222, 2
0.299222, -0.629247, 0.0677505, -0.000359749, 0.0119965, -0.000557616, 2
-0.296854, -0.358603, 0.180106, 0.171922, 0.320908, -0.0652907, 2
0.410619, -0.329031, 0.0448284, 0.0201517, -0.0314168, 0.0142606, 2
0.514846, 0.459819, 0.172711, -0.00364435, -0.00250583, 0.0099677, 2
-0.00305136, -0.174855, 0.289205, -0.0223664, -0.0458337, -0.0376119, 2
-0.47823, -0.402465, 0.0335972, 0.017395, 0.0112516, -0.0175001, 2
0.497067, 0.320866, 0.0841404, -0.0134697, -0.00597466, -0.0276807, 2
-0.598388, -0.438223, 0.234096, -0.0109189, -0.0293007, -0.021351, 2
0.264204, -0.0014039, 0.117827, -0.00571811, 0.0146063, -0.010031, 2
-0.545204, 0.422146, 0.0410296, -0.012526, -0.0510205, -0.0427452, 2
-0.0752789, 0.091404, 0.0412086, -0.155685, 0.106638, -0.0105467, 2
0.195723, 0.424513, 0.109049, -0.0240215, -0.0638355, 0.00410708, 2
-0.34378, 0.205168, 0.184282, -0.210884, 0.0167098, 0.060603, 2
-0.164466, 0.0900508, 0.141746, -0.0468757, -0.0455434, -0.0176019, 2
0.52638, -0.542964, 0.255523, 0.0414611, -0.107025, -0.0708344, 2
0.423274, -0.391231, 0.312397, 0.00621446, 0.0734903, 0.147271, 2
0.557663, -0.524127, 0.235123, 0.0518165, 0.00847889, -0.0320409, 2
-0.365702, -0.492551, 0.283058, -0.0132344, -0.0100036, 0.317801, 2
0.570682, 0.401616, 0.125217, 0.0239842, -0.00845295, 0.00387642, 2
-0.217936, 0.486375, 0.0732621, 0.0374101, -0.0368835, 0.00136894, 2
-0.0538176, -0.218867, 0.253604, 0.0221675, -0.00265173, 0.0392464, 2
0.111017, 0.606819, 0.202241, -0.00279188, 0.000222414, -0.00271556, 2
0.547212, -0.366924, 0.0960426, 0.034211, 0.012241, 0.0981853, 2
0.0244121, 0.0985732, 0.276046, 0.0672227, -0.228296, 0.0227103, 2
0.591395, -0.00501052, 0.297796, -0.011372, 0.0231942, -0.0228305, 2
0.35356, -0.2117, 0.0424976, -0.00266277, 0.00771474, -0.0290241, 2
0.343223, -0.284001, 0.0689567, -0.00402028, 0.00128425, -0.0391829, 2
0.0237894, -0.0197399, 0.10331, 0.230302, -0.186908, -0.0477261, 2
-0.103904, -0.0790208, 0.0462229, 0.00475912, 0.00571684, -0.0236444, 2
0.396962, 0.333007, 0.0103258, -0.000635495, -0.000203136, 0.00698953, 2
-0.569916, -0.350774, 0.1131, -0.0183145, -0.00916262, -0.00624318, 2
0.444499, 0.390206, 0.107314, -0.00059407, -0.001343, 0.000174457, 2
-0.00646192, 0.307454, 0.173074, -0.0223675, 0.0465259, 0.0098491, 2
0.377709, -0.298097, 0.0402261, -0.0469048, 0.079275, -0.0594452, 2
0.221967, -0.336665, 0.196464, -0.00653259, 0.0529017, 0.0190368, 2
0.153224, -0.613068, 0.30103, 0.004503, 0.000351598, -0.00739824, 2
0.323214, 0.360119, 0.072539, -0.00536185, -0.00123254, -0.00152405, 2
0.599041, -0.246056, 0.225095, -0.0378159, 0.0242009, 0.104204, 2
-0.247647, 0.280004, 0.0478489, 0.0950479, -0.0555571, -0.00143878, 2
-0.0627555, 0.0470025, 0.288591, -0.0665047, 0.0162447, 0.0468984, 2
-0.0214524, 0.10705, 0.043407, 0.0821382, 0.121151, 0.0428897, 2
0.430947, -0.0784145, 0.298449, 3.73779e-05, -0.000413067, -0.000166658, 2
-0.399725, 0.545087, 0.217822, -0.00222685, 0.002347, -0.000199573, 2
0.29257, 0.292832, 0.300789, -0.00114238, 0.000444488, -0.0130378, 2
0.453474, -0.115165, 0.0591314, -0.0305544, 0.0229135, -0.0225201, 2
-0.0205959, -0.591904, 0.0633551, 1.86615e-06, 0.000296083, -0.000246813, 2
-0.0764024, 0.361273, 0.310876, -0.0339248, 0.0349692, -0.010961, 2
0.213754, 0.330351, 0.0918709, 0.00540306, -0.00124202, 0.00183409, 2
-0.145793, -0.547259, 0.004381, -0.000223292, -0.000636008, 0.00901762, 2
0.0456022, 0.0199485, 0.173622, 0.00468794, -0.0181359, -0.0277092, 2
-0.059959, 0.62846, 0.042894, -2.15488e-05, -0.0116414, -0.000289369, 2
0.113669, 0.429443, 0.180781, -0.00366373, -0.206973, -0.179487, 2
0.0475397, -0.600245, 0.159562, 0.00775536, -0.00354495, -0.00766606, 2
-0.341099, 0.322288, 0.0752793, -0.0575398, 0.0512821, 0.01148, 2
-0.397872, 0.145798, 0.203979, 0.053086, 0.0244819, 0.00931011, 2
-0.161346, -0.504761, 0.213494, -0.0406704, -0.0115778, 0.0330061, 2
0.0920746, 0.0488001, 0.146321, 0.0490049, 0.0232807, -0.0111533, 2
0.0756502, -0.367409, 0.0714182, 0.00269416, -0.00360569, -0.0019396, 2
0.443134, 0.116761, 0.0920942, 0.014459, 0.0416483, 0.0220813, 2
0.460658, -0.467601, 0.254572, 0.0370265, 0.0674617, -0.0150693, 2
-0.104779, 0.102404, 0.254196, -0.0136461, -0.0122605, 0.00841894, 2
0.0667969, -0.413891, 0.204066, -0.00436583, -0.0076724, 0.00218248, 2
-0.470005, 0.263613, 0.211496, -0.0482008, -0.0391489, 0.00684428, 2
0.168244, 0.552477, 0.134577, -0.0204353, 0.0557162, -0.0360055, 2
0.469361, -0.475358, 0.0135357, -0.0128428, 0.00743728, -0.000530915, 2
0.0253502, -0.00674049, 0.0448363, 0.0469131, -0.000583917, -0.0835883, 2
-0.380601, -0.544629, 0.214527, -0.111593, 0.0209888, -0.00933315, 2
0.204684, 0.160984, 0.280166, 0.00382632, 0.0104166, 0.002975, 2
0.490357, -0.0258454, 0.151865, 0.0391343, -0.0585078, 0.0309275, 2
-0.401193, -0.195151, 0.192456, -0.0198426, -0.00278934, -0.00291281, 2
0.617096, 0.330033, 0.0605658, -0.00629187, -8.95122e-05, -0.000396981, 2
0.373954, -0.233133, 0.114584, -0.0181248, -0.131367, 0.0290664, 2
-0.069708, -0.0731751, 0.0229963, 0.00310267, -0.00148703, -0.00297465, 2
-0.483652, -0.534895, 0.00362467, 0.00490736, 0.00107321, -0.0117846, 2
0.0546561, 0.564429, 0.042276, -0.00653081, 0.00693297, -0.0244392, 2
0.108799, -0.0401838, 0.198082, 0.132687, 0.0667584, -0.0436744, 2
0.288144, 0.209178, 0.219415, -0.0206356, 0.000902812, 0.0428045, 2
-0.113674, -0.216101, 0.102171, -0.00678938, -0.0266648, 0.0148155, 2
-0.252938, -0.355708, 0.2532, -0.016322, 0.011387, 0.0710064, 2
0.354522, -0.126938, 0.0469214, 0.0225586, 0.0316637, 0.0151537, 2
-0.135582, -0.139805, 0.286921, -0.00175451, 0.00305612, 0.00253287, 2
0.106681, -0.395815, 0.0711463, 0.00213358, 0.00253328, 0.00123699, 2
0.565017, 0.164441, 0.210343, -0.0258995, 0.0150425, 0.0232908, 2
-0.602925, 0.310753, 0.23411, -0.0126085, 0.018737, -0.0186454, 2
-0.588426, -0.264555, 0.217727, -0.0226774, 0.0173766, -0.0143497, 2
-0.419322, 0.474208, 0.0501902, -0.0118276, -0.00241591, -0.013722, 2
0.373005, 0.132388, 0.259976, -0.00562638, 0.00744015, 0.0407873, 2
-0.00926046, -0.611249, 0.0484594, -4.99433e-07, 0.00426062, -0.000245015, 2
0.399422, -0.234224, 0.117023, 0.0789966, -0.132404, 0.0395751, 2
0.152295, -0.509665, 0.24278, 0.0279892, 0.000923328, 0.056645, 2
0.33998, -0.0152837, 0.0503376, 0.0210735, 0.0260173, -0.0133958, 2
0.227735, -0.538566, 0.108875, -0.0134512, -0.0138024, 0.00193209, 2
0.51232, -0.603513, 0.307476, -0.000753055, -0.00995075, 0.00590226, 2
0.093767, -0.576474, 0.227673, -0.023865, -0.00947971, 0.00739966, 2
-0.229718, -0.534937, 0.00404354, 0.000470594, -0.000698897, 0.00979564, 2
-0.618737, -0.324295, 0.280086, -0.0781742, -0.0404676, -0.00477653, 2
-0.417976, -0.581253, 0.155692, -0.109594, 0.0852825, -0.387293, 2
0.621926, 0.0394498, 0.160371, -0.00824696, -0.000293418, -0.00036439, 2
-0.444163, -0.191092, 0.259306, -0.00139698, -0.000750792, -0.0010685, 2
0.02393, 0.591166, 0.289381, -0.0191031, -0.0051772, -0.00116466, 2
-0.264878, 0.301183, 0.128069, 0.0718347, 0.0450715, 0.0152209, 2
-0.0635277, -0.101045, 0.150918, 0.0122609, -0.00321807, 0.0152611, 2
0.371971, -0.218688, 0.157531, -0.0256298, 0.0369494, 0.0778753, 2
0.341948, 0.505042, 0.170903, -0.00931407, -0.00743909, 0.0137619, 2
-0.00728671, -0.354639, 0.19466, -0.000223172, 0.000157394, 0.00341778, 2
0.00888743, -0.343412, 0.271077, -0.00123885, -0.000335325, -0.000102569, 2
-0.130694, -0.131425, 0.283255, 0.000496548, 0.00382922, 0.00185286, 2
0.492075, -0.139462, 0.135626, 0.0178946, 0.039483, 0.0654112, 2
-0.126367, 0.0463382, 0.245344, 0.0481596, 0.0842383, 0.0428881, 2
-0.34907, -0.559695, 0.235645, -0.174907, -0.244199, -0.0269526, 2
-0.451475, -0.19461, 0.15345, 0.00335779, 0.00412261, -0.00152634, 2
0.0608006, 0.371826, 0.285679, 8.57481e-05, 0.0047338, -0.0243042, 2
-0.595454, 0.113834, 0.0735162, -0.0378954, -0.113173, 0.126986, 2
0.0346697, -0.174182, 0.0422859, -0.0219328, -0.0091811, -0.0114708, 2
-0.541644, 0.448495, 0.111117, 0.025023, 0.0523338, 0.0547584, 2
0.236996, -0.172581, 0.182755, 0.0262902, 0.0015018, 0.00787539, 2
0.0613773, 0.326688, 0.307389, -0.00491206, -0.011361, -0.0533335, 2
-0.065531, 0.1888, 0.115033, 0.0470883, -0.0889833, 0.0458144, 2
0.476974, -0.56753, 0.284108, -0.0308315, -0.0429271, 0.00164057, 2
0.198423, -0.286637, 0.301675, 0.00336089, -0.00870147, 0.00888432, 2
-0.118925, -0.108148, 0.095532, -0.0355163, 0.0358722, -0.00140021, 2
0.494874, 0.582616, 0.0309977, 0.0119817, -0.00427491, 0.00140127, 2
0.377663, 0.617125, 0.216947, -0.00176578, -0.00210089, 0.000320455, 2
-0.588199, 0.0218317, 0.0159107, 0.00496016, -0.0208948, 0.00304893, 2
-0.419056, 0.110151, 0.285525, 0.0771883, -0.0230446, -0.078262, 2
0.0254122, -0.282817, 0.0848893, -0.0346827, 0.00277758, -0.015745, 2
-0.503496, 0.408524, 0.00907042, 0.0122815, -0.0112178, -0.00725482, 2
-0.533866, -0.28697, 0.213761, -0.171182, 0.00617675, 0.013908, 2
-0.0737344, -0.43996, 0.22937, -0.001758, -0.011448, 0.0004684, 2
-0.197228, 0.388427, 0.000219412, -0.0139876, 0.0177467, -0.00353936, 2
-0.250454, -0.360461, 0.130673, 0.177343, 0.05901, -0.0942704, 2
0.131674, -0.495551, 0.118836, -0.00904285, 0.000221281, -0.00576983, 2
0.255665, 0.512076, 0.115627, 0.0249334, 0.0104962, 0.00579483, 2
-0.136474, 0.55384, 0.278575, 0.0554867, 0.0111563, -0.0312997, 2
-0.0728311, -0.495179, 0.148622, 0.000292324, -0.00147588, -0.00521027, 2
-0.190657, 0.160197, 0.235409, -0.0235101, 0.0179714, 0.0355952, 2
0.1489, 0.286664, 0.180049, -0.010269, 0.0345236, -0.0050171, 2
0.185182, 0.382762, 0.265798, 0.000138917, -0.00212516, 0.00292813, 2
-0.219699, -0.320936, 0.313299, -0.00772434, -0.00162017, 0.000199681, 2
-0.562148, 0.111799, 0.252914, -0.0320743, -0.0522917, -0.054061, 2
-0.56127, 0.491309, 0.00530829, -0.00660915, -0.0338528, -0.0343248, 2
-0.0385777, -0.00698065, 0.0389114, -6.34987e-05, -0.0610639, -0.0716481, 2
0.436767, -0.381279, 0.0094395, 0.0109769, -0.0219506, -0.0114554, 2
-0.360653, 0.11221, 0.30539, 0.0271937, 0.0120116, -0.00467856, 2
-0.506278, -0.590584, 0.0241048, -0.0037155, -0.00696802, 0.00100186, 2
0.0882119, -0.151277, 0.221645, 0.119918, -0.0547363, 0.00176354, 2
-0.230079, 0.627586, 0.13582, 0.00339056, -0.00675354, 0.00617246, 2
0.490119, 0.182805, 0.0740196, 0.00660459, -0.0114323, 0.0136739, 2
0.293382, 0.593069, 0.151276, -0.0183264, 0.0248048, -0.0242405, 2
0.286649, -0.599042, 0.0217354, 4.10988e-06, 0.00110367, 0.003051, 2
0.0383799, -0.530349, 0.302053, 0.00260411, 0.000115218, -0.0008061, 2
0.0596131, 0.0610365, 0.142817, -0.0116439, 0.0427724, -0.032512, 2
0.215259, -0.13216, 0.204988, 0.0905468, -0.0549075, -0.0342671, 2
0.253017, 0.137151, 0.0755501, -0.0783215, -0.327195, 0.0373089, 2
0.214651, 0.260837, 0.0853949, 0.0266259, 0.0239973, 0.00574489, 2
0.311071, -0.280915, 0.205066, -0.0635644, -0.0534562, -0.00490221, 2
-0.0622767, 0.11897, 0.204472, 0.0204385, -0.0224226, -0.0247458, 2
0.481004, -0.0208746, 0.0926826, 0.140858, -0.170658, -0.0619611, 2
-0.482845, -0.357456, 0.083459, -0.0634694, -0.0294847, -0.0325581, 2
0.122261, 0.559157, 0.0911893, 0.0321503, 0.155887, 0.109107, 2
0.209203, -0.0324269, 0.116093, 0.00211865, 0.00602926, 0.00224743, 2
0.15749, -0.602777, 0.288843, 0.00345605, -0.000672366, -0.00431877, 2
-0.531168, 0.242445, 0.098312, -0.151268, -0.0335567, -0.173943, 2
0.288786, -0.134502, 0.290091, -0.0175752, 0.0019278, -0.0369233, 2
0.590987, -0.549814, 0.197809, 0.00664151, 0.00109348, -0.0122995, 2
-0.327361, 0.391221, 0.285071, 0.00591262, -0.00416649, -0.0126167, 2
0.492905, -0.30102, 0.157323, -0.0270961, -0.0185513, -0.00120765, 2
0.0508666, -0.44998, 0.309595, 0.00153122, 0.000271022, -0.000473097, 2
0.421597, -0.302861, 0.0627402, 0.0427302, 0.0795084, 0.0765806, 2
-0.504494, 0.449364, 0.0450385, 0.0568321, -0.00588594, -0.0199126, 2
-0.139737, 0.0286031, 0.194423, -0.0432806, 0.0155238, -0.0806661, 2
0.324634, -0.443871, 0.201219, -0.0323091, -0.0179427, 0.00483948, 2
0.220079, -0.345075, 0.10434, 0.0223749, -0.00066753, 0.0281185, 2
0.613327, 0.573675, 0.228205, 0.00864119, -0.022995, 0.00340887, 2
0.513763, 0.534698, 0.248242, 0.00975939, 0.00777214, -0.00444699, 2
0.0450717, -0.422626, 0.188557, -0.00486478, -0.0037864, -0.00305298, 2
-0.0745705, -0.559684, 0.270793, -0.000316465, 0.00657229, -0.00620365, 2
0.554721, 0.121146, 0.000806917, -0.00108232, 0.00118832, 0.00236753, 2
0.533175, -0.0872207, 0.0825826, 0.0112338, 0.00279266, 0.00495502, 2
-0.475791, 0.0382487, 0.0374326, 0.015204, 0.0468673, 0.0114426, 2
-0.295637, 0.528475, 0.202074, -0.0610812, -0.00312879, 0.088046, 2
0.482053, 0.223146, 0.248597, 0.0821174, -0.00594969, 0.0527052, 2
0.0270032, -0.186738, 0.00483789, -0.00299934, 0.00121042, -0.00273189, 2
0.444361, -0.203375, 0.305747, 0.0170966, 0.0768435, -0.00622553, 2
0.0972544, -0.319576, 0.281931, -0.000238098, 0.0506453, -0.0304874, 2
-0.169703, 0.355459, 0.0187839, 0.00614939, 0.0270903, -0.0713944, 2
0.584524, -0.349075, 0.0363537, 0.108362, 0.0581365, -0.0208977, 2
0.407768, -0.424317, 0.224131, -0.0935894, -0.30802, -0.348287, 2
0.410995, -0.521106, 0.044835, -0.0113282, 0.00784815, -0.000680416, 2
-0.518601, -0.366933, 0.211888, -0.0694936, -0.0693585, -0.37942, 2
-0.368871, -0.0326073, 0.186516, -0.00823159, -0.00425401, -0.0159749, 2
0.439426, -0.180517, 0.0848118, -0.145274, 0.106869, -0.0779748, 2
0.173889, 0.476449, 0.195618, -0.0611226, -0.21137, -0.12315, 2
0.193241, 0.290847, 0.302265, -0.0122884, 0.00525581, -0.0369397, 2
0.156304, -0.241862, 0.0648804, -0.00322002, 0.0482828, -0.00316799, 2
0.0241017, 0.218399, 0.311236, -0.0469833, 0.00340738, -0.0641725, 2
0.0992374, 0.17296, 0.0664766, -0.0266888, -0.000993364, -0.0203917, 2
0.244652, -0.0492361, 0.117888, -0.0101562, 0.0115156, -0.00716769, 2
-0.11875, -0.268204, 0.145103, -0.00879844, -0.00603968, 0.000534003, 2
0.06059, -0.156842, 0.21086, -0.0860152, -0.169334, -0.0159838, 2
-0.351784, 0.104251, 0.0452175, 0.00357203, -0.00967738, 0.00147652, 2
0.39428, -0.0862866, 0.157579, 0.0281476, 0.0125384, 0.00220788, 2
-0.5264, -0.542361, 0.119201, -0.0417214, -0.00629551, -0.0102375, 2
0.256072, 0.280843, 0.0344215, 0.0207658, 0.000975137, 0.00798397, 2
0.205206, -0.192816, 0.131447, 0.00162076, -0.0155318, -0.0153311, 2
0.464728, 0.461249, 0.0285558, -0.0226646, -0.0112087, -0.0122428, 2
0.449745, -0.0694773, 0.229287, -0.000986413, -0.000877633, -0.000816708, 2
-0.544275, -0.454788, 0.0594866, -0.0373634, -0.040922, 0.0953021, 2
-0.072722, 0.0564249, 0.149926, -0.0735874, 0.0158558, 0.0515588, 2
0.507689, -0.512948, 0.268207, -0.000818042, -0.0164348, -0.0781031, 2
0.0912028, -0.23477, 0.136779, -0.0193818, 0.0936806, 0.0963114, 2
0.272073, -0.470453, 0.272698, 0.0663405, 0.0610494, -0.0111071, 2
-0.357538, -0.36689, 0.294598, -0.057677, -0.0288587, 0.00271345, 2
0.119264, 0.519146, 0.207318, -0.0712563, 0.0406122, -0.120915, 2
0.25695, 0.0943886, 0.00162345, 0.00337317, -0.0409451, -0.0564432, 2
-0.477189, -0.070847, 0.274426, 0.000239229, 0.000165975, -0.00155086, 2
-0.362966, -0.251065, 0.0995663, -0.0839576, -0.0131082, -0.00697963, 2
0.55418, -0.165377, 0.14336, -0.0185725, 0.0329924, -0.0625433, 2
-0.4678, 0.391865, 0.314957, 0.00118284, 0.0021566, 0.00483958, 2
0.131906, 0.26959, 0.0292292, -0.00480215, 0.00721799, -0.00166797, 2
-0.0551937, -0.26917, 0.128028, -0.0161892, -0.0262454, -0.041988, 2
0.491921, -0.627061, 0.167905, 0.000484755, 0.0106995, 0.000267615, 2
0.322785, -0.354635, 0.233674, -0.0018646, -0.0179635, 0.0239105, 2
0.241252, 0.394592, 0.205969, -0.0123134, 0.0117092, 0.00287593, 2
-0.189401, 0.0215788, 0.0720755, 0.000552872, 0.00685773, 0.00993983, 2
-0.182907, 0.174353, 0.211855, -0.0111496, 0.0414553, 0.0321732, 2
-0.345128, 0.441351, 0.306579, -0.00123456, 0.0235409, -0.0215107, 2
0.0531372, 0.365567, 0.107744, -0.0388715, -0.00940902, -0.00715074, 2
0.626577, 0.527731, 0.0482195, -0.0105282, -0.000129112, -0.000413528, 2
0.626479, 0.0296733, 0.273108, -0.00873997, 0.00663629, -0.000898242, 2
-0.516531, 0.604443, 0.0483245, 0.0112426, 0.0492871, -0.0258346, 2
-0.00442055, 0.4664, 0.0490501, -0.0460223, -0.0188653, -0.0506673, 2
-0.592727, 0.159222, 0.117882, -0.038948, 0.0525879, -0.00998899, 2
0.341968, -0.229488, 0.0590393, -0.0144679, -0.00506499, -0.0170461, 2
-0.0940824, 0.211074, 0.221925, -0.00996774, 0.046328, -0.0657358, 2
0.19422, -0.601796, 0.108022, -0.000116415, 0.00191359, -0.00050894, 2
-0.218289, -0.31696, 0.0608691, 0.00170836, -0.0047669, -0.000902022, 2
-0.251899, 0.36614, 0.309752, -0.0137309, 0.0131173, 0.000241686, 2
0.179078, 0.362754, 0.284194, -0.00118701, 0.000345211, 9.06238e-05, 2
0.371956, 0.35927, 0.134121, 0.00473139, 0.00047954, -0.00163652, 2
0.204461, 0.472702, 0.127741, 0.0153705, -0.0056208, 0.00496565, 2
0.397759, -0.161682, 0.0868503, -0.0205203, 0.137694, -0.0176475, 2
0.593959, -0.124445, 0.284147, -0.00263961, -0.0022678, 0.0113713, 2
-0.194439, -0.412441, 0.0692838, -0.0170144, 0.0141077, -0.0272355, 2
0.0417176, 0.12344, 0.279543, 0.213242, 0.023947, -0.112712, 2
-0.33051, -0.312304, 0.286585, 0.00748468, 0.0516558, 0.0300317, 2
0.101579, 0.099371, 0.0498541, -0.0055026, -0.0116031, 0.000311997, 2
0.345055, 0.477435, 0.29888, 0.00573679, -0.0107255, 0.00484345, 2
0.324136, 0.0265495, 0.232078, 0.0224218, -0.0375084, -0.0202243, 2
0.200984, -0.231458, 0.164404, 0.0481501, 0.0199074, -0.00464464, 2
-0.522459, 0.602966, 0.125089, -0.00361216, 0.0575148, 0.0164069, 2
-0.0114944, 0.370761, 0.242159, 0.000245238, 0.00069534, -0.0013834, 2
0.335907, 0.334757, 0.0535574, 0.000248796, -0.00486197, -0.00432239, 2
0.212567, -0.489646, 0.107938, -0.00403955, -0.0152056, 0.0180083, 2
0.489703, 0.182035, 0.296289, 0.00632583, 0.0010247, 0.00831414, 2
0.347949, 0.481488, 0.0607223, 0.0127758, 0.00132772, -0.000775249, 2
0.234362, -0.0468961, 0.243056, -0.0125726, 0.000369572, 0.0158409, 2
0.433779, -0.331804, 0.204924, 0.01198, 0.0269159, -0.0311047, 2
0.369372, 0.622295, 0.0540704, 0.00336284, 0.047288, 0.00611245, 2
0.0377562, 0.193315, 0.153697, -0.021029, -0.085945, 0.000166846, 2
-0.564553, 0.30082, 0.146947, -0.0592757, -1.17464e-05, 0.0193811, 2
-0.064197, -0.340638, 0.0821467, -0.0123801, 0.00291864, -0.0027756, 2
-0.355486, 0.625232, 0.00834501, -0.00091086, -0.00771023, 0.00567874, 2
-0.141256, 0.207836, 0.0434243, 0.0775293, 0.00624799, -0.0595768, 2
0.290496, 0.0675754, 0.246424, 0.0534425, 0.0336054, 0.0350252, 2
0.215725, -0.214439, 0.209305, 0.013594, 0.00698797, 0.0186556, 2
0.458614, -0.610041, 0.0400902, -0.00700975, -0.0464521, -0.00245588, 2
0.17091, 0.453702, 0.11463, -0.052593, -0.0257221, -0.00652392, 2
-0.269321, 0.19311, 0.112713, 0.171555, -0.24929, -0.605549, 2
-0.0530397, -0.399097, 0.00355089, -0.00986098, -0.0106736, -0.0337915, 2
0.561747, -0.333687, 0.236247, -0.0818255, -0.0228157, -0.0360963, 2
-0.110391, 0.23208, 0.308578, 0.0038776, -0.0119575, 0.0351539, 2
0.218196, 0.506557, 0.307395, -0.00472753, -0.0027762, 0.0160105, 2
0.251576, -0.264663, 0.201864, -0.0468356, 0.0105575, 0.0290155, 2
0.425273, -0.60413, 0.0612666, -0.02453, -0.0231352, -0.00834235, 2
0.151042, 0.241558, 0.165148, -0.000409682, -0.0375132, -0.0200513, 2
-0.271665, 0.0702086, 0.170128, -0.00180396, -0.00150232, 0.00417953, 2
-0.111304, -0.388844, 0.126063, 0.0447485, 0.0345462, -0.0518838, 2
0.347216, -0.0282021, 0.0168495, -0.00108516, 0.0133477, -0.0178047, 2
-0.461859, 0.548722, 0.0745662, 0.0196677, -0.020568, -0.0100602, 2
-0.447656, 0.480505, 0.148635, -0.000810043, 0.0213555, 0.0387431, 2
0.497331, -0.259849, 0.0491644, -0.0208306, -0.0372723, 0.00505294, 2
0.471717, 0.58831, 0.0183129, 0.00946857, -0.00852534, -0.0114126, 2
0.441372, 0.209923, 0.109638, 0.000576949, -0.041755, -0.0145725, 2
-0.0111007, 0.00523289, 0.116096, -0.167079, 0.162733, 0.122175, 2
0.233966, -0.473689, 0.0189951, 0.038436, 0.00617167, -0.0286638, 2
-0.365371, -0.11539, 0.194038, -0.0282321, 0.0197213, -0.0168515, 2
0.315142, 0.403269, 0.254318, -0.0040439, 0.0111077, 0.00540044, 2
-0.440533, 0.120522, 0.0897764, 0.0243591, -0.162787, -0.172956, 2
-0.373135, 0.288626, 0.069466, -0.0112898, -0.0593085, -0.0156232, 2
-0.0748704, 0.470934, 0.0321014, -0.00891291, 0.000255691, -0.0028551, 2
0.519671, 0.338302, 0.12463, -0.0410084, -0.0202088, -0.0317099, 2
-0.543598, 0.180055, 0.114217, -0.0477893, -0.0114084, -0.0130293, 2
-0.470347, -0.00853646, 0.00920673, 0.0283368, -0.0243772, -0.0440201, 2
-0.0317942, 0.610326, 0.168006, 0.000923678, 0.00383487, 0.00486612, 2
0.432591, 0.214329, 0.207074, -0.077275, 0.0392024, -0.0375144, 2
0.508572, 0.478921, 0.0207361, 0.00123197, -0.000562808, -0.0347902, 2
0.024797, 0.1641, 0.279044, -0.00197942, 0.167733, -0.0779747, 2
-0.217859, 0.35353, 0.151684, 0.00895472, -0.0436065, 0.0279802, 2
0.141247, 0.610358, 0.0663493, -0.00287091, 0.034732, 0.00241474, 2
0.419111, -0.0944753, 0.0265919, -0.00569281, 0.0013345, -0.00438547, 2
0.547517, -0.204768, 0.268658, 0.0587149, 0.00292984, 0.0084319, 2
-0.21389, -0.118402, 0.156181, 0.0138865, -0.00495365, -0.000565657, 2
0.242977, 0.0412143, 0.311538, -0.00370874, -0.00213088, 0.0113112, 2
0.279804, -0.620543, 0.306629, -0.000348497, 0.00463476, -0.00332388, 2
-0.308099, 0.442011, 0.20272, 0.00403441, 0.0170522, 0.0342689, 2
0.520199, 0.32062, 0.164959, 0.00162614, -0.0192921, 0.0604326, 2
0.603143, -0.284547, 0.0484934, 0.0412786, -0.0624138, -0.0370821, 2
0.459393, 0.127558, 0.294367, 0.0143119, 0.0240482, -0.0757551, 2
-0.193799, -0.361158, 0.289466, 0.0163627, 0.00494976, 0.0179413, 2
0.0715982, -0.572011, 0.108356, -0.00318665, 0.00408683, 0.000720458, 2
0.177966, 0.60547, 0.214655, -0.00921101, 0.0366309, 0.00759184, 2
-0.00732841, -0.238384, 0.0275633, -0.00505489, -0.00230874, -0.00107873, 2
0.617396, -0.62537, 0.195358, -0.00620269, 0.00922144, -0.000336009, 2
0.603621, 0.284398, 0.197713, -0.00173582, -0.00125625, -0.00050349, 2
0.570208, 0.606262, 0.150725, 0.019109, 0.197622, -0.0639158, 2
0.12116, 0.496497, 0.0733888, 0.0811332, -0.110973, -0.119399, 2
-0.478929, 0.469677, 0.159743, -0.00926024, 0.0160942, 0.0362588, 2
-0.284956, 0.299106, 0.0341416, 0.0443121, 0.0196442, -0.11039, 2
-0.367416, -0.524657, 0.101343, 0.0162924, 0.0488677, 0.0141821, 2
-0.469481, 0.176905, 0.115831, -0.747556, -0.0407089, -0.455448, 2
-0.0360573, -0.275093, 0.109708, 0.0121559, -0.00032712, -0.0330922, 2
-0.437365, 0.347542, 0.207602, 0.00884149, 0.0148045, 0.00930151, 2
-0.327112, 0.334975, 0.208751, 0.0048149, -0.0257797, 0.0110204, 2
0.454319, 0.308632, 0.12236, -0.0258043, 0.0435824, -0.0227859, 2
-0.0147571, 0.248877, 0.116434, -0.0161525, -0.0148958, -0.0408069, 2
0.588142, -0.259926, 0.0830677, 0.147287, -0.0987225, -0.127868, 2
-0.37823, -0.108892, 0.042996, -0.0105713, 0.0111197, -0.00591015, 2
0.260742, 0.236115, 0.275263, -0.00370082, -0.00840782, -0.00658478, 2
0.397308, 0.498663, 0.30159, -0.0128535, -0.00199759, -0.0164422, 2
-0.457247, -0.600781, 0.188325, -0.219858, -0.193956, 0.0588981, 2
0.00607701, -0.00687517, 0.277043, 0.0235295, -0.0471478, 0.131056, 2
0.444907, 0.185723, 0.206438, -0.0430343, -0.0338169, -0.0566608, 2
0.0153901, 0.488574, 0.132691, -0.026151, -0.124568, 0.110704, 2
-0.409533, 0.31293, 0.0523579, -0.00666062, -0.045642, -0.0393719, 2
0.0799047, -0.331791, 0.272068, -0.059638, 0.0383496, -0.0323089, 2
0.545642, -0.373612, 0.0495955, -0.0221618, 0.0256878, 0.0177501, 2
-0.382015, -0.121879, 0.179863, -0.0363022, 0.0122404, -0.0165715, 2
-0.210031, -0.4911, 0.0814012, -0.00844991, -0.00650587, -0.0152125, 2
-0.368904, 0.536172, 0.048576, -0.0300393, -0.0157181, -0.0214518, 2
-0.422471, -0.551039, 0.0558716, -0.115781, 0.11119, 0.0771382, 2
0.330831, 0.0850019, 0.211644, 0.00697568, -0.0182957, -0.0128589, 2
0.179076, -0.100054, 0.100584, -0.0220719, 0.00997706, -0.00566487, 2
-0.255099, 0.545299, 0.0652363, 0.0013761, -0.0318279, -0.13421, 2
0.275664, -0.494198, 0.30096, 0.0844605, 0.0134063, 0.0609935, 2
0.485096, 0.215671, 0.060521, 0.00261395, 0.00996666, -0.00654151, 2
0.31344, 0.131349, 0.124609, 0.162405, -0.720509, -0.257397, 2
0.511822, 0.379297, 0.25163, 0.00653407, -0.0222774, -0.0453486, 2
-0.0286512, -0.460697, 0.286346, 0.00118868, 0.0221163, -0.00879698, 2
0.296954, -0.199638, 0.262898, -0.0118098, -0.00359366, 0.0096544, 2
0.491258, 0.00785446, 0.282629, 0.033202, 0.00573722, 0.0122507, 2
-0.545183, -0.291278, 0.146389, -0.0611944, 0.0424738, -0.0226443, 2
0.301392, 0.517761, 0.278866, -0.0145017, 0.00103352, -0.0116638, 2
-0.556201, -0.367301, 0.2577, -0.194025, 0.00764243, 0.118464, 2
-0.295256, 0.538326, 0.291642, -0.00829403, -0.00302881, 0.00877502, 2
-0.351344, 0.393458, 0.188068, -0.00298945, 0.0270608, -0.018285, 2
-0.10926, 0.0769351, 0.0634147, -0.0665385, 0.000661725, 0.0192348, 2
0.389175, -0.0412059, 0.000748145, 0.00871477, -8.58274e-05, 0.000361658, 2
0.135769, 0.560106, 0.0430648, 0.0238688, 0.00534207, -0.0885486, 2
0.0212253, 0.227096, 0.150646, -0.106338, -0.145023, -0.00931275, 2
-0.187109, 0.0883908, 0.310101, 0.0263647, 0.00930158, 0.0272205, 2
-0.316519, 0.173171, 0.0797902, 0.0115219, -0.0365735, 0.00104047, 2
0.269037, -0.1554, 0.0517397, 0.227265, 0.0489876, 0.0229428, 2
0.124574, -0.0816378, 0.117405, -0.0292342, -0.00639897, -0.0846533, 2
-0.104552, 0.25307, 0.0944959, -0.0409429, 0.0447845, -0.00651838, 2
-0.197913, 0.531689, 0.0353695, 0.0678943, -0.0653361, -0.0382261, 2
0.554361, -0.207534, 0.212094, -0.0395746, -0.00393921, 0.0723877, 2
-0.451908, -0.448323, 0.0443018, 0.00588604, -0.0210497, -0.00380217, 2
-0.448915, 0.317409, 0.0268375, 0.0213372, 0.00657821, -0.0912305, 2
-0.276656, -0.291329, 0.241102, 0.0542156, 0.0548341, 0.106914, 2
0.325929, 0.151525, 0.105709, 0.436993, -0.260091, -0.485009, 2
0.306404, 0.46497, 0.306493, 0.00381494, -0.0125688, -0.00128167, 2
0.625565, 0.104043, 0.110152, -0.00709357, -0.00347329, 0.00346655, 2
-0.427403, -0.401346, 0.247234, 0.00711186, -0.00203049, 0.00786327, 2
0.0422177, 0.124065, 0.15301, -0.0024048, 0.00202927, 0.00185788, 2
0.420201, 0.556116, 0.128442, 0.0292452, -0.0124413, -0.00630125, 2
0.561679, 0.480513, 0.234049, 0.00905329, 0.00326069, -0.00915168, 2
0.150129, -0.601358, 0.279459, 0.00243034, -0.00238158, -0.000758061, 2
0.327336, -0.420309, 0.201321, -0.0416281, -0.0044058, 0.00745344, 2
0.434686, -0.0670017, 0.285979, -0.000513902, -0.00213052, 6.63603e-05, 2
0.139169, -0.371036, 0.16637, -0.0281076, -0.0126594, -0.070029, 2
0.562007, 0.565331, 0.125121, -0.112284, 0.0194378, -0.263271, 2
0.528052, 0.560933, 0.308623, -0.00310086, 0.0201957, -0.0200594, 2
-0.291267, -0.496433, 0.0507954, 0.00232118, -0.00100296, 0.0256199, 2
-0.562259, 0.175748, 0.239303, -0.0361594, -0.00343612, -0.0224522, 2
0.049781, -0.0340144, 0.220841, -0.217492, 0.152344, -0.176697, 2
0.563547, -0.102299, 0.183478, 0.0488714, -0.0102422, -0.0645669, 2
0.239815, -0.582133, 0.190629, 0.0132015, 0.0102132, -0.0113958, 2
0.0977246, 0.375166, 0.243043, 0.0063652, -0.01434, 0.0121319, 2
-0.35692, 0.179889, 0.0688017, -0.0186801, -0.0110166, 0.0185764, 2
-0.47293, -0.310905, 0.133533, -0.0033771, 0.0304612, -0.0426327, 2
0.192548, -0.378862, 0.117375, -0.00386848, -0.0142193, 0.00469474, 2
-0.566893, -0.480774, 0.100118, -0.0142639, 0.0046164, 0.0259896, 2
-0.592329, -0.142077, 0.1335, 7.44046e-05, -0.00195953, 0.000465524, 2
-0.389147, -0.074373, 0.0199466, -0.000204787, 0.000109897, 0.00340465, 2
0.568063, 0.605371, 0.168934, -0.0106946, 0.136085, 0.129591, 2
0.191499, 0.538955, 0.30085, -0.00309684, 0.00331422, 0.0187266, 2
-0.334515, 0.148807, 0.312808, -0.00906622, -0.00104203, -0.0229098, 2
0.428003, -0.383432, 0.249108, 0.218797, 0.465361, -0.0461716, 2
0.140248, -0.110388, 0.13659, -0.000854183, -0.0771268, -0.0294081, 2
0.415455, 0.0466447, 0.216354, -0.00767459, 0.00115511, 0.00106583, 2
-0.310338, -0.39077, 0.27913, 0.0442795, -0.0349818, 0.0107636, 2
0.159164, -0.3277, 0.00144528, -0.0071731, -0.00830542, 0.00448289, 2
0.559636, -0.290065, 0.123417, -0.0529492, -0.209045, 0.0753628, 2
-0.166289, -0.049249, 0.262315, 0.000355332, 0.0169237, 0.00178705, 2
-0.0865033, -0.111149, 0.256166, 0.000740278, 0.00614823, 0.00626662, 2
0.589232, -0.549613, 0.233414, 0.0169872, 0.00353572, -0.00328418, 2
0.532705, -0.254165, 0.113125, -0.272426, 0.0193849, -0.00204581, 2
0.524008, -0.456126, 0.174758, 0.0441818, 0.0354059, 0.0156541, 2
0.260515, 0.314085, 0.304652, -0.00810327, -0.0231337, 0.0109816, 2
-0.453054, 0.0995766, 0.158822, -0.0254376, -0.205478, 0.0596984, 2
0.412363, 0.419202, 0.218621, 0.00990527, 0.0252006, -0.0272904, 2
0.268955, -0.0515977, 0.294187, -0.000638772, -0.000498855, 7.72066e-05, 2
0.274736, -0.121926, 0.0641793, 0.0841439, 0.094862, 0.00749474, 2
-0.491524, 0.341748, 0.209358, 0.00482073, 0.0322498, 0.0442783, 2
0.557734, -0.374718, 0.0240798, 0.0224315, -0.0277523, -0.165879, 2
0.322474, -0.41545, 0.0441673, 0.0160084, 0.00547696, -0.0093503, 2
-0.00379563, -0.512708, 0.138117, 0.00272296, 0.0015777, -0.00466053, 2
0.448706, -0.618663, 0.181576, 0.00463616, 0.00270276, 0.000234292, 2
-0.112188, 0.271815, 0.102607, -0.00713867, 0.012269, 0.00592841, 2
-0.153506, 0.448724, 0.284992, -0.00205553, -0.00589337, 0.0049366, 2
0.481783, 0.231124, 0.232301, 0.0994457, 0.037862, -0.0374088, 2
0.0963391, -0.129885, 0.061911, 0.100833, -0.00223388, -0.0402066, 2
0.0131584, -0.485112, 0.18892, 0.00199146, 0.00688177, -0.00248162, 2
0.269876, -0.346672, 0.116867, 0.00291278, 0.000324414, 0.0036878, 2
-0.15262, -0.418901, 0.180678, 0.141373, 0.142655, 0.128456, 2
-0.0563006, 0.533536, 0.234306, -0.0359245, 0.0377648, -0.00997862, 2
0.120369, -0.100224, 0.26362, 0.0190669, 0.00652741, 0.0524544, 2
-0.587091, -0.281481, 0.266445, -0.0121169, 0.0687898, -0.0387897, 2
0.139214, 0.236294, 0.176908, -0.0222529, -0.0388575, 0.0059367, 2
0.54964, -0.547175, 0.131598, 0.000642817, -0.0122839, 0.0182022, 2
0.42968, 0.564571, 0.0318886, 0.0118743, -0.0119958, -0.00439081, 2
0.0989579, 0.030947, 0.156908, 0.062982, -0.0239339, 1.94748e-05, 2
0.346602, -0.585858, 0.193121, -0.0148334, -0.00524872, 0.00278021, 2
-0.157643, 0.313981, 0.263944, -0.0071851, 0.0976885, 0.0029223, 2
0.309823, -0.468602, 0.00172758, 0.00438658, -0.00150741, 0.00132034, 2
-0.227391, 0.105061, 0.292602, -0.0276217, 0.0492289, -0.00272944, 2
-0.550093, -0.404534, 0.110056, 0.00056424, 0.00377902, 0.0104243, 2
0.504388, -0.361662, 0.197176, 0.00358115, 0.00198417, -0.00387484, 2
0.310243, 0.407515, 0.0987589, 0.00267178, -0.00470968, 0.00560134, 2
-0.242052, 0.327192, 0.119456, 0.0278775, -0.000705188, -0.0181065, 2
0.284342, 0.126908, 0.103108, 0.0244824, -0.542856, -0.0465713, 2
0.411896, -0.404097, 0.268335, -0.180934, 0.00768158, 0.447772, 2
-0.220398, 0.572468, 0.279362, -0.035891, 0.120847, 0.0219364, 2
0.552087, -0.215139, 0.200366, -0.0683778, 0.0281227, 0.0850203, 2
0.347935, -0.535279, 0.240706, -0.0350751, 0.0793945, -0.0326637, 2
0.354845, -0.132707, 0.109481, 0.009927, 0.0155267, -0.00670197, 2
0.265328, -0.0528359, 0.165838, -0.0347656, -0.0401, -0.0294118, 2
-0.554377, -0.178411, 0.232914, 0.00855491, -0.0220922, -0.00127912, 2
0.234328, -0.498132, 0.177301, 0.00298073, -0.0602551, -0.0189124, 2
0.629363, -0.11022, 0.101609, -0.0108527, -0.00227708, -0.00177071, 2
-0.15274, -0.455841, 0.290826, -0.000314002, 0.00198385, 0.00384027, 2
0.259692, 0.586018, 0.0323113, 6.0542e-05, 0.000459485, 0.000428582, 2
0.0731065, -0.264343, 0.0179374, -0.000750725, 0.000163772, -0.0020739, 2
-0.0693732, -0.342219, 0.121644, -0.0228725, -0.00182672, 0.00194218, 2
-0.527835, -0.624248, 0.145315, -0.00680969, 0.00352102, 0.00286671, 2
0.434991, 0.360561, 0.269629, -0.0396861, -0.00164417, -0.0352365, 2
-0.387013, -0.00407431, 0.098929, 0.0318807, -0.00390872, -0.0358958, 2
0.276339, 0.0715124, 0.211817, -0.0142403, 0.0222645, -0.103484, 2
-0.0519335, -0.324123, 0.244775, 0.00209832, 0.00104103, 0.000385161, 2
-0.602655, -0.324723, 0.0597292, -0.00450875, 0.0030325, 0.003111, 2
-0.19622, 0.1525, 0.10326, -0.0622263, -0.0302123, -0.0169409, 2
-0.292841, -0.217771, 0.0922735, 0.122689, -0.1906, -0.0929904, 2
-0.163596, 0.485299, 0.183679, -0.00699534, -0.00323173, -0.00647616, 2
-0.0918466, -0.214038, 0.255615, -0.00265041, -0.0205105, 0.0333126, 2
0.394727, -0.11191, 0.257044, 0.00800416, 0.00622483, 0.0060076, 2
-0.283941, -0.306883, 0.189693, 0.110942, 0.223454, -0.0676716, 2
-0.465353, -0.0639325, 0.0311837, 0.00874482, -0.0097987, -0.0127432, 2
-0.0696368, -0.417557, 0.206553, 0.0180887, -0.00284821, -0.0038718, 2
-0.482295, 0.160473, 0.283013, 0.0224922, 0.100921, -0.0645787, 2
0.496805, 0.187782, 0.0443411, 0.0131999, -0.00629279, -0.0153471, 2
-0.524205, 0.621525, 0.239957, 0.00709804, -0.00611636, -0.00735866, 2
-0.111166, -0.301279, 0.0280234, 0.00892114, 0.00872506, -0.0283052, 2
0.257928, 0.165088, 0.306839, -0.035025, -0.000202502, -0.0738912, 2
-0.267284, -0.556722, 0.0958386, 0.0571706, 0.0296252, 0.0327178, 2
-0.504752, 0.467969, 0.225352, -0.000527553, 0.00184045, 0.00367565, 2
0.523423, -0.445935, 0.306122, 0.00622568, 0.0183573, 0.00328158, 2
0.0222687, -0.281324, 0.132648, -0.0197526, 0.00759202, 0.0164066, 2
0.147004, 0.279002, 0.18575, -0.0166877, 0.0200512, 0.0209175, 2
-0.286712, 0.42667, 0.0683773, 0.012713, 0.0119223, 0.00323093, 2
-0.414588, 0.293512, 0.272814, 0.00864177, -0.00721297, -0.000386535, 2
-0.237224, 0.39927, 0.270704, -0.000451161, 0.00338706, -0.00512562, 2
-0.537322, -0.341859, 0.0378936, -0.0375078, 0.0343789, 0.0748095, 2
-0.425229, 0.546032, 0.236656, -0.000697805, 0.00027996, -0.000739254, 2
-0.4578, -0.351215, 0.254967, 0.112649, 0.0376464, 0.0231631, 2
-0.0744454, -0.226004, 0.214468, 0.00456486, -0.017725, 0.074753, 2
-0.432964, -0.332544, 0.260475, 0.0186471, 0.00615798, -0.00187529, 2
-0.468403, 0.319688, 0.0326534, -0.00795997, 0.000281307, -0.0997187, 2
0.0621896, -0.163272, 0.259895, -0.0415022, -0.0132799, 0.0898987, 2
-0.454738, 0.179979, 0.209072, -0.0178209, 0.0229177, 0.0443015, 2
-0.181229, 0.395354, 0.124959, 0.0491662, 0.0447559, 0.00894934, 2
-0.349901, -0.471833, 0.0672853, 0.00683175, -0.0176698, 0.00696106, 2
-0.527011, -0.379192, 0.139311, -0.00956307, -0.022332, 0.00128275, 2
-0.375436, -0.174457, 0.118328, -0.0810489, -0.0148384, -0.00421098, 2
0.57119, -0.00229303, 0.188015, -0.000194301, 0.0143804, 0.00337116, 2
0.33113, 0.553225, 0.289005, 0.0141801, 0.0292432, -0.00784177, 2
-0.0709232, -0.509703, 0.0483784, 0.00956868, -0.00811335, -0.00267187, 2
-0.288949, -0.348142, 0.285791, 0.0348245, -0.00751746, 0.0228852, 2
-0.158335, 0.344011, 0.0874824, 0.00479018, 0.00893105, 0.035727, 2
-0.378683, 0.519236, 0.289968, -0.0110161, -0.00668798, 0.00742491, 2
0.457603, -0.291956, 0.231316, 0.0223454, -0.0161107, -0.02619, 2
-0.302489, -0.0118933, 0.270848, 0.0309907, -0.135319, -0.0359271, 2
-0.0333484, 0.0910596, 0.0185595, 0.0638346, 0.106458, -0.123472, 2
0.523897, 0.345587, 0.132436, -0.0228712, 0.016887, 0.0213204, 2
-0.262716, 0.286813, 0.289354, -0.0150997, -0.0514049, 0.0345491, 2
0.489345, -0.0120198, 0.270169, 0.0265767, -0.0444159, -0.0173331, 2
0.38544, 0.54702, 0.300234, 0.00012891, 0.00753751, 0.000427767, 2
0.578954, -0.371892, 0.0557078, 0.15379, -0.0290946, 0.0933735, 2
0.462192, 0.0997362, 0.299201, 0.0103815, -0.00527731, -0.120402, 2
-0.447806, 0.351017, 0.271519, 0.00718224, 0.0029515, 0.00113762, 2
-0.547861, 0.178656, 0.0410396, 0.301634, 0.402024, 0.0882084, 2
0.377402, 0.50613, 0.195557, 0.00216542, -0.00320299, 0.00228816, 2
0.200868, -0.157182, 0.0608312, -0.192707, -0.0298724, 0.042038, 2
0.275106, -0.263249, 0.304719, -0.000597184, -0.000564436, -0.00178222, 2
-0.455076, 0.103999, 0.218931, -0.083896, -0.0326321, -0.0544679, 2
-0.557588, -0.0366194, 0.0584353, -0.00693133, -0.000630464, -0.0201664, 2
0.523089, -0.281143, 0.0376996, 0.0079165, -0.0325484, -0.0237998, 2
0.464099, -0.332152, 0.102217, -0.00443438, -0.00228212, 0.00107195, 2
-0.572996, -0.499924, 0.284642, -0.000361978, -0.000372464, -0.000411128, 2
0.623809, -0.317766, 0.214906, 0.0680399, -0.0634252, -0.0644468, 2
0.44996, -0.235663, 0.102079, 0.0285738, -0.154319, 0.000347879, 2
0.614119, -0.488225, 0.0711205, 0.00772448, 0.00386735, -0.00170546, 2
0.13642, 0.342607, 0.189316, 3.40581e-05, 0.00736, 0.00703482, 2
0.379745, -0.01225, 0.280995, -0.00282617, -0.00986272, -0.00121319, 2
0.338693, 0.162638, 0.149503, 0.668465, 0.037854, 0.200707, 2
-0.0455092, 0.235013, 0.297839, 0.0375259, -0.0604933, 0.0275925, 2
0.188232, 0.128139, 0.0700628, -0.0941177, -0.00285109, -0.0500835, 2
0.33903, -0.037725, 0.144516, 0.0501641, 0.0554439, -0.0177677, 2
-0.512027, 0.0192422, 0.177025, 0.0217856, 0.0146317, -0.00546731, 2
0.626543, 0.013088, 0.255075, -0.00828114, 0.0180014, -0.000846941, 2
0.226239, -0.166915, 0.038668, -0.204515, -0.104698, -0.0973972, 2
-0.625373, -0.18276, 0.0741026, 0.0100791, -1.04516e-05, -0.000249921, 2
-0.340891, 0.583624, 0.00226352, -0.0027674, 0.00125517, 0.00120383, 2
0.416373, 0.333405, 0.156692, -0.00291913, 0.00473967, -0.000925622, 2
0.280424, 0.042135, 0.0398604, -0.00167254, -0.00929809, -0.00165772, 2
-0.381489, 0.626589, 0.256105, -0.000620894, -0.0103447, -0.000341579, 2
-0.450059, 0.184858, 0.130649, -0.14092, 0.500311, 0.22408, 2
-0.169807, -0.106075, 0.278708, 0.00215053, -0.0154691, 0.00380821, 2
0.408255, 0.0118619, 0.126028, -0.173274, -0.0192521, 0.0643008, 2
-0.14357, 0.00844134, 0.286791, -0.0274607, -0.0195889, 0.0324172, 2
-0.383198, -0.395283, 0.087571, -0.00453139, -0.0293911, 0.0982802, 2
-0.228527, -0.390693, 0.199372, 0.0755841, 0.000206888, -0.00332998, 2
0.067884, -0.101621, 0.187787, 0.0943605, -0.0065854, -0.233768, 2
0.0769381, -0.315212, 0.113647, 0.0186456, -0.0509655, 0.0127112, 2
-0.556221, 0.595176, 0.281672, 0.00751879, -0.00754362, 0.00427855, 2
-0.39678, -0.416277, 0.280829, -0.013923, 0.0134683, 0.0132481, 2
0.627639, -0.236372, 0.169552, 0.172611, -0.0163651, -0.0213972, 2
-0.109694, 0.223784, 0.300524, 0.00260484, -0.0247095, 0.0267787, 2
-0.254788, 0.00207598, 0.145999, 0.000327917, -0.000904274, -0.0011727, 2
0.249323, 0.488469, 0.3056, -0.00944204, 0.000818135, 0.0123809, 2
0.136559, -0.524693, 0.0492884, -0.01154, -0.0143264, 0.0043047, 2
0.486843, -0.123256, 0.109106, 0.0175276, 0.067453, 0.050951, 2
0.0244037, 0.574592, 0.241192, -0.0110393, 0.0133875, 7.3978e-05, 2
-0.484375, 0.0215664, 0.00489798, -0.00252812, 0.0234834, -0.0463968, 2
-0.0297855, 0.0953085, 0.311183, -0.0247336, -0.0514654, 0.0562091, 2
-0.163024, 0.328492, 0.0496228, 0.0116037, -0.0665663, 0.0168159, 2
-0.299637, 0.326168, 0.148021, -0.0290493, -0.0184589, 0.0239251, 2
0.378572, -0.41349, 0.0464759, 0.00292145, -0.00510882, -0.00298452, 2
0.320743, -0.0383146, 0.204486, 0.0324602, 0.0340301, 0.0407459, 2
-0.355189, -0.418955, 0.169112, -0.180526, -0.215213, -0.158652, 2
-0.392715, 0.347567, 0.19543, -0.0195765, -0.0428219, 0.00138905, 2
-0.195561, 0.204447, 0.00712515, -0.0210757, -0.00417739, -0.0233751, 2
0.240863, -0.401113, 0.308264, -0.00249249, 0.00107462, -0.00292517, 2
-0.0542973, -0.255525, 0.156165, 0.0265793, -0.0264481, -0.0238928, 2
-0.0347053, 0.344653, 0.0225009, -0.0262913, -0.0212029, -0.0089532, 2
-0.0499009, -0.448334, 0.262115, -0.0129281, 0.0149211, -0.00593718, 2
0.14859, -0.118007, 0.186166, -0.0789917, -0.0320281, -0.0228843, 2
-0.519254, -0.369399, 0.240284, -0.0406175, -0.130954, -0.024181, 2
-0.33335, 0.581307, 0.0732148, -0.156348, 0.181135, -0.0999724, 2
0.484593, -0.403845, 0.125967, -0.0113061, 0.00443934, 0.0133908, 2
-0.098885, -0.166596, 0.0553679, -0.0130418, -0.00973457, -0.0857734, 2
-0.577092, 0.267806, 0.26397, 0.0112858, -0.0236692, -0.104526, 2
-0.548592, -0.121295, 0.00620137, -1.12102e-05, -6.24612e-06, 0.00903685, 2
-0.575463, 0.454371, 0.099811, -0.0294751, 0.0386, 0.00682112, 2
0.0491961, -0.210297, 0.0284835, 0.00978573, -0.00796324, -0.00563565, 2
0.1392, 0.369765, 0.0738908, 0.0616522, 0.00932373, -0.0760734, 2
-0.0722677, -0.111608, 0.20188, 0.00630179, 0.00131997, -0.00422286, 2
-0.587531, -0.000898355, 0.267021, -0.00233568, -0.00161045, 0.00238658, 2
0.373606, 0.295715, 0.254857, -0.00434895, 0.000576394, -0.000299482, 2
-0.593462, 0.150345, 0.311387, -0.0167642, 0.0613516, 0.0509242, 2
-0.0895943, -0.578504, 0.112247, 0.000816529, -0.000402103, -0.000634093, 2
0.131877, -0.525632, 0.0217073, -0.0114736, -0.0117347, -0.000585659, 2
-0.072168, -0.444261, 0.148874, 0.0205248, -0.00361385, -0.0100714, 2
-0.0473625, -0.38976, 0.104976, -0.0327081, -0.0216259, 0.00686374, 2
0.351882, 0.2894, 0.209893, 0.00321771, 0.00358683, 0.00106762, 2
0.465816, -0.201364, 0.144843, 0.0169929, -0.0141531, 0.102908, 2
-0.498548, 0.356332, 0.274432, -0.00578448, -0.0126953, -0.00407754, 2
0.308971, 0.398764, 0.116717, -0.000206139, 0.00404013, -0.000276005, 2
0.117128, 0.142407, 0.0331546, -0.0605986, -0.0591992, -0.000560595, 2
-0.123371, 0.178908, 0.228232, -0.0712396, -0.00702757, -0.0136023, 2
-0.137751, -0.540649, 0.241097, 0.00310713, -0.0378229, -0.0285639, 2
0.311236, 0.221191, 0.267179, 0.00124684, -0.00880894, -0.0115002, 2
0.398065, -0.48094, 0.313605, -0.026046, -0.0299494, 0.0311588, 2
-0.266364, 0.101661, 0.0586742, 0.00040772, -0.000301557, -0.000442531, 2
0.153541, -0.176421, 0.288515, 0.00500313, 0.00760191, 0.00227353, 2
-0.266814, -0.340569, 0.0806832, 0.0691349, 0.013676, -0.00476868, 2
0.312559, -0.209153, 0.0122753, 0.00250151, -0.000580984, -0.0797134, 2
0.150361, -0.530145, 0.269457, 0.00280875, -0.00662891, 0.0270589, 2
0.617228, 0.216946, 0.147568, -0.00534422, 0.00168453, -0.000949004, 2
-0.510081, -0.536388, 0.0348043, -0.0106726, -0.00982438, 0.00140614, 2
0.402846, -0.0441755, 0.0571329, -0.00308702, -0.0118319, -0.00455768, 2
0.107305, -0.362903, 0.269922, 0.0316495, -0.025485, -0.059049, 2
-0.083905, -0.594802, 0.307177, -0.00365076, -0.00714567, 0.0080926, 2
-0.0894118, -0.231203, 0.175102, -0.0824744, 0.0132664, -0.0701443, 2
0.145285, 0.552302, 0.288487, 0.0112422, -0.00338268, 0.0217812, 2
0.0394184, -0.344476, 0.0458544, 0.00348956, -0.00161585, -0.0133883, 2
0.362151, 0.598047, 0.151057, -0.0354423, 0.0520544, 0.0247358, 2
0.411253, 0.118444, 0.176011, 0.139531, -0.0434979, -0.0266267, 2
0.229155, 0.105708, 0.0727572, -0.0982617, -0.270265, 0.00694158, 2
-0.4405, 0.225591, 0.0961511, 0.143551, 0.212574, -0.183001, 2
-0.301283, -0.00152722, 0.242598, 0.0374558, -0.0318912, -0.139257, 2
-0.0727513, -0.524186, 0.309363, -0.00203414, -0.00184613, 0.00118949, 2
-0.252992, 0.0218725, 0.00317173, -0.0341754, 0.0189311, 0.00499047, 2
-0.284209, 0.562424, 0.102862, 0.241936, 0.269419, 0.274392, 2
0.416198, 0.0777458, 0.0834464, -0.0723849, 0.0251786, -0.0107534, 2
0.31022, -0.512799, 0.154818, 0.00592322, -0.000972102, 0.00909913, 2
0.493638, 0.479315, 0.146839, -0.020153, -0.00753076, 0.0159193, 2
-0.162062, 0.260605, 0.0189593, -0.00413195, 0.0225282, -0.012291, 2
0.541984, -0.140204, 0.202877, -0.231601, 0.00148176, -0.0170399, 2
-0.426914, 0.0492594, 0.101784, -0.0054254, 0.00251595, -0.00482271, 2
-0.0423095, 0.37794, 0.258893, 0.0114848, 0.0045149, -0.00886951, 2
-0.331844, -0.324775, 0.285337, 0.0147863, 0.0501939, 0.0265213, 2
-0.354319, 0.0521969, 0.133315, 0.00559321, 0.00933852, -0.00740598, 2
-0.341632, 0.397951, 0.11643, -0.0465515, 0.0344815, -0.0568689, 2
0.0698158, 0.184185, 0.293357, 0.0156659, 0.0169647, -0.0426624, 2
0.403601, -0.135558, 0.0076665, 0.0103411, 0.00850517, -0.00249621, 2
-0.237052, -0.271884, 0.284986, 0.000374584, 0.00256184, 0.000883927, 2
0.350304, 0.196018, 0.192647, 0.10683, -0.0152435, 0.120585, 2
0.426141, 0.108039, 0.000104636, -0.012175, 0.00199648, 0.00105718, 2
-0.0222767, 0.311088, 0.16991, -0.0366023, 0.0268358, -0.00677269, 2
0.384859, -0.361185, 0.106905, 0.00822242, -0.0156684, -0.0231737, 2
0.160505, -0.0630653, 0.183202, 0.0598191, 0.0198625, 0.0244977, 2
0.0419274, 0.21258, 0.0387601, -0.00361501, 0.00313318, -0.0043948, 2
0.575186, 0.500911, 0.295739, 0.00944124, -0.00861746, -0.00852851, 2
-0.219021, -0.0592363, 0.184294, 0.00231076, 0.00442676, 0.000624211, 2
-0.305519, -0.285598, 0.307896, 0.0105569, 0.00382404, 0.00341593, 2
-0.274853, 0.107313, 0.0824337, 0.0015909, -0.00188127, -0.00253315, 2
-0.394835, -0.172346, 0.288929, 0.000152012, -0.00316493, -0.0057549, 2
0.375751, -0.376168, 0.158448, -0.0321148, 0.0394923, -0.015027, 2
0.376169, 0.231519, 0.0787292, 0.0453636, -0.0212232, -0.0382056, 2
-0.204116, -0.0135855, 0.145924, -0.000698948, 0.00195257, -0.00133937, 2
0.223502, -0.483044, 0.287648, -0.0598073, 0.0225452, -0.00608153, 2
-0.303618, 0.188846, 0.183302, -0.493005, -0.438011, 0.433372, 2
-0.148577, 0.134069, 0.151039, 0.0137024, -0.00153219, 0.0462241, 2
-0.225549, 0.545012, 0.293721, -0.0444855, -0.0470304, 0.0728126, 2
0.511628, -0.390471, 0.0648307, -0.139424, 0.0138617, 0.0218749, 2
0.483283, -0.0353611, 0.24915, -0.000478134, -0.0287208, -0.0208526, 2
-0.446909, 0.199767, 0.0485724, -0.0133417, 0.00121487, -0.0761349, 2
-0.551119, -0.0544456, 0.112021, 0.0293467, -0.0118737, 0.00844759, 2
0.0826723, -0.30824, 0.01241, -0.000426824, -0.00142841, 0.00219861, 2
0.397589, 0.117608, 0.166505, 0.0737283, -0.0558168, -0.0958494, 2
-0.278643, -0.288854, 0.203234, 0.129113, 0.203309, -0.0162571, 2
-0.387976, 0.0374916, 0.092955, -0.000423142, 0.0314933, -0.0143169, 2
0.345234, 0.518878, 0.283963, 0.0244278, -0.000411638, 0.00328122, 2
-0.310536, -0.336635, 0.262725, 0.0592668, 0.0126867, 0.0710919, 2
-0.395578, -0.454971, 0.00761659, -0.0345958, -0.0682577, -0.0503158, 2
-0.136255, -0.601651, 0.156267, 0.00156038, -0.00433735, -0.00056997, 2
-0.399583, -0.418597, 0.0487181, -0.112533, -0.0835304, 0.00553384, 2
-0.205293, -0.339753, 0.192598, 0.0107814, 0.0608766, -0.0410976, 2
0.242792, 0.372883, 0.273028, -0.00847413, 0.0164097, 0.00430338, 2
0.292432, 0.140508, 0.144939, -0.255773, -0.808147, 0.0724761, 2
-0.301477, 0.491829, 0.230217, -0.0122957, -0.010503, 0.0288534, 2
0.51146, -0.52611, 0.0820989, -0.0199859, -0.000174054, 0.103246, 2
-0.376647, 0.449087, 0.0543274, -0.00678017, 0.0440173, 0.0083796, 2
-0.500721, -0.491412, 0.12766, 0.00126524, 0.0382628, 0.00457521, 2
0.55018, -0.257026, 0.171408, -6.60316e-05, -0.0869466, 0.0808021, 2
0.580647, 0.236682, 0.178486, -1.30867e-05, 0.00258296, -0.000659749, 2
-0.0542114, 0.467063, 0.231327, -0.0199903, -0.0507859, 0.0113407, 2
0.140661, -0.368194, 0.30388, 0.0322443, -0.00935599, 0.0212815, 2
-0.348876, 0.504561, 0.23961, -0.0013135, -0.00193759, 0.00102451, 2
-0.516689, 0.16703, 0.117246, -0.118909, -0.0702081, -0.0319881, 2
0.0630692, 0.495516, 0.0827127, 0.0399666, -0.0396865, -0.0688508, 2
-0.27599, 0.377013, 0.108676, -0.0131232, -0.0662058, -0.0983931, 2
0.0524053, -0.629597, 0.0634571, -0.00121059, 0.0115466, -0.00101571, 2
0.269715, -0.500354, 0.098095, -0.0438796, -0.00942842, 0.042183, 2
-0.479573, -0.580137, 0.191329, -0.13619, -0.0208652, 0.0222805, 2
0.206058, -0.629454, 0.0930089, -0.00014869, 0.0121767, -0.000566293, 2
-0.339926, -0.053702, 0.0522837, -0.0071679, 0.00531708, -0.00387973, 2
0.585384, -0.543004, 0.117726, 0.00308267, -0.000743315, 0.0163473, 2
0.540977, -0.261917, 0.0863756, -0.196549, -0.0919572, -0.133102, 2
0.23949, -0.148642, 0.285624, 0.000690234, -0.00469723, -0.0014425, 2
-0.551452, 0.544391, 0.252012, 0.000933165, -0.00585535, -0.00186051, 2
-0.220601, -0.361563, 0.188774, 0.0522856, 0.0185588, -0.0547596, 2
0.214104, 0.320806, 0.188866, 0.00217215, 0.00677574, -0.00563179, 2
0.467932, -0.0394426, 0.221268, -0.00353661, -0.00937294, -0.0049262, 2
-0.399615, 0.110947, 0.233725, 0.105821, 0.0993171, -0.0501236, 2
0.365702, -0.312959, 0.233852, 0.0150478, -0.0358901, 0.000558051, 2
-0.522189, -0.0229213, 0.0629359, -0.0175197, -0.00793661, 0.00478522, 2
-0.313054, -0.0675011, 0.0846757, -0.0142558, 0.0259687, 0.00275049, 2
0.15785, -0.156487, 0.176687, -0.0226735, -0.0479929, -0.02521, 2
0.503353, -0.546961, 0.297018, -0.0282809, -0.124264, 0.0534183, 2
0.385921, -0.468449, 0.275625, -0.0761579, -0.0721175, 0.023803, 2
0.134043, -0.0590859, 0.0277429, 0.000278514, 0.000883893, 0.00112234, 2
-0.370786, -0.474945, 0.265435, -0.00213108, 0.20276, 0.146385, 2
0.384678, 0.62295, 0.0980837, 0.00752359, 0.00848663, -0.0016469, 2
0.00982508, -0.406628, 0.283311, 0.000513437, 0.00433989, 0.000310227, 2
-0.315202, 0.589038, 0.0475809, -0.0115349, 0.082693, -0.115537, 2
0.620207, -0.563114, 0.199341, -0.00172378, -0.000464016, -0.00469679, 2
-0.387976, -0.246205, 0.0249753, -0.00389218, 0.0171601, -0.00552064, 2
-0.0492734, 0.541609, 0.143344, -0.0158293, -0.00781801, -0.00701285, 2
-0.602451, 0.414998, 0.164095, -0.00693404, -0.00235901, -0.00158662, 2
0.58562, 0.170956, 0.204474, 0.00994131, 0.0396177, 0.02234, 2
0.428191, -0.324965, 0.0322115, 0.080853, 0.0116225, -0.0664826, 2
0.539163, -0.0657873, 0.0709659, 0.00538194, 0.00992457, -0.00122529, 2
0.340977, -0.311072, 0.0692126, -0.0304605, -0.0429944, -0.0444191, 2
-0.526615, 0.328716, 0.125046, -0.212051, 0.0509017, -0.0268133, 2
0.606631, -0.616449, 0.114815, -0.0033781, -0.00327514, -0.00289533, 2
-0.462972, -0.626206, 0.131527, -0.0136536, -0.0311278, -0.0121407, 2
0.334394, -0.384218, 0.227467, -0.0374221, 0.00401664, 0.0235996, 2
0.434295, 0.196472, 0.205378, -0.0876054, -0.00679392, -0.0465317, 2
-0.252254, 0.223984, 0.151637, 1.01962, 0.37398, -0.364668, 2
0.404126, 0.179641, 0.0368851, 0.000191285, -0.000792298, -0.000974499, 2
-0.0379057, -0.0221316, 0.113135, -0.209457, -0.15336, 0.0346738, 2
0.0909402, -0.112932, 0.254179, 0.0144378, 0.0225051, 0.132838, 2
0.374804, -0.401919, 0.0189198, -0.00272497, -0.00397184, -0.00148077, 2
-0.608272, -0.29857, 0.25859, -0.0507552, 0.0149095, -0.0639299, 2
-0.108086, -0.321903, 0.261968, 0.0133743, 0.00966579, 0.0104264, 2
0.351174, -0.154912, 0.262908, 0.0129519, 0.0219345, 0.039879, 2
-0.382644, -0.450482, 0.00936218, 0.0132428, -0.0832016, -0.0624075, 2
0.527224, 0.613777, 0.215971, -0.0134354, 0.00156794, 0.0186216, 2
0.0888101, -0.268441, 0.114476, 0.0123332, -0.155416, -0.0566088, 2
-0.564569, -0.494278, 0.00189542, -0.0215282, -0.0188942, -0.0103807, 2
-0.417029, 0.0977794, 0.153853, 0.0898723, -0.138805, 0.0376002, 2
0.0355102, -0.441244, 0.283111, 0.00625081, 0.00120124, -0.00141431, 2
-0.207702, 0.563524, 0.0251407, 0.0879955, 0.0184368, -0.125455, 2
-0.132022, 0.585215, 0.107989, 3.7207e-06, 0.000272917, 4.89188e-05, 2
-0.35759, -0.152835, 0.185004, -0.105012, 0.00733099, 0.0564704, 2
-0.569644, -0.431625, 0.303767, 0.00499986, -0.0273226, 0.0261226, 2
0.481986, -0.184305, 0.0336558, -0.119098, -0.0124675, -0.218458, 2
0.519435, -0.287045, 0.0296092, 0.0122905, -0.0211073, -0.0218596, 2
0.123392, 0.431729, 0.11999, 0.000956447, 0.0159697, -0.0279385, 2
0.581296, 0.497123, 0.153911, 0.0404788, -0.114583, 0.00168874, 2
0.588878, -0.549869, 0.020865, 0.019473, 0.000911345, 0.00365019, 2
-0.0556355, 0.115604, 0.0680449, -0.00564835, 0.0813552, 0.0612005, 2
-0.183118, 0.537866, 0.051435, 0.067358, -0.037693, 0.00242656, 2
-0.0825548, -0.224119, 0.0402477, 0.00272834, -0.0107539, -0.00996525, 2
0.349401, 0.0482536, 0.15953, -0.00406631, -0.00973756, -0.00240816, 2
-0.170509, 0.108573, 0.209114, -0.00430537, 0.000173377, -0.0324778, 2
-0.215368, -0.0394046, 0.0055472, -0.0366687, -0.0733074, -0.0414986, 2
-0.0807444, -0.149933, 0.0912768, 0.0666284, 0.0243238, 0.0122278, 2
0.0376923, 0.603422, 0.0417182, -0.00485809, 0.0036092, -0.0139748, 2
0.517651, 0.554755, 0.00850805, 0.00175907, 0.000507836, 0.00677797, 2
-0.126631, 0.513669, 0.0285316, 0.00208371, -0.000898479, -0.00236269, 2
-0.0431711, -0.17193, 0.214924, 0.00691929, 0.0260432, 0.0111173, 2
0.229009, 0.274916, 0.191899, -0.0205186, 0.00398707, -0.00108054, 2
0.434748, -0.437602, 0.29336, 0.0730355, -0.108767, 0.0856473, 2
0.595739, 0.541763, 0.147933, 0.244157, -0.148676, -0.0231547, 2
-0.0260685, -0.25871, 0.0175851, -0.00209155, -0.00119007, 0.00331741, 2
-0.449538, 0.155886, 0.165225, -0.179452, -0.0817173, 0.641397, 2
-0.427349, -0.554822, 0.285232, 0.00143217, -0.00165525, 0.0026679, 2
-0.0622416, 0.112834, 0.278597, -0.0538285, 0.0159298, -0.0205795, 2
0.104631, 0.000521752, 0.259795, 0.0719399, 0.0693622, 0.0174213, 2
0.138663, 0.503854, 0.230721, -0.126689, -0.121625, 0.0968016, 2
0.25279, -0.169281, 0.030248, 0.0700826, -0.0826585, -0.207432, 2
-0.147443, -0.570235, 0.256468, -0.00322655, -0.0268449, -0.0123487, 2
0.620154, 0.494476, 0.304558, -0.0014407, -0.00234591, 0.00122593, 2
0.533668, 0.460252, 0.282508, 0.0246342, -0.00730024, 0.0256721, 2
-0.134527, -0.19578, 0.0603397, -0.0285019, -0.0173481, -0.0198992, 2
-0.0641869, -0.0153539, 0.256802, -0.0167424, -0.061315, 0.0467216, 2
0.596712, 0.187261, 0.275587, -0.00125237, 0.00586529, 0.000723284, 2
0.477715, -0.504944, 0.146305, -0.0295618, -0.0798684, -0.132378, 2
0.332176, 0.22965, 0.303926, 0.0540457, -0.0552178, -0.144761, 2
0.111429, -0.26165, 0.272399, 0.00923453, -0.00600091, -0.000568833, 2
-0.225613, 0.621103, 0.0725879, 0.0242387, 0.112975, 0.0329615, 2
-0.104621, -0.156303, 0.0875199, -0.0128949, -0.00196176, 0.00102241, 2
-0.338676, -0.166113, 0.0536481, -0.238415, 0.065067, -0.0944512, 2
-0.38037, -0.262408, 0.0112203, 0.00410034, 0.0155287, -0.0125526, 2
-0.510265, 0.233028, 0.119766, -0.126088, -0.165109, -0.00557745, 2
-0.268906, -0.461122, 0.273419, 0.00190525, 0.00693788, 0.00196213, 2
-0.501625, -0.494373, 0.162743, -0.00341002, 0.015075, 0.0207565, 2
0.600725, 0.613305, 0.193998, 0.0597668, 0.0243795, 0.0470451, 2
-0.0739826, 0.315518, 0.0939194, -0.00534185, -0.00325833, 0.00553971, 2
-0.118205, -0.203017, 0.185998, -0.0530899, 0.0231133, -0.0151998, 2
-0.288536, 0.201333, 0.183783, -0.349351, -0.241475, 0.882596, 2
0.00181543, -0.533251, 0.302198, 0.00747925, -0.0064889, 0.00952341, 2
0.351895, -0.241964, 0.103179, -0.0903938, -0.0778868, 0.0139298, 2
0.566487, 0.00762906, 0.195068, 0.000421764, 0.00322971, 0.00125293, 2
0.611369, 0.127328, 0.0958338, 0.00157707, -0.00979028, 0.0278206, 2
-0.169493, 0.488385, 0.138044, -0.000977813, -0.00060124, -0.000479011, 2
-0.335745, 0.616724, 0.171942, -0.0245291, 0.015493, 0.00310416, 2
0.315227, 0.587485, 0.167777, 0.0197978, 0.0236273, 0.00171112, 2
-0.168709, -0.116461, 0.0891657, -0.0241068, 0.00786709, 0.0247958, 2
0.206969, 0.395298, 0.195902, -0.00120506, -0.00283767, -0.00338068, 2
-0.308967, -0.523202, 0.0887447, -0.00669917, 0.0436823, 0.0108292, 2
0.426164, 0.108577, 0.112923, 0.0128137, 0.0232903, 0.0152298, 2
0.375028, -0.169491, 0.209923, 0.0155559, 0.020733, -0.0464479, 2
-0.472184, -0.232968, 0.054339, -0.000209514, 0.00193084, -0.000527519, 2
0.308087, -0.251562, 0.243662, -0.0387416, 0.0474473, 0.128579, 2
-0.568505, 0.208908, 0.208267, 0.0225292, 0.00559063, 0.00483293, 2
-0.0163283, 0.503126, 0.204957, -0.0244983, 0.0146958, -0.0476795, 2
-0.588488, 0.18839, 0.194338, -0.0208502, -0.0333218, 0.0018786, 2
0.0826202, -0.610282, 0.00773142, -1.7286e-05, 0.00395389, 0.00825317, 2
0.439283, 0.22665, 0.264047, -0.051583, -0.0103226, 0.0758514, 2
-0.0370346, 0.547647, 0.290737, 0.00449767, 0.016161, 0.00758982, 2
0.317944, 0.343847, 0.160391, 0.0364197, -0.00224755, 0.00733546, 2
-0.490291, 0.0889118, 0.275509, -0.0337922, -0.130411, -0.0508995, 2
0.349399, 0.246691, 0.0597758, 0.033357, 0.0435862, -0.0502871, 2
0.566755, -0.0751855, 0.154376, -0.0121899, -0.0147477, -0.138714, 2
0.281475, -0.0137269, 0.0491122, -0.0199817, 0.00990032, -0.0111497, 2
-0.145383, 0.599908, 0.0174029, 0.00445792, 0.000667373, 0.00126068, 2
-0.585481, -0.618544, 0.221991, 6.68828e-07, 0.00695953, -0.00024565, 2
0.191869, 0.0940401, 0.226912, -0.000154578, -0.00336899, -0.00283623, 2
0.222795, -0.0966402, 0.126083, 0.00132315, 0.0417905, 0.0382386, 2
0.0190548, 0.496289, 0.105504, 0.0154032, -0.120998, 0.134462, 2
-0.0779235, 0.18427, 0.0339749, 0.0160264, 0.00668862, -0.0422358, 2
0.563639, 0.323942, 0.213694, -0.00397684, -0.00672526, 0.00211716, 2
0.405746, 0.0433771, 0.117876, -0.153298, 0.0746452, 0.037026, 2
-0.615078, -0.0198316, 0.25657, 0.00507914, 7.61355e-05, 0.000360113, 2
0.00242642, -0.36832, 0.0956476, 0.0382856, -0.0115197, -0.0201414, 2
0.198875, 0.11626, 0.0881338, -0.0938301, -0.0771942, 0.0394457, 2
0.268487, 0.160742, 0.0909887, -0.154394, -0.24447, 0.0337791, 2
-0.103475, -0.277352, 0.27199, 0.000737636, 0.00111357, 0.00252233, 2
-0.455756, 0.575406, 0.0903387, 0.034531, 0.0117693, -0.00253825, 2
0.0485769, -0.0355022, 0.05692, 0.0360245, -0.0148728, -0.0418236, 2
0.470593, 0.516538, 0.260478, 0.0226526, 0.00409254, -0.0238177, 2
0.606492, 0.450213, 0.183973, 0.00219995, -0.00233187, 0.00340699, 2
0.20134, 0.225995, 0.0373262, 0.0509709, -0.0204841, -0.0166084, 2
-0.587084, 0.240881, 0.189859, -0.00946162, 0.0404875, -0.00890735, 2
0.439197, -0.386656, 0.25527, 0.484052, 0.311312, 0.10767, 2
-0.43814, 0.442183, 0.126844, 0.00637186, -0.0402038, 0.00169955, 2
-0.0856049, 0.0807061, 0.00953891, -0.118349, 0.0408396, -0.0881329, 2
0.27835, 0.607195, 0.0976918, -0.00152517, -0.00118127, -0.00359298, 2
0.106382, -0.478525, 0.0840525, -0.00382034, -0.000446606, 0.00209267, 2
0.467737, 0.200016, 0.232668, 0.0677194, -0.030671, 0.052357, 2
-0.56451, 0.0406449, 0.204311, -0.0175913, 0.00703148, -0.0139896, 2
0.477403, 0.0171737, 0.159374, 0.0881897, -0.0170976, 0.126318, 2
-0.0466327, -0.41145, 0.0583817, 0.000766745, -0.0176074, 0.0204891, 2
0.102672, -0.36857, 0.276093, 0.00256864, -0.051128, -0.0303783, 2
-0.397818, -0.559337, 0.0219381, 0.0570921, 0.0185993, -0.239068, 2
0.623262, -0.367514, 0.289975, 0.00690177, -0.000970192, 0.0102018, 2
-0.129288, 0.176845, 0.15266, 0.0134645, 0.0372259, 0.0265204, 2
-0.0911321, -0.174768, 0.146968, -0.0119606, 0.0031304, 0.0168066, 2
0.299635, 0.561577, 0.184828, -0.00657227, -0.0281544, 0.00651261, 2
-0.624082, 0.39935, 0.0773408, -0.0147244, -0.0111587, -0.00772996, 2
0.30659, 0.464803, 0.244993, 0.00892334, -0.0100658, -0.00743638, 2
-0.136092, 0.312243, 0.0917954, 0.0103621, -0.0296833, 0.0093749, 2
0.501403, -0.364353, 0.146424, -0.000825209, -0.00201687, 0.00482974, 2
-0.524997, 0.368282, 0.211772, -0.0139859, 0.0116414, 0.0112045, 2
0.579375, 0.600428, 0.229429, -0.0193778, -0.00271324, 0.0170672, 2
-0.5928, 0.593727, 0.295041, -0.00922666, -0.00372262, 0.0055089, 2
0.567099, -0.165524, 0.181762, 0.0637801, -0.0969812, -0.14103, 2
-0.082187, 0.373307, 0.29556, -0.001977, 0.0117179, 0.0167585, 2
0.505685, 0.0429785, 0.278464, 0.031724, 0.0235573, -0.00527385, 2
-0.0149307, 0.0488602, 0.22081, -0.136752, 0.10318, -0.29149, 2
0.294432, -0.274514, 0.17952, -0.0901851, -0.0127405, -0.159024, 2
0.014477, 0.219358, 0.10009, -0.00724294, -0.0278487, -0.0473075, 2
0.381659, 0.0907976, 0.166493, -0.0138948, -0.141848, -0.045381, 2
-0.292573, 0.195764, 0.101072, -0.141669, -0.0609191, -0.369268, 2
0.554516, 0.145176, 0.0936884, -0.00882737, 0.00428562, 0.0101096, 2
0.212305, 0.182339, 0.0846293, -0.211606, 0.0667372, -0.0570238, 2
0.132543, 0.119475, 0.200739, 6.90639e-05, -0.000579664, -0.00102527, 2
-0.400338, -0.592676, 0.136575, 0.0440417, -0.0626211, -0.218593, 2
-0.478023, 0.542973, 0.30481, 0.0273119, -0.0543703, -0.0724827, 2
-0.624095, -0.101921, 0.159535, 0.00791497, -0.00141542, 0.00228973, 2
0.259147, -0.437452, 0.248397, 0.0261065, 0.0567395, 0.0316222, 2
-0.282699, 0.206988, 0.145746, -0.48617, -0.100755, -0.714635, 2
0.117662, -0.0413167, 0.0109542, 0.000230736, 0.000348746, 0.00674914, 2
-0.476295, 0.296074, 0.217386, -0.0365875, 0.0261774, 0.059665, 2
-0.0720058, 0.220627, 0.0961893, -0.000936667, 0.0426607, -0.0501515, 2
0.302748, -0.197032, 0.299265, -0.00569572, -0.0129712, -0.00848528, 2
-0.618662, 0.565474, 0.171643, 0.00651685, 0.000116989, -0.000213052, 2
0.184294, -0.464827, 0.180965, 0.0272017, -0.0456107, -0.044315, 2
-0.529333, -0.312886, 0.159217, -0.0837305, -0.0233254, -0.00555666, 2
-0.570018, -0.307017, 0.291228, 0.0464147, -0.0226922, -0.0154483, 2
0.0681206, 0.582093, 0.0243736, -0.0108617, 0.0058089, -0.0121845, 2
-0.198218, -0.330569, 0.233611, 0.021303, 0.045817, 0.0304503, 2
0.384765, 0.417056, 0.0657914, 0.000424631, 0.000400744, -0.000323842, 2
0.428582, 0.570724, 0.297301, -0.00460983, 0.0100824, 0.00384187, 2
0.0381996, -0.131245, 0.194967, -0.209136, -0.0634289, -0.0394061, 2
0.422957, -0.458461, 0.3032, -0.0171387, -0.0591225, 0.0509312, 2
0.36009, -0.447159, 0.287077, -0.0714331, -0.0177476, 0.0342514, 2
-0.213266, 0.367099, 0.0133798, -0.0291404, 0.0180058, -0.00837447, 2
0.510593, 0.46773, 0.0926491, 0.00453553, 0.00908299, 0.00989393, 2
-0.112466, 0.527675, 0.173386, 6.34945e-05, 0.00517449, -0.00618222, 2
-0.207483, -0.0341679, 0.161418, -0.00272853, -0.000374375, 0.000723341, 2
-0.109988, 0.397578, 0.236267, 0.0151974, 0.0221626, -0.00223836, 2
-0.435469, 0.152379, 0.18304, 0.0278856, -0.0179512, 0.346405, 2
-0.172304, -0.0490028, 0.16823, -0.00574484, 0.00152985, -0.00407661, 2
-0.243027, 0.61916, 0.292909, -0.000248017, 0.00505904, 0.00493499, 2
0.53684, 0.412153, 0.0208032, 0.0015657, -0.00548699, -0.0029883, 2
0.489712, 0.14228, 0.0665043, 0.00931521, 0.0019767, 0.0092753, 2
0.378094, 0.558977, 0.000788195, 0.040387, -0.0281867, -0.0720235, 2
0.431613, 0.439606, 0.275211, 0.000384198, 0.0112734, 0.0151283, 2
-0.457717, -0.302823, 0.249639, 0.0308641, -0.00036864, 0.0312575, 2
0.235825, 0.119657, 0.0836065, -0.119045, -0.257955, 0.139354, 2
-0.378429, -0.620294, 0.02551, 0.00221099, -0.0275431, -0.0140227, 2
0.566637, -0.4258, 0.221096, -0.00132429, -0.0205685, -0.0074277, 2
0.0388684, 0.0318597, 0.051354, 0.0369664, 0.0199978, -0.0323356, 2
-0.54814, 0.418796, 0.0486532, -0.0122546, -0.0689576, -0.0329664, 2
0.623497, 0.325673, 0.309182, -0.00915966, -3.5491e-06, -0.000235886, 2
-0.553216, 0.185421, 0.187261, 0.0354803, -0.0088071, -0.00500501, 2
-0.287199, -0.0664488, 0.169515, 0.00183248, 0.0444897, -0.0219986, 2
-0.284046, -0.264799, 0.121926, 0.022381, -0.0480422, 0.0816, 2
-0.443127, -0.0925531, 0.203711, -0.00631227, -0.00223778, 0.00307197, 2
0.55543, -0.486691, 0.076134, 0.0665302, 0.0127792, 0.0254426, 2
-0.370071, -0.235157, 0.0785513, -0.0919692, -0.00548539, -0.0421922, 2
-0.268031, -0.298484, 0.129592, 0.112201, -0.0396, -0.0134889, 2
0.616352, 0.370348, 0.295048, -0.00437212, -0.000478069, 0.000367661, 2
-0.438159, 0.452172, 0.242256, -0.0144725, 0.00213565, 0.00350222, 2
-0.243546, 0.445706, 0.166183, 0.0294714, 0.0371491, 0.00819615, 2
-0.266743, 0.522453, 0.0550476, -0.0176281, -0.173913, -0.318929, 2
0.482303, -0.394709, 0.195926, 0.0345308, 0.0060025, -0.0205981, 2
-0.0995646, -0.048792, 0.287217, -0.00493828, -0.0184307, 0.0091456, 2
0.388137, 0.138044, 0.106588, 0.040954, -0.00400689, -0.0507198, 2
-0.0569472, 0.0635105, 0.142406, -0.000748478, 0.0509941, 0.0183811, 2
0.247589, 0.323403, 0.241108, 0.00588205, 0.00985141, -0.0290315, 2
0.561794, -0.574591, 0.00899612, 0.0425741, -0.0223147, -0.0132167, 2
-0.179765, -0.588203, 0.259074, -0.0139301, -0.0109455, 0.00115322, 2
-0.2595, -0.396399, 0.214626, 0.143903, -0.113655, 0.228929, 2
-0.550403, -0.00998127, 0.168562, -0.0110535, 0.00447987, -0.020221, 2
0.11433, 0.353239, 0.141684, 0.00543353, -0.0598093, 0.0961518, 2
0.334521, 0.205578, 0.200498, 0.0354859, 0.0114822, 0.143257, 2
-0.141701, -0.52395, 0.0308091, -0.00433755, -0.0084793, -0.00618536, 2
-0.252758, 0.494151, 0.222811, 0.0266577, -0.0205287, 0.0422974, 2
0.173595, -0.19276, 0.0811977, -0.0167264, -0.00135003, 0.00422696, 2
-0.516707, -0.575134, 0.00455761, -0.00447155, -0.00781616, 0.0060045, 2
0.447724, 0.616623, 0.0184007, -0.00956999, 0.0109528, -0.0095634, 2
0.483709, -0.193105, 0.0288408, -0.109831, -0.0995618, -0.239545, 2
0.260078, 0.177359, 0.087232, -0.352853, 0.264079, -0.0145038, 2
-0.141344, 0.256919, 0.242228, 0.00740705, -0.0623889, -0.0913739, 2
0.532904, -0.258714, 0.173046, -0.0860678, -0.0217049, 0.033006, 2
-0.160286, -0.554156, 0.0669502, -0.000684414, -0.00238134, -0.000694613, 2
-0.618221, -0.0658933, 0.0934536, -0.0120405, 0.00383121, -0.00701599, 2
-0.494984, 0.311312, 0.0595005, -0.0680074, -0.0340103, -0.0794456, 2
0.396259, -0.145057, 0.168801, 0.0065489, -0.00276757, -0.00368582, 2
-0.538877, -0.0318008, 0.182509, 0.00860615, -0.0215243, -0.00763494, 2
-0.520646, -0.21404, 0.179174, -0.0211162, 0.0443364, 0.00217136, 2
-0.447044, -0.360295, 0.288388, 0.0268107, -0.0110215, 0.00531596, 2
-0.33168, 0.529747, 0.175237, -0.041903, -0.00320783, -0.0125465, 2
0.0172477, -0.241561, 0.0819763, -0.015373, 0.010459, -0.00136618, 2
-0.273769, -0.33862, 0.174789, 0.364814, 0.251986, -0.129265, 2
0.418417, 0.131057, 0.193741, 0.12117, 0.0143866, 0.0503019, 2
-0.57371, 0.1428, 0.0197764, -0.0733164, -0.272486, -0.545347, 2
-0.199895, 0.277779, 0.255095, 0.0218052, 0.0753831, -0.0442682, 2
0.0381067, 0.0440749, 0.0613401, 0.037078, 0.0272772, -0.025061, 2
-0.546614, 0.135162, 0.210881, -0.0003627, -0.00562654, -0.0271484, 2
0.183421, 0.244479, 0.314862, -0.00731123, -0.0233916, -0.0337153, 2
-0.359811, 0.427399, 0.067297, 0.0141579, 0.0127777, 0.061876, 2
-0.466183, -0.534245, 0.0422428, -0.0351796, 0.0365259, -0.0230242, 2
0.234766, 0.112966, 0.139343, -0.0552915, -0.0632818, 0.0283939, 2
0.562671, 0.46916, 0.212179, 0.00488622, -0.00577304, -0.00257166, 2
0.00189906, 0.257614, 0.0874527, 0.00734046, -0.00555574, -0.0523063, 2
-0.483065, 0.313867, 0.280644, -0.000223035, -0.00254588, 0.00715145, 2
-0.40396, -0.515991, 0.192597, -0.00661602, 0.0730163, -0.0151939, 2
0.616421, 0.152079, 0.0461254, 0.0306982, 0.0105343, -0.024041, 2
-0.398145, 0.235428, 0.237407, 0.012709, 0.00281847, 0.00341491, 2
0.445378, -0.211114, 0.141035, -0.0420967, -0.0437673, 0.118806, 2
0.444897, 0.0590387, 0.0903942, -0.0161923, 0.180483, -0.0694755, 2
-0.545842, 0.222819, 0.114324, -0.152488, -0.0292932, -0.0133852, 2
-0.37687, -0.172379, 0.300056, 0.00799477, -9.79864e-05, 0.00536377, 2
0.180503, -0.239671, 0.259855, 0.0102521, 0.0123479, 0.0133439, 2
-0.230707, 0.392191, 0.166768, 0.123459, 0.0266687, 0.0550084, 2
0.119104, 0.539089, 0.0877438, 0.0614292, 0.107899, 0.0793533, 2
-0.0182483, -0.494834, 0.116237, -0.00237225, 0.00244243, -0.00337911, 2
-0.507785, -0.508377, 0.311747, -0.00714506, -0.00911038, 0.000549809, 2
-0.323284, -0.276559, 0.213114, -0.0815756, 0.0850414, 0.0100781, 2
0.626343, -0.461145, 0.00284425, -0.0102683, 0.000146843, 0.0105394, 2
-0.0694424, 0.613716, 0.175095, -0.000855014, -0.000866525, 0.0022899, 2
0.292135, -0.562089, 0.0733086, 0.00353578, -0.016996, -0.00460137, 2
-0.510497, -0.308996, 0.187705, -0.0384821, -0.13472, -0.0465901, 2
-0.5702, 0.501471, 0.285278, -0.000922826, -0.00075994, -0.00147611, 2
0.469222, -0.359199, 0.225835, 0.0848268, 0.0693128, -0.0551206, 2
-0.123634, 0.389868, 0.203116, -0.000778602, 0.00975163, -0.0223098, 2
0.227341, -0.258344, 0.236898, 0.0228705, -0.00725549, 0.00432346, 2
-0.567638, -0.136165, 0.267295, -0.00543094, 0.00257556, 0.0087124, 2
-0.580575, 0.170514, 0.0406644, -0.380172, 0.53619, 0.121722, 2
0.27188, 0.166894, 0.082869, 0.0311133, -0.0556516, -0.228338, 2
0.283257, -0.532512, 0.0788071, 0.0011324, -0.0665236, -0.024603, 2
-0.276291, 0.389586, 0.0957757, -0.0200367, -0.00270281, -0.102643, 2
0.0169432, 0.509052, 0.176017, 0.00351949, 0.0275962, 0.0179731, 2
-0.492165, 0.568816, 0.143894, 0.0275338, 0.00723691, 0.0519859, 2
-0.610981, 0.408074, 0.211585, -0.00120949, -0.000772778, 0.00456814, 2
0.292358, -0.345524, 0.151561, -0.00395302, -0.00904665, -0.0164964, 2
-0.155105, 0.511781, 0.244466, -0.0101384, -0.0205063, -0.0405419, 2
-0.467439, 0.574106, 0.0529343, 0.021574, 0.0199822, -0.0431328, 2
0.601741, 0.623495, 0.253054, 0.00185197, 0.00869688, 0.0163034, 2
-0.495528, 0.265411, 0.137286, -0.00878118, -0.180963, 0.22172, 2
-0.164052, -0.0812959, 0.161649, -0.0057875, -0.00310579, -0.00176509, 2
0.151176, 0.272376, 0.101555, -0.0193207, 0.0314994, 0.00734918, 2
0.534279, -0.340644, 0.0713269, -0.0377571, 0.100676, 0.036446, 2
-0.0215779, -0.202845, 0.05604, 0.00626411, -0.00820554, -0.00368263, 2
0.553999, -0.183863, 0.000567587, 0.0182024, 0.00615936, -0.00808366, 2
0.140413, -0.521468, 0.0716776, -0.00726618, -0.00932205, 0.00711753, 2
-0.513268, -0.04661, 0.042132, -0.0140264, -0.0222658, -0.010631, 2
0.464598, 0.115915, 0.0281677, -0.012465, 0.0362737, -0.011713, 2
-0.583592, 0.0876924, 0.0265506, 0.0460903, -0.108081, 0.00635408, 2
0.428623, 0.222128, 0.250394, -0.0884373, -0.00673035, 0.0648021, 2
-0.282158, -0.571888, 0.0725794, 0.0795051, 0.112296, 0.0323725, 2
0.364438, 0.209252, 0.298164, 0.0215604, -0.0188776, -0.0192737, 2
-0.48927, 0.113567, 0.0555125, -0.00696931, -0.0115936, -0.00392305, 2
-0.203962, -0.537974, 0.162292, 0.000917891, -0.0167843, -0.0386925, 2
0.0201974, -0.613938, 0.273817, 0.0106732, -0.00378131, -0.000744249, 2
0.0224678, 0.156438, 0.300941, -0.021225, 0.138765, 0.0382763, 2
0.309178, 0.273134, 0.131798, -0.00232674, 0.0179884, -0.0142931, 2
0.477706, 0.107769, 0.00328544, -0.00953363, 0.0266553, -0.0338979, 2
0.590377, 0.154141, 0.182699, 0.0242456, 0.0331597, -0.0217042, 2
-0.563348, -0.0471991, 0.0807404, 0.000969974, -0.00643782, -0.0264737, 2
0.438229, 0.300606, 0.0952593, -0.00474929, 0.0151656, -0.0152967, 2
-0.53138, 0.0350806, 0.305063, -0.0131012, -0.00427974, -0.0051947, 2
-0.59865, 0.175774, 0.175964, -0.0310627, -0.0134165, 0.00457449, 2
-0.3766, 0.601775, 0.198961, -0.0045107, -0.000255444, 0.000994316, 2
0.272568, -0.00799098, 0.202968, -0.00683296, 0.0556543, 0.0151573, 2
0.10791, -0.615487, 0.0845864, -0.000382818, -0.00157096, -0.00802331, 2
0.0517469, 0.323655, 0.310361, -0.0162879, -0.00200441, -0.0553116, 2
0.578937, 0.171397, 0.179812, -0.00548086, 0.0420299, -0.0207152, 2
0.592079, 0.131811, 0.0608567, -0.0236427, -0.0215527, 0.0303877, 2
0.0629498, 0.198426, 0.206548, 0.00220038, 0.00386095, 0.0126585, 2
0.385912, 0.00669224, 0.124208, -0.0732808, -0.0110755, 0.01224, 2
-0.492978, 0.105275, 0.290469, -0.0986845, -0.0471485, -0.0457836, 2
-0.532653, 0.136589, 0.176922, -0.00226836, -0.00957109, 0.0193757, 2
0.171203, 0.389952, 0.169875, 0.0271092, -0.0276002, -0.00863965, 2
-0.292878, 0.032557, 0.0103863, -0.00339246, 0.00139487, 0.00716412, 2
0.518993, -0.489497, 0.0140055, -0.00168609, 0.0348172, -0.0504375, 2
-0.402589, 0.192214, 0.25241, 0.00755468, 0.0110786, 0.0139078, 2
-0.421072, 0.141188, 0.137769, 0.404867, -0.455248, 0.0525018, 2
0.298177, 0.103303, 0.0132303, 0.0397978, -0.00591041, -0.0120527, 2
0.541604, -0.46371, 0.220328, 0.0196466, 0.0122823, -0.0118757, 2
0.107868, 0.552165, 0.06451, -0.0650162, 0.0805872, -0.0995449, 2
0.604701, -0.570777, 0.24832, 0.00805818, -0.00315817, 0.00130176, 2
0.506652, -0.473466, 0.124976, 0.0578822, 0.0277927, -0.0304422, 2
-0.0455868, 0.327701, 0.0649734, -0.0122779, -0.000591421, -0.0138579, 2
-0.626014, -0.595141, 0.230603, 0.0104032, 0.000635056, -0.000245041, 2
-0.584469, 0.553815, 0.26572, -0.00324612, -0.00837075, 0.000275626, 2
-0.528446, -0.478737, 0.156283, -0.00868618, 0.0102852, 0.0091358, 2
0.481194, -0.269846, 0.0340889, -0.0177175, -0.00848855, -0.0147521, 2
-0.227659, -0.601632, 0.217406, -0.00148972, -0.0118289, 0.00110869, 2
-0.174737, 0.569935, 0.258969, 0.0635867, 0.0831693, -0.0564151, 2
-0.553353, 0.0478392, 0.239519, -0.0127034, -0.0054312, 0.0193667, 2
-0.295313, 0.022577, 0.254316, 0.080945, 0.153395, -0.0720387, 2
-0.561961, -0.100735, 0.29344, -0.00434502, 0.00550581, -0.000923509, 2
-0.0620562, 0.483642, 0.217875, -0.0241577, -0.0146174, -0.0248591, 2
0.197837, 0.487592, 0.22658, -0.0861452, -0.568203, 0.110201, 2
-0.139676, 0.533087, 0.207543, -0.00284524, 0.0172624, -0.019313, 2
-0.336722, -0.625323, 0.24535, 0.00029858, -0.0184501, 0.00182326, 2
0.288409, 0.485834, 0.0203977, 0.00909457, 0.0163964, -0.0295047, 2
0.424765, -0.371788, 0.0274805, 0.0176325, -0.0543921, -0.0146107, 2
0.0344603, 0.0834375, 0.0124734, 0.0245419, 9.50254e-05, -0.00144769, 2
-0.189591, 0.160048, 0.181924, -0.0326819, -0.012657, -0.0192807, 2
-0.491441, 0.494699, 0.0300775, 0.0191327, 0.00777683, -0.017114, 2
0.525823, 0.562701, 0.162385, -0.207645, 0.016076, 0.0457965, 2
0.439657, -0.129318, 0.125804, -0.0101453, 0.0236224, 0.0153338, 2
0.0512282, -0.561445, 0.0902114, -0.00144025, 0.00137078, -0.000577015, 2
-0.302377, -0.071157, 0.0659922, 0.00258975, 0.0174638, -0.0156358, 2
0.527796, 0.222085, 0.0671522, 0.0097297, 0.00263073, 0.00150221, 2
0.249268, -0.11947, 0.0311198, -0.00109778, 0.158388, -0.109966, 2
0.330859, -0.324668, 0.0956636, -0.0317541, -0.0346835, 0.0227208, 2
0.440781, 0.339756, 0.274014, -0.039401, -0.0109452, -0.0694422, 2
0.490675, -0.479799, 0.156535, 0.0397886, 0.101448, -0.00124281, 2
-0.0415555, -0.341277, 0.122719, -0.0468863, 0.0060234, 0.0185014, 2
0.0787543, -0.445417, 0.105903, 0.000459961, -0.00170792, 0.00122072, 2
-0.531634, 0.624203, 0.231064, 0.00453242, -0.00736668, -0.00749872, 2
-0.0284164, 0.0454675, 0.248194, -0.349996, 0.19585, 0.225997, 2
0.332429, 0.373053, 0.072914, 0.00129809, 0.00596834, -0.00335877, 2
0.596398, 0.270886, 0.285926, -0.000803601, -1.18464e-06, -0.000247363, 2
-0.39492, -0.109809, 0.0985677, -0.00134278, 0.0128359, -0.00419269, 2
-0.270441, -0.408913, 0.174892, 0.322485, -0.260893, 0.0744548, 2
0.112213, -0.598095, 0.10234, 0.00541949, 0.00763382, 0.00464926, 2
-0.0516583, 0.522543, 0.139881, -0.0251325, -0.0257233, -0.0045208, 2
0.574481, -0.148976, 0.212052, 0.1856, -0.0873501, 0.0998487, 2
-0.194571, 0.559742, 0.258189, 0.0401395, 0.0475905, -0.0645864, 2
0.229042, -0.601855, 0.256749, 0.00614491, -0.00624562, 0.00925765, 2
-0.106627, -0.0003083, 0.110625, -0.0133274, -0.00590659, -0.00113171, 2
-0.373778, -0.297842, 0.0463973, -0.0188787, 0.0564285, -0.106358, 2
-0.0821216, -0.331408, 0.27161, 0.0077713, 0.000437048, 0.00451474, 2
-0.198345, -0.0963644, 0.0866664, -0.00945979, 0.0131898, 0.0149017, 2
0.195926, 0.263158, 0.141929, 0.0263292, 0.00403757, 0.00519542, 2
-0.364434, -0.254592, 0.149896, -0.0323717, 0.00577542, 0.0402475, 2
0.0449241, 0.323713, 0.123041, -0.000664461, 0.0125755, -0.00117667, 2
0.604447, 0.268231, 0.243288, -0.00230145, -0.000106643, -0.000194775, 2
0.19273, -0.556303, 0.225732, -0.0164601, 0.011207, 0.0019837, 2
-0.0344416, 0.302703, 0.232759, 0.0554461, 0.0382466, -0.052271, 2
-0.267374, -0.433888, 0.0751914, -0.00323555, -0.0171292, -0.0243353, 2
0.175126, -0.177702, 0.158222, -0.020595, 0.00183538, -0.0158572, 2
0.360715, 0.37014, 0.232861, -0.00736771, -0.0285252, 0.000957113, 2
0.187226, -0.458168, 0.0512786, 0.01505, 0.0463305, 0.00192129, 2
0.533891, 0.367722, 0.274559, 0.0285597, -0.0317898, -0.00669928, 2
-0.15832, -0.626676, 0.0534202, -1.0166e-06, 0.010741, -0.000246382, 2
0.441263, 0.0482119, 0.291839, -0.0185022, -0.00956057, -0.0244899, 2
-0.3265, 0.0226954, 0.201406, 0.0544041, -0.0121867, -0.0279167, 2
-0.613276, -0.414538, 0.219822, -0.0145183, -0.00318502, -0.0218449, 2
0.289653, 0.180983, 0.138006, -0.388382, 0.891381, 0.00872468, 2
-0.0392366, 0.543573, 0.187025, -0.0109351, 0.0345767, 0.0124783, 2
0.261529, 0.0887354, 0.300091, -0.00909997, 0.00833731, 0.0126319, 2
-0.365511, -0.180513, 0.235135, -0.0163226, -0.000796487, 0.015267, 2
0.565931, -0.623251, 0.278084, 0.000870946, 0.00475462, 6.49744e-05, 2
-0.488881, 0.540604, 0.212524, 0.00163401, -9.07024e-05, 0.00477165, 2
0.609355, -0.247679, 0.213346, 0.0339836, 0.00304317, 0.042943, 2
-0.436891, -0.436379, 0.0679077, -0.0256995, -0.0318875, 0.0206038, 2
-0.529461, -0.132916, 0.231072, 0.0165471, 0.00179654, -0.00523752, 2
0.276165, -0.116229, 0.284929, -0.00906313, 0.00673256, -0.0146805, 2
-0.104476, -0.45654, 0.172684, 0.182759, -0.089017, 0.00124242, 2
0.44755, 0.134187, 0.151086, 0.039271, 0.00633288, -0.029047, 2
-0.0642748, -0.234247, 0.0157791, -0.000832667, -0.00177804, 0.00379852, 2
-0.123838, 0.0302051, 0.128142, -0.0128584, -0.0100454, -0.00867584, 2
-0.443225, -0.0338273, 0.12982, -0.0272017, -0.0171119, 0.00456792, 2
-0.590816, 0.107255, 0.10748, -0.000933773, -0.0550045, 0.00694402, 2
0.259279, 0.0866459, 0.203051, -0.044523, 0.0152902, -0.038869, 2
-0.147266, 0.279718, 0.251447, 0.0265933, 0.0212006, -0.0776844, 2
0.124365, 0.38022, 0.060727, -0.0105785, 0.0342621, -0.0961015, 2
-0.211273, 0.0264218, 0.189161, -0.00708513, -0.00235647, -0.0101987, 2
-0.331485, 0.551909, 0.232517, -0.0117355, 5.43383e-05, 0.00262506, 2
0.359249, 0.369496, 0.108573, 0.00530294, 0.00210689, 0.00150985, 2
-0.296333, -0.324742, 0.207502, 0.0130178, 0.184413, 0.210947, 2
-0.233217, 0.181383, 0.057562, -0.00846266, -0.00164352, -0.0117402, 2
0.279349, 0.368122, 0.206596, 0.00908529, 0.0081215, 0.0054344, 2
-0.461299, 0.40727, 0.0759189, 0.0184417, 0.00957958, -0.016382, 2
-0.0313796, 0.0365848, 0.255071, -0.305282, 0.0181169, 0.269698, 2
-0.479103, 0.519282, 0.16751, 0.00687746, -0.00270735, 0.0114514, 2
0.526685, 0.0136832, 0.105074, 0.0553307, -0.00119595, -0.00619276, 2
-0.490334, 0.432374, 0.26917, -0.00142627, 0.00439609, 0.00169521, 2
0.266308, -0.529075, 0.249657, 0.012076, -0.0304884, -0.0261808, 2
-0.0635528, 0.460138, 0.18454, -0.000341472, -0.0149616, -0.0193912, 2
0.370737, -0.466159, 0.260846, -0.0966446, -0.0663755, 0.0110501, 2
-0.0591832, -0.0694131, 0.148701, 0.00386259, 0.00835544, 0.00994443, 2
0.171065, -0.420028, 0.0832402, -0.0120976, 0.0331772, 0.018823, 2
-0.262478, -0.251363, 0.0275667, 0.0167251, -0.0093735, -0.0246003, 2
0.041198, 0.347221, 0.194204, 0.00129856, 9.07187e-06, 0.000374096, 2
-0.198444, 0.498081, 0.166533, 0.00960813, -0.00171756, -0.00114656, 2
0.471596, 0.394802, 0.0124634, -0.0017022, 0.00355447, 0.00468524, 2
-0.368035, 0.534431, 0.278048, -0.0156691, 0.00230946, 0.0066587, 2
-0.55128, 0.170776, 0.30327, -0.0362738, 0.0715096, 0.0504109, 2
0.447348, -0.522741, 0.260813, -0.0425479, -0.105486, 0.030956, 2
-0.0744186, 0.47796, 0.301764, -0.0335083, -0.00122959, -0.0894011, 2
-0.290963, -0.211186, 0.12692, 0.0719296, -0.0641294, 0.28403, 2
0.303839, 0.589842, 0.179404, 0.00243363, 0.0296145, 0.0177187, 2
-0.623128, -0.302599, 0.274054, -0.0817857, 0.0179846, -0.0148048, 2
-0.512861, 0.368562, 0.203369, -0.00623061, 0.0211731, 0.0209601, 2
0.263955, -0.459845, 0.170398, 0.039316, 0.0106452, -0.035345, 2
-0.329838, -0.618213, 0.111608, -0.00444603, -0.0100463, 0.0256639, 2
-0.279985, -0.356284, 0.0877248, 0.06003, 0.00886887, -0.0352629, 2
-0.427721, -0.277601, 0.28791, -0.00815221, 0.00670464, -0.0197366, 2
-0.474568, -0.460217, 0.314715, 0.01177, -0.000196284, -0.00993112, 2
0.568686, 0.0953283, 0.276714, -0.00242377, -0.00460813, 0.00372936, 2
0.515816, 0.434328, 0.066427, -0.00822461, -0.0378982, -0.0110703, 2
-0.236429, 0.108204, 0.0563966, -0.00185139, -0.00165417, -0.00179519, 2
0.481188, 0.115039, 0.138238, 0.0041094, 0.00205482, 0.000601359, 2
0.317478, 0.232142, 0.0728874, 0.00228889, 0.0812134, -0.0141139, 2
-0.128974, -0.133866, 0.115417, -0.0481256, -0.00616588, 0.0641186, 2
0.552619, 0.166259, 0.118355, -0.00339086, 0.00197451, -0.0036391, 2
-0.260877, 0.516238, 0.186774, 0.0783153, -0.0352235, 0.0295328, 2
0.0900221, -0.541446, 0.274865, -0.00524823, 0.00479223, -0.000472934, 2
-0.0182665, -0.386051, 0.00232011, 0.023448, 0.00885204, -0.00823803, 2
-0.0193321, -0.447329, 0.183643, 0.00407566, -0.000461986, -0.00318167, 2
-0.172401, -0.561476, 0.134734, -0.0077601, -0.0136422, -0.0126975, 2
0.093307, -0.167942, 0.00429428, 0.00452359, -0.00390294, 0.000945648, 2
0.318894, -0.316717, 0.190545, 0.0355165, -0.121145, -0.0971703, 2
-0.388082, -0.629202, 0.0910897, 0.00116927, -0.0245219, -0.0248532, 2
-0.0965328, -0.128213, 0.215114, -0.00882484, -0.00410732, -0.00744349, 2
0.365135, -0.205558, 0.0991878, -0.144875, 0.0695687, -0.0351168, 2
-0.421373, 0.163529, 0.0707563, 0.0690976, -0.0329313, -0.173287, 2
0.325725, -0.376413, 0.0928855, -0.0041531, -0.00112064, -0.00679528, 2
0.165259, 0.235284, 0.153864, 0.0219185, -0.0343229, -0.0161176, 2
0.174539, -0.414011, 0.199522, -0.00462303, -0.135328, 0.054414, 2
-0.350815, 0.0435512, 0.216644, -0.0161868, 0.031463, 0.0468713, 2
0.188122, -0.493105, 0.017168, 0.00988602, -0.0623382, -0.038469, 2
0.205299, 0.455752, 0.0954796, -0.0443909, -0.00280037, -0.0467932, 2
-0.292448, -0.562294, 0.0956699, 0.00575367, 0.0325584, 0.0765811, 2
0.0719107, -0.0288635, 0.221108, 0.154641, 0.210449, -0.114936, 2
-0.32756, -0.293692, 0.0122273, 0.00452169, 0.00903816, -0.0274239, 2
0.0691907, -0.0851008, 0.2106, 0.0873839, -0.0573763, 0.0513013, 2
0.352216, -0.389339, 0.273988, -0.0941871, 0.0239403, 0.0399451, 2
-0.536169, 0.405883, 0.175318, -0.0187795, 0.00667284, 0.0196984, 2
0.0792857, -0.0495408, 0.229306, 0.290887, -0.0966777, 0.116495, 2
-0.382552, 0.229607, 0.0827033, 0.0192857, 0.0295191, -0.0230488, 2
0.484025, -0.212235, 0.116918, 0.108199, -0.150733, 0.104557, 2
0.552697, 0.623027, 0.0733649, -0.00353235, -0.00178997, -0.00854463, 2
-0.325311, -0.299384, 0.0902822, 0.0462052, 0.0748624, 0.0458492, 2
0.0573681, 0.40249, 0.240557, -0.00656144, -0.0334897, 0.0137361, 2
-0.318128, -0.555034, 0.00964347, 0.00208248, 0.00887096, -0.0230161, 2
-0.269219, 0.14412, 0.145859, 0.055489, -0.216086, -0.0323631, 2
0.573182, -0.133627, 0.206015, 0.220596, 0.0660124, 0.0291088, 2
0.409208, -0.0398326, 0.149995, -0.0177166, -0.0117432, 0.0215662, 2
-0.149446, -0.59051, 0.295101, -6.71777e-05, -0.0103498, 0.0124324, 2
-0.492148, -0.343099, 0.195012, 0.0698143, 0.0076022, -0.0795282, 2
-0.161335, -0.489037, 0.299444, -0.00415637, 0.0087585, 0.00278986, 2
0.306336, -0.566304, 0.29771, -0.00995118, -0.0012655, 0.00601348, 2
0.599796, -0.261652, 0.0653732, 0.13227, -0.0585676, -0.0753328, 2
-0.299002, 0.42568, 0.00850481, 0.016854, 0.00789515, -0.0247158, 2
-0.5967, -0.522412, 0.0272372, -0.00416682, -0.00188466, -0.00101771, 2
-0.558126, -0.161668, 0.220758, 0.00298354, -0.00321626, -0.0194182, 2
0.0253105, -0.218449, 0.0298605, -0.0017985, -0.00452424, -0.00414228, 2
-0.410555, -0.439205, 0.177393, -0.0441106, 0.00192838, -0.031845, 2
0.189426, 0.0413124, 0.187257, -8.92531e-05, 0.000306925, -0.000217059, 2
0.109902, 0.179128, 0.258973, 0.00469556, 0.00577395, -0.0135038, 2
-0.369977, -0.61217, 0.294204, -0.00363702, -0.00215726, 0.00545389, 2
-0.432128, 0.32413, 0.310119, -0.00286257, 0.00273153, 0.00639234, 2
-0.501214, 0.293962, 0.0872155, -0.0803461, -0.0126919, -0.228223, 2
-0.239722, 0.624924, 0.0361446, -0.00276728, 0.0562654, -0.0530821, 2
-0.205702, -0.60174, 0.0630325, 0.0122895, 0.00407598, -0.000219365, 2
-0.0967536, -0.529902, 0.180106, 0.0099867, -0.00503844, -0.00593672, 2
-0.473648, 0.125372, 0.282985, -0.00550963, 0.0847835, -0.129517, 2
-0.354206, 0.34478, 0.015693, 0.00845155, 0.0139336, -0.0559871, 2
0.355367, -0.095758, 0.183512, 0.089248, -0.00201164, 0.0270967, 2
-0.155534, -0.615819, 0.0708031, 2.32234e-06, 0.00586669, -0.000253703, 2
-0.37957, -0.355833, 0.0752514, 0.0410518, -0.0243283, -0.000898326, 2
-0.46268, -0.157997, 0.313775, -0.000347348, -0.00575369, -0.0102405, 2
-0.48213, -0.0292479, 0.229774, 0.00428945, 0.00160882, 0.00511503, 2
-0.133268, 0.360994, 0.228515, -0.00134564, -0.0277944, -0.0156174, 2
0.0113109, -0.474672, 0.23557, 0.012986, 0.0071897, -0.0152545, 2
0.263441, 0.0585379, 0.260586, -0.0508474, 0.0147254, 0.0785425, 2
-0.27606, 0.214854, 0.134438, -0.0886719, 0.290843, -1.02364, 2
-0.404047, 0.490611, 0.063142, 0.00556624, 0.0119146, 0.00100529, 2
-0.341275, 0.216015, 0.196693, -0.157472, 0.0589558, 0.100148, 2
0.392773, -0.569482, 0.200229, 0.00671805, 0.00882244, -0.0108608, 2
-0.583942, -0.319088, 0.268762, -0.0130541, -0.0325555, -0.0659334, 2
-0.282936, -0.151804, 0.071772, 0.199134, 0.172663, -0.173052, 2
-0.287764, -0.00397015, 0.221951, 0.0756739, -0.0181852, -0.103425, 2
-0.628594, 0.492726, 0.154709, 0.00717579, 0.0018786, 0.00376842, 2
0.285464, -0.125927, 0.193531, -0.056879, 0.00776661, 0.0091342, 2
-0.0321805, -0.492449, 0.050675, 0.000968535, -0.000736702, -0.000401833, 2
-0.249764, -0.138546, 0.261879, 0.000651355, -0.000740061, 0.000351413, 2
0.287987, 0.0873704, 0.227041, 0.0153786, 0.0885751, -0.0264418, 2
0.540555, 0.376059, 0.123554, 0.000344634, 0.053026, -0.0070631, 2
0.0674015, 0.138868, 0.138675, -0.016665, -0.020691, 0.0248903, 2
-0.391608, 0.18489, 0.216394, 0.011253, 0.0250742, 0.008939, 2
-0.576486, 0.531917, 0.0209517, -0.0692198, 0.0253605, -0.0729118, 2
-0.289398, -0.385811, 0.17745, 0.381887, -0.186097, 0.0151849, 2
0.598405, -0.384441, 0.143141, 0.00103065, -0.00121028, 0.000260177, 2
-0.0426877, 0.530987, 0.26915, -0.00436397, 0.0112978, 0.0273042, 2
-0.528489, -0.131157, 0.303528, 0.00208101, -0.003877, 0.0010341, 2
-0.325789, 0.249042, 0.111401, -0.0669115, -0.0155289, -0.00934002, 2
-0.538199, -0.0929339, 0.290734, 0.00973144, 0.0104006, -0.007201, 2
0.369966, -0.182342, 0.227258, -0.0177794, -0.00843581, 0.00213738, 2
-0.395744, 0.515023, 0.104484, 0.00874246, 0.0113794, -0.00209688, 2
0.158955, -0.506549, 0.308198, 0.000718339, -0.00452087, -0.00181394, 2
-0.235398, -0.453071, 0.283686, -0.000521393, -6.50371e-05, 0.00161655, 2
-0.151591, -0.112506, 0.0297426, 0.0331971, 0.00719281, -0.0341061, 2
0.558209, -0.144065, 0.0911232, 0.0151899, 0.0114954, -0.00103545, 2
-0.129155, 0.443211, 0.0663791, 0.00570984, 0.00433607, 0.00320407, 2
-0.312483, 0.544685, 0.191081, -0.0702915, 0.0083424, 0.0258111, 2
-0.358297, -0.411067, 0.0958503, 0.0555256, -0.048406, -0.0176663, 2
0.0873064, -0.319303, 0.230108, -0.00314747, 0.00586117, -0.0199797, 2
-0.00968313, -0.5793, 0.0270313, 4.42878e-07, 1.11674e-06, 0.00174362, 2
-0.360577, -0.34508, 0.313278, -0.0362525, 0.0302153, 0.0440003, 2
0.0573605, 0.443838, 0.0291498, 0.0514547, 0.0458187, -0.0168132, 2
0.0302247, -0.421523, 0.0733728, 0.00522865, -0.0114444, -0.00672374, 2
-0.0949575, 0.0568499, 0.202737, 0.017103, 0.0306993, -0.0146526, 2
0.0240129, -0.0149044, 0.00923006, 0.00513913, -0.0026567, -0.00590112, 2
0.388506, 0.485904, 0.277524, -0.00378432, -0.00631275, 0.00251393, 2
-0.605905, -0.456543, 0.256204, -0.00409741, -0.0189211, 0.00213448, 2
0.158418, -0.184877, 0.310928, 0.0159445, 0.00843919, -0.00602299, 2
0.541819, 0.532393, 0.0736118, -0.00384184, -0.0029142, -0.0222964, 2
0.202323, -0.107253, 0.0862777, -0.0193098, 0.0461407, -0.0149281, 2
0.310448, 0.162133, 0.157499, 0.345973, -0.0339964, 0.605509, 2
0.303633, -0.41047, 0.110967, -0.00134597, 0.000814971, 0.0133825, 2
0.420232, 0.249718, 0.163077, -0.0232349, 0.0166353, 0.0157942, 2
-0.546203, -0.475203, 0.0197991, -0.0343422, -0.0684431, -0.0685064, 2
0.264745, 0.178773, 0.173564, -0.380675, 0.232959, 0.352229, 2
0.301665, -0.0626844, 0.137549, -0.031994, -0.0209193, -0.0218597, 2
0.151833, -0.0386258, 0.180904, 0.0333556, 0.0815716, 0.00369516, 2
-0.0832769, -0.510172, 0.292176, 0.00169409, 0.000334521, 0.00664544, 2
-0.0994905, -0.598316, 0.267783, -0.00136378, -0.016616, -0.00199877, 2
0.194957, 0.233971, 0.0834789, 0.0142704, 0.00175625, 0.00926008, 2
0.540068, -0.0855443, 0.281503, -0.00217903, 0.000610652, 0.00744099, 2
-0.0898649, -0.411875, 0.0213945, -0.0104715, -0.0173771, -0.0152579, 2
0.354004, -0.621606, 0.241315, -0.00225875, -0.00995693, 0.000721373, 2
-0.253613, -0.537846, 0.280005, 0.0525566, -0.00764475, 0.0317197, 2
-0.174416, 0.356862, 0.167208, 0.0139136, 0.00487751, 0.028941, 2
0.519839, 0.0285643, 0.309027, 0.0248329, 0.00523294, -0.00395632, 2
-0.189892, -0.449566, 0.14188, -0.194316, -0.162603, -0.194994, 2
0.533724, 0.0971206, 0.171828, -0.00488267, -0.00261535, -0.00225633, 2
0.4425, 0.627594, 0.17974, 0.000681875, -0.0109619, -7.60124e-05, 2
0.253706, 0.192587, 0.0807417, -0.317997, 0.455302, -0.169196, 2
0.587621, 0.102691, 0.216846, -0.00980529, -0.0339853, 0.0181088, 2
0.453706, -0.617137, 0.271369, 0.00493005, -0.00791686, 0.00787347, 2
0.539284, 0.366831, 0.273458, 0.0303301, -0.0311666, -0.00621695, 2
0.244617, -0.516745, 0.296487, -0.024469, -0.0523997, 0.0141092, 2
0.10471, -0.0611983, 0.228212, 0.210047, -0.0478024, 0.0934435, 2
-0.486387, -0.171323, 0.0778623, -0.0006671, -0.00119168, -0.000185947, 2
-0.510205, 0.268749, 0.122962, -0.2582, -0.0434605, -0.0765564, 2
0.0573153, 0.172509, 0.304733, 0.0240378, 0.0258126, -0.0240092, 2
-0.5153, -0.0149542, 0.30414, -0.00914607, -0.00388514, -0.0185631, 2
0.20366, -0.391212, 0.194796, 0.143623, -0.037633, -0.0314835, 2
0.526626, -0.433555, 0.062978, 0.0323869, -0.00368408, -0.0233249, 2
0.134085, -0.609812, 0.0661846, 0.00410235, 0.00347793, -0.00522056, 2
-0.0403674, 0.559435, 0.000401413, -0.000634092, 0.000942129, 0.0113833, 2
-0.206463, 0.174089, 0.0287059, -0.01776, -0.0145114, -0.00798106, 2
-0.28044, -0.351165, 0.170897, 0.384543, 0.265774, -0.199314, 2
-0.627519, -0.207588, 0.285557, 0.0108029, -0.000288466, 0.000106812, 2
-0.31607, -0.0878289, 0.195254, -0.017389, 0.0314436, -0.0211935, 2
0.175777, 0.59945, 0.0808902, 0.0148394, 0.0230156, 0.0109831, 2
0.13478, -0.545813, 0.234643, -0.00363477, -0.0174464, 0.041632, 2
0.0914144, 0.28781, 0.29433, 0.0158521, 0.0104186, -0.0385981, 2
-0.389328, 0.184472, 0.0284509, -0.00637824, 0.031935, -0.0360433, 2
-0.137416, -0.311406, 0.0334887, -0.00809687, -0.0209358, -0.0315704, 2
0.127322, 0.27819, 0.0158567, -0.00490572, 0.00794053, -0.0121223, 2
0.128928, -0.558236, 0.21687, -0.00129801, -0.0273776, -0.00337315, 2
0.243752, -0.208713, 0.28657, 0.00336566, 0.00166124, 0.00104924, 2
-0.332586, -0.206268, 0.0771817, -0.259932, -0.135575, -0.0973091, 2
-0.450284, 0.107625, 0.212715, -0.0683602, -0.00699668, -0.0478569, 2
0.330731, -0.346562, 0.205087, 0.0258916, -0.0329935, -0.00551733, 2
-0.605635, 0.418182, 0.226124, 0.000477952, 0.00115181, 0.00482335, 2
0.332936, -0.120367, 0.140586, 0.0103521, -0.00388047, -0.0467371, 2
0.25033, 0.120268, 0.0292132, 0.00805953, -0.118406, -0.162388, 2
0.364134, 0.612816, 0.108853, -0.00930149, 0.0242875, -0.0116243, 2
0.498089, 0.110174, 0.0209093, 0.0303353, 0.0377213, 0.00154568, 2
0.561515, -0.390861, 0.0388412, 0.0958354, -0.125195, -0.0431452, 2
0.169068, 0.482854, 0.144154, -0.0628511, -0.0311237, -0.0398061, 2
0.0554187, -0.479696, 0.250078, 0.00468118, 0.000251288, 3.08696e-05, 2
0.364145, -0.300016, 0.119493, 0.0214857, -0.00357824, 0.0339079, 2
-0.0449201, -0.599248, 0.190343, -0.00312055, -0.00402133, -0.00215016, 2
-0.484499, -0.574919, 0.137398, -0.0166266, -0.0242719, 0.0243832, 2
0.419998, 0.38798, 0.264797, -0.0163096, 0.0113646, 0.00649256, 2
-0.277585, 0.00834637, 0.137374, 0.0015595, -0.00190343, -0.00293662, 2
-0.160732, -0.257483, 0.133087, -0.00368042, -0.00738414, 0.0179357, 2
0.274679, -0.389358, 0.00313937, 0.000114629, -0.000996716, -0.0167488, 2
0.358316, -0.457806, 0.062915, 0.00833063, -0.00596276, -0.00270469, 2
0.513681, 0.341225, 0.0261376, 0.00192752, -0.00106656, 0.00304294, 2
-0.169631, -0.23332, 0.0637045, 0.00269492, 0.0183486, -0.0134717, 2
-0.429248, -0.499138, 0.146191, 0.00222885, 0.00970575, -0.00661686, 2
0.0487241, 0.0859052, 0.15387, 0.00069557, 0.0391338, -0.0235523, 2
-0.449829, 0.231369, 0.167631, 0.0426427, 0.0678701, 0.136703, 2
0.0997634, 0.0214042, 0.107135, 0.0116773, -0.0111393, -0.0200938, 2
-0.100974, 0.373783, 0.266713, 0.00734961, -0.000175256, 0.00339114, 2
0.44852, -0.416912, 0.044851, -0.00560917, -0.00483086, -0.000595577, 2
-0.279061, 0.48773, 0.105002, 0.0111129, -0.185684, 0.0866984, 2
-0.266503, 0.216083, 0.148041, 0.526108, 0.273719, -0.623956, 2
-0.0148433, 0.0997997, 0.0758568, 0.0634579, 0.0463744, 0.0565123, 2
0.0897071, 0.560132, 0.175018, -0.0033936, 0.0231437, -0.0151305, 2
0.344525, -0.499079, 0.207724, -0.00677458, -0.00265173, -0.0107677, 2
-0.330637, 0.179608, 0.0717094, 0.0162895, -0.0147866, 0.0219728, 2
0.284844, 0.359743, 0.287043, 0.00316904, 0.0310111, -0.00554861, 2
-0.304558, -0.170457, 0.134903, 0.107283, -0.109187, 0.170139, 2
0.123983, 0.358532, 0.0708577, -0.0276957, -0.0614454, -0.0947618, 2
-0.0690935, 0.177088, 0.12412, 0.0158389, -0.0816509, 0.054761, 2
0.11031, 0.527991, 0.0885622, -0.0140901, 0.0505489, 0.0633626, 2
0.530319, -0.368476, 0.300074, -0.0145702, -0.00312758, 0.00928779, 2
-0.137442, 0.246644, 0.167533, 0.0155237, 0.00101125, 0.00664891, 2
0.165985, -0.293612, 0.150075, -0.0516006, -0.043901, 0.0262608, 2
-0.393871, -0.57905, 0.182796, 0.431912, 0.0416927, 0.104405, 2
0.437025, -0.279723, 0.0702072, 0.00899511, 0.0133202, 0.0134166, 2
-0.536065, -0.624843, 0.00265199, -6.43882e-05, 0.00964767, 0.0108176, 2
0.612106, -0.299438, 0.117528, 0.0905539, -0.0825943, 0.0134855, 2
-0.10821, 0.454508, 0.0496705, 0.0035057, 0.000881552, -0.00272814, 2
0.175221, -0.244549, 0.251433, -0.0119345, -0.0161406, -0.0252859, 2
-0.588224, 0.495725, 0.22594, -0.00138342, 0.00110402, 0.00139841, 2
-0.233976, 0.396081, 0.291312, 0.000607543, 0.00870543, -0.00475983, 2
-0.293608, -0.371324, 0.195482, 0.340829, 0.0151585, 0.426148, 2
0.376523, 0.424625, 0.27957, -0.0152669, 0.00803473, 0.0217807, 2
-0.283104, -0.59921, 0.292299, 0.00267081, -0.0144236, 0.00563756, 2
0.44808, 0.467779, 0.0648769, -0.0191743, -0.00118982, -0.000597278, 2
-0.531018, 0.561678, 0.066157, 0.0551572, 0.0984694, -0.0266077, 2
-0.52041, 0.54382, 0.148788, -0.0116101, -0.0271203, 0.0275303, 2
-0.0502962, -0.194353, 0.104925, 0.020314, -0.0173247, 0.00516894, 2
0.148386, 0.610831, 0.201278, -0.0130161, 0.00928912, -0.00403456, 2
-0.105807, -0.607357, 0.167719, 0.000511271, 0.00220763, -8.10462e-05, 2
-0.461973, -0.211369, 0.109248, 0.000963583, 0.00225029, -0.00267829, 2
-0.556651, 0.124987, 0.173908, 0.00686484, -0.0189648, 0.0201582, 2
0.225279, -0.128453, 0.122573, -0.00871691, 0.00778187, 0.0682926, 2
0.083633, 0.218406, 0.130262, 0.0478401, -0.00105216, -0.0159603, 2
-0.00709956, 0.0365226, 0.0897157, 0.0198755, 0.186635, -0.0035664, 2
0.252408, 0.135468, 0.0726443, -0.0606706, -0.322013, -0.0036114, 2
0.517036, 0.245021, 0.0511084, 0.00513928, 0.00565442, -0.00284662, 2
-0.147737, -0.435238, 0.160011, 0.340697, -0.210905, -0.485565, 2
0.271961, 0.343111, 0.155228, -0.0284878, -0.00571428, -0.0198334, 2
-0.182852, -0.39266, 0.160879, -0.26883, 0.263938, -0.178024, 2
0.488024, -0.224669, 0.265528, -0.0307144, -0.0264456, -0.0571556, 2
-0.33491, -0.151357, 0.139284, -0.23399, 0.0907852, -0.0226367, 2
0.360722, -0.556042, 0.264661, 0.0180127, 0.00565471, 0.0731485, 2
-0.408911, 0.157555, 0.161772, 0.34682, -0.0169934, 0.376152, 2
0.112137, -0.479508, 0.0134117, -0.0124419, 0.000855109, 0.00082183, 2
0.471, 0.402863, 0.204769, -0.00691458, -0.0169089, -0.0272016, 2
-0.49835, 0.289935, 0.108534, -0.0698623, 0.0525989, -0.310571, 2
-0.293916, -0.487765, 0.157215, -0.0236719, -0.0115744, -0.0153322, 2
0.346127, 0.414159, 0.0855021, 0.00369567, 0.0016131, 0.000997908, 2
-0.292889, -0.398656, 0.144828, -0.0051988, -0.227217, -0.338592, 2
0.350628, -0.540596, 0.246152, -0.0300691, 0.0761668, -0.0149452, 2
0.152813, -0.245543, 0.0508214, -0.0225304, 0.0408132, -0.0236628, 2
-0.549979, -0.514784, 0.0693018, -0.0115192, -0.0246134, -0.00280129, 2
0.508666, -0.293731, 0.266181, -0.00342918, -0.0132658, 0.0114115, 2
-0.104174, 0.44837, 0.303795, -0.0280333, -0.0196352, -0.0276686, 2
-0.050527, 0.289406, 0.24702, 0.119453, 0.00786122, -0.179391, 2
-0.491376, 0.42102, 0.162013, 0.0155583, 0.00920544, 0.0413624, 2
-0.0572401, -0.50286, 0.197562, -0.00584679, 0.0115195, 0.000974075, 2
0.571621, 0.473231, 0.143611, 0.0138929, -0.0279022, -0.0102936, 2
-0.346298, -0.449621, 0.201438, 0.0233722, -0.149901, -0.00578553, 2
0.233014, 0.530971, 0.22378, 0.505497, 0.29799, -0.0259517, 2
-0.0423066, 0.0538203, 0.00490372, 0.0382634, -0.0974043, -0.177396, 2
0.160979, 0.133805, 0.0336986, 0.0373569, -0.0399898, -0.00383706, 2
0.438187, 0.0125072, 0.117757, -0.242834, -0.0922188, 0.130956, 2
0.242985, 0.538297, 0.0723583, 0.00702527, 0.0221034, -0.00166869, 2
0.198238, -0.142193, 0.302201, -0.00263845, -0.00786221, -0.00881702, 2
-0.0736087, -0.00360591, 0.249965, 0.000249314, -0.00202633, 0.0275746, 2
0.574443, 0.569117, 0.281741, -0.000909558, 0.00243733, -0.000518867, 2
0.104766, 0.510775, 0.242558, 0.0158218, -0.0477164, 0.0998497, 2
-0.580715, -0.465487, 0.287643, -0.00167599, -0.0133034, 0.00325689, 2
0.225038, 0.397491, 0.262895, -0.00179825, 0.00375887, 0.0029698, 2
-0.139768, -0.274779, 0.118859, 0.00286341, -0.00918495, 0.0162098, 2
-0.120153, 0.516163, 0.309801, 0.00647353, -0.00149708, 0.0136392, 2
0.0146414, 0.324387, 0.155437, 0.00353242, 0.0458075, -0.00388008, 2
0.485668, -0.0625919, 0.132521, 0.00550251, -0.0145283, -0.0029055, 2
-0.484825, -0.494317, 0.254463, 0.00327015, 0.0196835, -0.00913336, 2
-0.53595, 0.0620378, 0.0960707, 0.000610702, -5.25209e-05, 0.000204811, 2
0.463909, 0.00651729, 0.0808592, 0.157588, -0.125347, -0.280083, 2
0.330945, -0.51868, 0.051062, 0.0156968, -0.00719289, -0.00657159, 2
0.0412488, -0.469432, 0.0921811, 0.000367309, -0.00167109, 0.000567285, 2
-0.0681055, 0.385569, 0.034063, -0.0184372, -0.00219086, 0.00172378, 2
-0.276453, -0.384162, 0.122859, 0.162573, 0.06588, -0.256407, 2
0.198984, 0.125648, 0.0944091, -0.0899607, -0.0342823, 0.068713, 2
0.178262, -0.489674, 0.0180149, -0.0232947, -0.0448769, -0.0486353, 2
-0.459917, 0.625958, 0.159858, 0.00236449, -0.0052476, 0.00281865, 2
0.0701655, -0.488831, 0.193769, -0.00474468, 0.00114773, -0.000763235, 2
-0.171909, -0.394817, 0.051788, -0.00752256, 0.0206056, -0.0176645, 2
0.212373, -0.560871, 0.210908, 0.0206676, 0.0137979, -0.0345833, 2
0.53581, 0.400037, 0.238729, 0.0273048, 0.00255786, -0.0209462, 2
-0.519869, -0.188677, 0.278862, 0.00251528, -0.00207026, 0.00225029, 2
-0.151145, 0.373181, 0.217763, -0.024988, 0.00377455, -0.0101147, 2
-0.0148925, -0.533235, 0.279213, 0.000715355, -0.00773956, -0.00348698, 2
0.476544, 0.295712, 0.153134, -0.00660568, 0.0672997, 0.0531289, 2
-0.405747, -0.15599, 0.188207, -0.021349, -0.0033138, -0.000466243, 2
-0.333687, 0.0140571, 0.187205, 0.0206487, -0.0509809, -0.0550582, 2
0.305744, -0.545741, 0.222488, -0.0238754, 0.00161249, -0.0134078, 2
-0.179105, -0.0876869, 0.281275, -0.0053786, -0.00792284, 0.0104165, 2
0.0280464, -0.505277, 0.298548, 0.0115774, -0.000944689, 0.00378527, 2
-0.388248, -0.599431, 0.241066, -0.00961841, -0.0436054, 0.0454565, 2
0.566668, -0.489336, 0.0364062, 0.0421559, 0.00396155, -0.0329548, 2
0.422188, -0.0105173, 0.287192, -0.0115505, -0.0148654, -0.00362932, 2
0.0333134, 0.604554, 0.311374, -0.0361226, -0.0072728, 0.00926335, 2
-0.10976, 0.451134, 0.227811, -0.00509957, -0.0135427, 0.00617044, 2
0.502778, -0.584576, 0.0313231, 0.0056556, -0.0929041, -0.0143363, 2
-0.00432205, -0.2883, 0.192328, 0.00632697, -0.006983, 0.00396794, 2
-0.515428, -0.612519, 0.213384, -0.00622495, -0.000231077, 0.0024449, 2
0.374526, -0.161661, 0.0339713, 0.0265245, 0.0231512, -0.0295258, 2
0.239698, 0.496349, 0.0651429, -0.0216504, 0.0495303, -0.0103829, 2
0.173963, -0.521863, 0.0727761, 0.000852822, -0.0211442, 0.00928447, 2
-0.121698, -0.585158, 0.107933, 0.00148908, -0.00208831, -0.00225127, 2
0.0239266, 0.466993, 0.262794, -0.237025, -0.139992, 0.134754, 2
-0.0872312, -0.129657, 0.256442, 0.00206997, 0.00240871, 0.00625101, 2
-0.101661, 0.390546, 0.211735, 0.0223331, 0.00101471, -0.015609, 2
-0.450342, 0.263361, 0.223081, 0.0318253, -0.0171929, 0.0267943, 2
-0.32505, -0.370925, 0.308497, 0.0315138, -0.0157618, -0.00112993, 2
0.444263, -0.256389, 0.312858, 0.0649194, -0.1024, 0.104919, 2
0.0378714, -0.511827, 0.114952, 0.00209065, -4.89166e-05, -0.00120568, 2
0.173757, 0.357835, 0.0815487, 0.0630944, -0.00957346, 0.00173639, 2
0.434328, -0.0981656, 0.108574, -0.0171436, 0.00898435, -0.00808478, 2
-0.534494, 0.410099, 0.119775, -0.0345689, -0.0410318, 0.0339376, 2
-0.102763, -0.195937, 0.0790326, -0.0129626, -0.0624774, -0.0123843, 2
-0.311512, 0.346795, 0.204109, 0.013847, -0.0237012, 0.0301537, 2
-0.545671, -0.38483, 0.144255, -0.00463973, -0.0101325, 0.00265189, 2
0.301268, -0.205208, 0.0526042, 0.0467259, -0.00241013, 0.0515678, 2
-0.0663334, 0.099705, 0.117364, -0.0299868, 0.0332677, -0.00783198, 2
-0.0922705, -0.0859955, 0.210757, 0.00308308, -0.00493218, 0.0024007, 2
-0.100763, 0.581839, 0.240292, 0.00753334, 0.000351049, -0.0251693, 2
0.359046, 0.125632, 0.172259, -0.0169494, -0.0505649, 0.0296064, 2
-0.574686, -0.070003, 0.305209, -0.0026612, 0.00410965, 0.00131874, 2
-0.140391, 0.025466, 0.250243, -0.0297874, 0.000319699, 0.0498817, 2
0.33871, 0.552667, 0.0437676, -0.0693857, -0.0810314, 0.0495542, 2
-0.605087, -0.388809, 0.287957, -0.0518709, 0.013158, 0.0396841, 2
0.21135, -0.304517, 0.0342589, -0.0306229, -0.0341268, -0.0276711, 2
-0.471558, 0.626714, 0.140448, 0.0048239, 0.00326583, 0.00493726, 2
-0.261141, -0.0695825, 0.00788307, -0.00878598, -0.00606779, 0.00675447, 2
0.208314, 0.46811, 0.143875, 0.035218, -0.0534618, 0.030987, 2
-0.208583, -0.262616, 0.131844, 0.0137149, -0.0138006, 0.0143671, 2
-0.507344, -0.533534, 0.00576128, -0.00614742, -0.00167023, -0.0084083, 2
0.181694, -0.478257, 0.145751, 0.00672665, -0.00185017, -0.0302088, 2
0.142602, 0.0113158, 0.309609, 0.015939, 0.00459418, -0.0193036, 2
-0.116353, -0.279938, 0.290285, 0.00154197, 0.00244224, 0.000357189, 2
0.0587176, -0.255061, 0.0355914, 0.00219633, 0.00241185, -0.0135704, 2
-0.0493805, 0.586252, 0.116953, -0.00680243, 0.0194116, -0.017708, 2
0.0876553, -0.515269, 0.116141, -0.000442363, 0.000120099, -0.000218457, 2
-0.610481, -0.146446, 0.256236, -0.0112902, 0.00239738, 0.000432908, 2
-0.578949, -0.568095, 0.215773, -0.000546581, -0.00014109, -0.000309399, 2
-0.00344841, -0.146715, 0.30761, 0.0144807, -0.0274626, -6.33867e-05, 2
0.523928, -0.0240954, 0.0167352, 0.000267566, 0.000423474, 0.00423892, 2
0.546973, -0.472365, 0.0546619, 0.0727785, -0.0116083, -0.0482928, 2
-0.129949, 0.300201, 0.214982, 0.00620439, 0.017888, -0.039155, 2
-0.15144, -0.446116, 0.302488, 0.000747425, 0.000119444, 0.000837971, 2
-0.250229, 0.242565, 0.081232, 0.0420471, 0.00497769, -0.0600357, 2
-0.107864, -0.436778, 0.0703042, 0.0207201, 0.0326623, 0.03098, 2
0.359949, 0.28084, 0.0989778, -0.00297566, 0.042505, -0.000123993, 2
-0.435415, 0.300323, 0.219857, 0.0533877, 0.0342871, 0.0084126, 2
0.58953, 0.351338, 0.235324, 0.00553502, 0.000241974, 0.00681046, 2
0.192694, -0.282074, 0.0411545, -0.0190532, -0.00701353, 0.00469697, 2
0.163205, -0.38811, 0.192621, -0.0991669, 0.0590992, -0.0781498, 2
0.230146, -0.471101, 0.232021, -0.0521271, -0.0478991, 0.0567753, 2
0.448794, 0.0289143, 0.14958, -0.116663, 0.107861, 0.235095, 2
0.0487941, 0.507437, 0.195542, -0.0178386, 0.0280157, -0.0554974, 2
-0.00118018, -0.372755, 0.0986929, 0.0169868, -0.037519, -0.00175578, 2
0.323748, 0.149344, 0.146989, 0.559225, -0.385371, 0.208697, 2
0.604965, -0.12067, 0.0597083, -0.00235832, -0.000109048, -0.000384843, 2
-0.259051, 0.0738786, 0.29228, -0.0404086, 0.0200332, -0.0171213, 2
0.620377, 0.0334448, 0.222623, -0.0077363, 0.00294309, -0.0007078, 2
0.301747, -0.403825, 0.309596, 0.000467829, -0.00218855, -0.0169887, 2
0.466365, 0.389344, 0.0550774, -0.000929783, -0.00104839, 0.000839015, 2
-0.0230763, -0.0104729, 0.0947931, -0.267961, -0.130501, -0.088084, 2
-0.354919, -0.191642, 0.259512, 0.0035723, -0.0101068, 0.0111482, 2
0.243403, 0.487115, 0.228881, 0.282411, -0.19972, -0.00956668, 2
-0.234354, -0.144028, 0.293183, -8.83326e-05, -0.00245375, -0.00229209, 2
0.160417, -0.450244, 0.173028, -0.0462587, -0.0298863, -0.0978974, 2
-0.511553, -0.475243, 0.300352, -0.0120819, -0.000198488, -0.0168721, 2
-0.27272, -0.10433, 0.16133, 0.0358554, 0.0299203, 0.0300409, 2
-0.363527, -0.113916, 0.0122007, -0.00696332, 0.0119137, -0.000463429, 2
0.526967, -0.442133, 0.0687354, 0.0487453, -0.00651666, 0.0139906, 2
0.505423, -0.605732, 0.00858058, 0.0028379, -0.0514243, -0.0280513, 2
-0.534194, 0.00115532, 0.163453, 0.0198864, 0.0202413, -0.0277632, 2
-0.155022, 0.2762, 0.273034, -0.0128362, 0.00868431, 0.0810843, 2
-0.376899, -0.110361, 0.237321, -0.021033, -0.0151613, 0.0150714, 2
0.538625, 0.285249, 0.0438235, 8.97338e-05, 0.000165866, -0.000422692, 2
0.45143, -0.184298, 0.0887534, -0.151705, 0.0508259, -0.0155103, 2
-0.116384, -0.065887, 0.127434, -0.00879081, 0.0245036, 0.0109728, 2
-0.174905, 0.291357, 0.258842, -0.0263623, 0.114858, -0.0210488, 2
0.470417, 0.557793, 0.0728719, 0.00541773, -0.000727805, 0.00441113, 2
0.51922, 0.454797, 0.119829, -0.00794384, 0.000662357, 0.0146055, 2
-0.465766, 0.330256, 0.125887, 0.26584, 0.124781, -0.0854368, 2
-0.431443, 0.426025, 0.283667, -0.00185632, -0.00113093, 0.00391885, 2
0.22237, -0.35896, 0.195226, 0.0632612, 0.0212516, -0.0110267, 2
0.0545767, -0.105896, 0.0101452, -0.00518302, 0.0068958, -0.0120107, 2
-0.256064, -0.197235, 0.238948, 0.00104838, -0.000129591, 0.000249573, 2
-0.08077, -0.375768, 0.035383, -0.0143109, 0.00783444, 0.0135468, 2
0.274244, 0.137811, 0.176402, -0.221547, -0.302312, 0.344028, 2
-0.475949, 0.59287, 0.0917504, 0.0118887, 0.0521023, -0.0128181, 2
0.559419, 0.433323, 0.0737079, 0.0122289, -0.00512203, -0.0220953, 2
-0.409021, 0.322579, 0.0299163, 0.00528992, 0.0026229, -0.084142, 2
0.0702971, 0.486777, 0.269971, 0.2771, 0.0991971, 0.16147, 2
0.573847, -0.57463, 0.218987, -0.00570264, -0.0206344, -0.0104137, 2
0.448588, 0.277703, 0.286738, -0.0201976, -0.0387032, -0.0221005, 2
-0.0304342, -0.297684, 0.102773, -0.00344208, 0.0040039, -0.0258365, 2
0.0101465, 0.0762154, 0.210955, 0.0611347, 0.213232, -0.19432, 2
-0.293988, 0.625409, 0.274504, 0.00367192, 0.0154404, 0.0117435, 2
-0.152456, 0.269689, 0.151465, 0.00504835, 0.0195716, 0.00489019, 2
0.553152, 0.423704, 0.142192, -0.0120516, 0.0065491, 0.0423981, 2
-0.339773, 0.353159, 0.0930318, -0.00414549, 0.0320791, 0.017586, 2
-0.044941, 0.574102, 0.0161857, -0.000228216, 0.000466597, 0.00472906, 2
0.0747242, 0.0144352, 0.295371, -0.00269921, 0.0378279, 0.0211879, 2
-0.105318, -0.0416817, 0.309204, -0.0071231, -0.00774517, 0.000783373, 2
-0.489298, -0.223057, 0.221139, 0.0144743, 0.0761671, 0.0400008, 2
-0.602274, 0.376472, 0.304209, 0.00136108, 0.000359299, -0.000442981, 2
-0.191184, -0.243345, 0.165772, -0.00251203, -0.00142896, 0.00781643, 2
-0.607291, 0.0926309, 0.164633, -0.00257349, -0.00841398, 0.00663109, 2
0.490723, 0.570139, 0.0745647, 0.00310034, 0.00217536, 0.00238064, 2
-0.163342, 0.493328, 0.0229997, 0.00167096, -0.00492944, -0.000811107, 2
0.405426, -0.476408, 0.26878, -0.046319, -0.0829403, 0.007424, 2
-0.482374, 0.108614, 0.254815, -0.00892395, 0.0117385, -0.128905, 2
-0.417631, -0.446625, 0.100933, -0.0265934, -0.0285114, 0.015974, 2
-0.496075, 0.0780206, 0.248003, -0.0201049, -0.108852, -0.0961876, 2
-0.519185, 0.218686, 0.0347481, 0.0287956, 0.04849, -0.00674141, 2
0.365371, 0.246376, 0.286357, 0.0272454, -0.00196545, -0.031047, 2
0.322279, -0.574772, 0.0680299, 0.00137005, -0.00205701, -0.00240548, 2
-0.27456, -0.5521, 0.248678, 0.135729, -0.114694, 0.00369266, 2
0.383973, 0.568587, 0.233722, -0.00626035, 0.00104089, -0.0013665, 2
-0.577695, -0.224719, 0.199563, -0.00713362, 0.00209864, -0.00140043, 2
-0.485696, -0.449257, 0.237952, 0.00433483, -0.0114298, -0.00374886, 2
0.589425, -0.301667, 0.107615, 0.0953846, -0.155052, -0.021507, 2
0.348758, -0.0893351, 0.153449, 0.0414987, -0.0022656, -0.0726509, 2
-0.507438, 0.0445535, 0.0154635, -0.0206816, 0.0193514, -0.00645581, 2
0.484575, 0.155332, 0.227626, 0.0519293, -0.0439847, 0.0288102, 2
0.623567, -0.109261, 0.131729, 0.00059929, -0.0103657, -0.00536028, 2
0.509068, -0.416945, 0.145527, 0.00443497, 0.0172714, 0.00551745, 2
-0.478739, -0.0615415, 0.164993, 0.00749453, 0.0069687, -0.0151635, 2
0.515975, -0.307532, 0.149649, -0.0341112, -0.0471542, 0.00731541, 2
0.190937, -0.255264, 0.25096, 0.0456439, -0.0549201, -0.0295434, 2
-0.270737, -0.110997, 0.296136, -0.00320874, -0.0127243, -0.0126202, 2
-0.578856, -0.151535, 0.0632288, 3.69895e-05, -0.000145432, -0.00035444, 2
-0.148397, -0.432741, 0.198386, 0.222712, -0.267382, 0.584354, 2
0.4654, -0.310215, 0.0520334, 0.031879, -0.00128845, 0.0215606, 2
0.527254, -0.455604, 0.248357, 0.025519, 0.0469379, -0.00322878, 2
0.177831, -0.462, 0.0635511, -0.0319172, 0.00375165, 0.0405868, 2
-0.55518, -0.582895, 0.116806, -0.0150926, -0.0184192, -0.00461582, 2
0.0269282, -0.431671, 0.258911, 0.00408275, 0.00405245, -0.00402417, 2
-0.573027, -0.54566, 0.0245373, -0.00405077, -0.00489321, -0.000255592, 2
0.0255679, 0.275241, 0.118212, 0.0136833, 0.0681501, -0.130221, 2
-0.23052, -0.62546, 0.247954, -0.000280918, 0.00945548, -0.000185064, 2
-0.305901, -0.574352, 0.0525794, -0.0410062, 0.0997396, -0.0800546, 2
-0.0529855, -0.0927853, 0.101885, 0.0418985, 0.00850107, -0.00395654, 2
-0.519369, -0.257349, 0.181822, -0.1604, 0.112731, -0.111387, 2
-0.311235, -0.360058, 0.225412, 0.0791292, 0.0459073, 0.513227, 2
-0.577733, 0.447736, 0.267403, -1.22815e-05, 7.22078e-05, 7.77173e-05, 2
-0.323529, 0.52252, 0.27917, 0.0111762, -0.00807927, 0.00756472, 2
0.143694, -0.080515, 0.0137614, -0.000412899, 0.00118833, 0.00399934, 2
-0.0805884, -0.0235786, 0.0348374, -0.00237422, -0.0330591, -0.00958595, 2
0.017561, -0.627974, 0.261138, 0.00292698, -0.00303571, -0.00559728, 2
0.49041, -0.22853, 0.262264, -0.00606942, -0.0688239, -0.0720847, 2
0.222299, 0.0955326, 0.276167, -0.00698105, 0.00262559, 0.00422662, 2
0.432617, -0.587416, 0.09548, -0.00879714, -3.30919e-05, 0.0143762, 2
-0.41977, -0.476822, 0.188634, -0.0303594, -0.00796685, -0.0124196, 2
0.307519, -0.158094, 0.25611, -0.0316965, -0.00277703, 0.0164751, 2
-0.0507601, -0.105864, 0.210553, 0.00734681, 0.00428522, 0.000335563, 2
-0.241075, 0.200571, 0.183692, 0.61859, -0.24362, 0.410451, 2
-0.384322, -0.285699, 0.00607289, -0.00328835, -0.00521954, -0.0239931, 2
-0.329277, 0.263676, 0.157669, -0.063855, 0.0647935, 5.295e-05, 2
-0.189927, -0.348727, 0.158166, -0.0223621, 0.057295, -0.0455829, 2
-0.405301, -0.48828, 0.258525, -0.220387, -0.0439598, 0.00613391, 2
-0.61617, 0.363983, 0.124917, 0.00319486, -0.00554543, 0.00271274, 2
0.488498, 0.166636, 0.135554, 0.00345072, -0.00377426, -0.00283246, 2
-0.389508, 0.376829, 0.173839, -0.0490455, -0.0192467, -0.0360677, 2
0.365026, 0.0543845, 0.291807, 0.0181577, 0.000340788, 0.0208287, 2
0.12954, -0.626339, 0.10785, 0.00630985, 0.00387485, 0.00316563, 2
-0.288174, -0.237451, 0.000501603, -0.00408986, -0.005417, -0.00681732, 2
0.446596, 0.00819032, 0.0865677, -0.0976972, -0.132416, -0.254742, 2
0.470887, 0.308877, 0.309977, 0.0805403, -0.0141761, -0.00155801, 2
-0.158363, -0.511013, 0.065305, -0.0121371, -0.0140532, -0.00139475, 2
0.474303, -0.286351, 0.100726, -0.00479386, -0.0118794, 0.0056764, 2
0.248475, -0.272557, 0.0342306, 0.0101691, 0.0471995, -0.00872314, 2
-0.511784, -0.414022, 0.23338, 0.00882765, -0.180446, -0.0429292, 2
0.0304312, -0.173567, 0.170097, -0.0293473, -0.0439833, -0.0336811, 2
-0.534139, -0.438505, 0.0262021, 0.0352286, 0.0588458, -0.107499, 2
-0.626839, 0.320998, 0.0271082, 0.010825, 4.92084e-07, 0.00172892, 2
-0.19544, -0.597139, 0.125236, -0.00097412, -0.00120522, -0.00106296, 2
-0.193433, 0.47942, 0.284775, -0.0105903, -0.0257791, 0.00466016, 2
0.152837, 0.320344, 0.204503, -0.000797084, 0.0221624, 0.0155306, 2
0.13282, -0.467983, 0.234241, -0.0340111, 0.0378714, 0.0424765, 2
0.39404, -0.623644, 0.00516226, -0.00195851, 0.00777704, 0.00769773, 2
-0.462983, 0.254795, 0.0945138, 0.0996387, 0.0671564, -0.196815, 2
-0.326061, 0.372974, 0.148499, -0.0874436, -0.0906954, -0.0338726, 2
0.60746, -0.226558, 0.262598, 0.00279529, 0.0157197, 0.0428406, 2
0.027921, -0.130734, 0.310463, 0.0508536, 0.0339662, 0.000695851, 2
0.132729, -0.127609, 0.233221, 0.0238721, -0.0127206, 0.0353922, 2
0.241162, 0.306914, 0.241428, -0.007229, -0.020755, -0.0248282, 2
-0.517819, -0.516482, 0.203792, -0.0103823, 0.00747778, -0.00313159, 2
0.62128, 0.266318, 0.126387, -0.00811976, 5.03674e-05, -0.000199835, 2
0.179366, -0.230825, 0.166882, -0.0246361, 0.0424827, 0.0276544, 2
-0.143598, -0.466748, 0.168462, 0.203006, -0.434243, -0.0745708, 2
-0.122949, -0.299768, 0.0746697, 0.0351941, -0.0179239, 0.0307494, 2
0.255106, 0.00413418, 0.0104224, -0.000347219, -0.000244025, 0.00680176, 2
-0.410824, -0.0183689, 0.111274, -0.0250537, -0.0353782, -0.0169595, 2
-0.620359, -0.620411, 0.236081, 0.00773059, 0.00775276, -0.000245363, 2
0.621492, 0.142282, 0.0466879, 0.0567769, -0.0243156, -0.0161739, 2
0.294451, -0.246519, 0.280907, -0.00524921, 0.00135304, 0.0136529, 2
0.000233836, -0.134375, 0.309278, 0.0403379, 0.0205618, 0.0048996, 2
-0.444526, -0.143058, 0.218366, -0.00222648, -0.00197471, -5.42855e-06, 2
0.0610206, -0.593655, 0.00316927, -1.08495e-06, 0.000464817, 0.0105504, 2
-0.531379, -0.10729, 0.0439731, -0.00184726, -0.00183543, -0.000870479, 2
0.142469, 0.399725, 0.126522, 0.0526304, 0.0359305, 0.0255917, 2
0.441148, 0.0248684, 0.285046, -0.0216751, 0.00664657, -0.00433223, 2
0.482837, 0.244007, 0.122963, 0.0445337, -0.0610017, -0.0222509, 2
-0.331995, 0.253612, 0.125351, -0.0568869, 0.0205406, 0.00371597, 2
0.61233, 0.24514, 0.00343082, -0.00409643, 0.00137407, 0.00914338, 2
-0.460846, -0.090373, 0.0992918, -0.00422568, 0.00188666, 0.00604388, 2
-0.597143, 0.539824, 0.223189, 0.000221722, -0.00166749, -0.00121864, 2
-0.619959, -0.534666, 0.0299335, 0.00660578, -0.000273499, 0.000661753, 2
0.253506, 0.156318, 0.0390105, -0.000563598, 0.129579, -0.347022, 2
0.266183, 0.254903, 0.169679, -0.0288863, -0.0200191, -0.0352931, 2
0.442076, -0.232591, 0.112119, 0.0114816, -0.143628, 0.046469, 2
-0.311764, -0.421406, 0.275827, 0.0124084, -0.017045, 0.00544366, 2
-0.431505, -0.568533, 0.179338, -0.239685, 0.274042, -0.0795901, 2
0.0603477, -0.270564, 0.0852505, -0.0325431, 0.0110021, -0.0571865, 2
0.561753, -0.288198, 0.304026, 0.00103881, 0.00293863, 0.00803908, 2
0.575476, -0.11908, 0.123942, 0.00579157, -0.0189242, -0.0267224, 2
-0.287283, -0.0862596, 0.101407, -0.0177502, 0.131332, -0.0206458, 2
0.605472, -0.0762555, 0.125232, 0.0331298, -0.0116005, -0.0439688, 2
-0.534721, -0.452713, 0.00682064, 0.0180772, -0.0056829, -0.126744, 2
-0.378678, 0.443434, 0.228037, 0.00852408, 0.0118058, 0.0605425, 2
0.300038, 0.255546, 0.0123987, -0.00294772, 0.00398589, -0.00170761, 2
-0.511411, 0.573746, 0.064538, 0.0855084, 0.0847262, -0.0431694, 2
0.591899, -0.487723, 0.0798957, 0.0299239, 0.0133312, 0.00754226, 2
0.0493255, 0.202588, 0.169746, 0.0295265, -0.0632633, 0.0412939, 2
0.390327, 0.134377, 0.255187, 0.0228972, 0.00616944, 0.0365834, 2
0.346506, 0.0798901, 0.067926, 0.00152511, -0.00269075, -0.00258773, 2
-0.417652, 0.42257, 0.203852, -0.0448913, -0.00721178, -0.0135313, 2
-0.0120225, 0.398079, 0.0272972, -0.11982, -0.0274109, -0.0135481, 2
0.488905, 0.493322, 0.0716099, -0.0200657, 0.036497, 0.011679, 2
0.516188, -0.51532, 0.0249775, -0.0100336, 0.0426643, -0.0881744, 2
0.16841, 0.414681, 0.246355, 0.00843385, -0.00954514, 0.0189735, 2
0.218005, 0.533233, 0.2323, 0.315577, 0.443228, 0.248364, 2
0.476157, 0.495168, 0.26786, 0.00220647, -0.0186298, -0.0102441, 2
-0.464187, -0.0854698, 0.161016, 0.0105985, -0.00749826, -0.00921815, 2
0.214795, -0.325106, 0.03712, -0.0076408, -0.0235331, -0.0245519, 2
-0.024384, -0.608563, 0.214583, -0.0026929, 1.79778e-05, -0.000670674, 2
0.24732, -0.396252, 0.162735, 0.0415918, -0.0152465, -0.0380061, 2
-0.197199, 0.221689, 0.104764, -0.0963542, 0.0297188, 0.00683129, 2
-0.0880098, 0.0806306, 0.0706034, -0.101689, 0.0137151, 0.0762061, 2
0.19843, -0.0331452, 0.0992643, 0.0014241, 0.00421394, -0.0115207, 2
0.29834, -0.494698, 0.0454436, 0.0277646, -0.0143351, -0.04695, 2
0.0238317, 0.35327, 0.0212611, 0.0371177, -0.0555542, -0.0147455, 2
-0.306894, 0.199464, 0.302544, -0.00175237, 0.00514212, -0.0153307, 2
-0.49538, 0.36524, 0.123686, 0.000779431, 0.11848, -0.0298129, 2
0.148686, -0.049928, 0.1999, 0.0363263, 0.0315224, 0.0513687, 2
0.297166, 0.555651, 0.20525, 0.000661018, -0.0117945, 0.0104619, 2
-0.104427, 0.173008, 0.263678, -0.0286124, -0.0175427, 0.0618955, 2
0.546513, 0.605773, 0.161609, -0.206471, 0.151256, 0.0407351, 2
-0.294359, -0.1122, 0.0242761, 0.00767117, 0.0294878, -0.0239893, 2
-0.0119452, -0.543734, 0.173481, 0.000874684, -0.0101174, -0.0269233, 2
0.385112, 0.384569, 0.207297, 0.00168091, -0.0201342, -0.0227284, 2
0.566886, -0.221563, 0.138124, -0.132864, 0.230172, -0.024163, 2
-0.607996, 0.101507, 0.0304987, -0.15818, -0.0528807, -0.0266695, 2
0.60218, 0.23609, 0.2793, -0.00182231, 5.1623e-05, -0.000259344, 2
-0.163005, -0.245187, 0.109327, 0.00432911, 0.00648683, 0.00642032, 2
-0.623331, -0.577984, 0.0907487, 0.00895689, -0.000226468, -0.000162375, 2
0.197669, -0.0524478, 0.291492, 0.000251553, 0.0034418, 0.00221795, 2
-0.00754578, -0.135899, 0.285444, -0.00183785, 0.013577, -0.0617927, 2
-0.621035, 0.199706, 0.099903, -0.00147057, 0.0121749, 0.00312867, 2
-0.523931, -0.442203, 0.12146, 0.000808395, 0.00566494, 0.0184419, 2
0.169992, 0.572873, 0.0601117, 0.0517591, 0.0363898, -0.0123576, 2
-0.260747, 0.509796, 0.162212, 0.0470428, -0.0556523, -0.0698878, 2
0.291748, 0.531763, 0.0300976, -0.0076026, 0.00156532, -0.00363779, 2
0.413742, 0.503979, 0.246611, -0.0172219, -0.0101503, -0.0182608, 2
0.271014, -0.288989, 0.0278235, 0.0677889, -0.0414644, -0.0203569, 2
-0.551606, -0.282356, 0.0408184, -0.0052187, 0.0138976, 0.00427487, 2
-0.188611, 0.545276, 0.185197, 0.00476893, -0.00110982, -0.0129437, 2
-0.282571, -0.092233, 0.308714, -0.0146541, -0.0203116, -0.0180228, 2
-0.400722, -0.0833048, 0.201149, -0.0182807, 0.0165124, -0.0169058, 2
-0.00111035, 0.0227279, 0.248089, 0.344543, -0.256919, 0.155886, 2
0.484731, -0.437243, 0.233817, 0.0640392, 0.00220101, -0.0243802, 2
-0.534749, -0.0680268, 0.203775, -0.00271054, -0.00910171, 0.0143707, 2
0.114098, -0.406243, 0.179225, -0.066884, -0.0340462, -0.0213797, 2
0.234488, -0.622464, 0.147729, -0.00577328, 0.00498464, -0.00969248, 2
-0.0389946, 0.278514, 0.232972, 0.0657374, -0.0415998, -0.0810702, 2
0.0722994, 0.356871, 0.00489225, 0.0129859, -0.0080049, 0.00377323, 2
0.235573, -0.461703, 0.298702, -0.0255216, 0.0419748, 0.0180964, 2
-0.283565, -0.114311, 0.118153, 0.0334951, 0.191913, 0.075815, 2
-0.308638, 0.11493, 0.254818, 0.0021668, 0.00341067, -0.00111816, 2
0.495959, -0.516144, 0.103009, -0.0465869, -0.00815731, 0.0458554, 2
0.228389, 0.59855, 0.151189, 0.00430396, 0.0115599, -0.00585206, 2
-0.0962711, -0.566163, 0.291673, -0.00500435, -0.00278184, 0.0143385, 2
-0.541099, 0.177899, 0.0326215, 0.330389, 0.289063, -0.0724836, 2
0.175799, -0.217576, 0.0344965, 0.0031287, 0.0211745, -0.0134343, 2
-0.493213, 0.373392, 0.261616, -0.000716755, 0.00328519, -0.0131258, 2
0.438676, -0.184271, 0.193343, 0.00153235, 0.00677946, 0.00959654, 2
0.458245, -0.578662, 0.235408, 0.00978232, -0.00872452, -0.0097015, 2
0.393126, -0.232263, 0.0493389, 0.0349968, -0.0547329, -0.0386247, 2
-0.394188, 0.0890627, 0.235562, 0.104762, -0.112509, -0.0251961, 2
0.625082, -0.0449418, 0.264017, 0.020463, 0.0117259, 0.0026281, 2
-0.222809, -0.446516, 0.256164, -0.00270099, -0.0121514, 0.0215633, 2
0.381946, 0.0871764, 0.272114, 0.0167949, 0.00244186, -0.00144309, 2
0.288712, 0.176041, 0.159098, -0.325615, 0.496827, 0.512039, 2
0.419198, -0.278123, 0.262195, -0.024322, -0.0884148, -0.0997038, 2
0.557184, -0.141373, 0.198052, -0.0479008, -0.0190937, -0.0869281, 2
0.34372, -0.332661, 0.309475, -0.00322559, 0.000202652, 0.00528048, 2
-0.142836, -0.50438, 0.00731841, -0.00277051, -0.0028712, 0.000819505, 2
-0.461133, 0.518709, 0.106743, 0.00164766, -0.00300661, 0.00288775, 2
-0.263777, -0.505442, 0.2865, 0.0190461, 0.0325112, 0.0189832, 2
-0.581455, -0.510323, 0.117774, -0.0113825, -0.000702383, 0.00826896, 2
0.474613, -0.103169, 0.163636, -0.00232418, -0.00142316, 0.00914958, 2
0.239341, -0.351186, 0.0279388, 0.00883594, 1.13499e-05, -0.0322392, 2
0.0678694, 0.567489, 0.22944, -0.0211618, 0.0595791, -0.0204923, 2
-0.555666, 0.356723, 0.00241812, -0.000419269, -0.0010232, 0.0099445, 2
0.493112, 0.283943, 0.124566, 0.0445975, 0.0270103, -0.048506, 2
0.0253918, -0.00230051, 0.198891, -0.0577582, -0.00457074, -0.0518821, 2
0.00336396, 0.484826, 0.230287, -0.115922, 0.0240036, -0.119952, 2
0.0326376, -0.60627, 0.202473, 0.000579443, -0.00951765, 0.00282522, 2
0.459612, -0.240083, 0.233604, -0.00077864, -0.0175966, -0.0882015, 2
0.345685, -0.191575, 0.263514, -0.0119518, -0.0275067, 0.025722, 2
-0.443147, -0.346925, 0.0802307, -0.0241559, -0.0485472, -0.0846767, 2
0.211395, 0.522379, 0.149925, 0.0815386, 0.0274335, -0.0731643, 2
0.32315, -0.0397153, 0.134306, 0.0268112, 0.0442081, -0.0150114, 2
-0.0190175, 0.0345817, 0.0659963, 0.0358984, 0.0373847, -0.0369378, 2
-0.00934499, -0.10227, 0.294473, 0.00613508, 0.0546418, -0.0240782, 2
0.488917, 0.553085, 0.136407, -0.0300269, 0.00974968, -0.0104817, 2
0.0245552, -0.0735143, 0.100123, -0.0323251, -0.0217999, 0.00234183, 2
-0.314224, 0.589087, 0.106046, -0.0556547, 0.254662, 0.138768, 2
0.49567, 0.418735, 0.203516, 0.00577323, -0.00750176, -0.035077, 2
0.170158, 0.134456, 0.313113, 0.0121715, -0.00830726, -0.00351859, 2
-0.0357139, 0.321272, 0.0688912, -0.0025185, -0.00684637, -0.00864424, 2
0.285209, -0.0972968, 0.041995, 0.0154228, 0.0571053, -0.0330374, 2
-0.375018, -0.40411, 0.189557, -0.243721, -0.0420485, -0.00637268, 2
0.162208, 0.206836, 0.0407116, 0.0571687, 0.00587343, 0.0168901, 2
0.426193, -0.432473, 0.172635, 0.0311691, -0.0469113, -0.0888655, 2
0.344158, -0.573519, 0.153415, -0.0287735, 0.0216149, 0.0141956, 2
-0.370141, 0.081, 0.292528, 0.0263311, -0.0385401, 0.0103682, 2
0.0303495, 0.396739, 0.282308, -0.0063682, -0.0173113, -0.00322951, 2
0.454534, 0.262446, 0.229501, 0.0190213, 0.0597157, -0.00952019, 2
0.00867221, -0.19736, 0.105624, 0.00297725, -0.00169231, 0.00284699, 2
0.00119883, 0.39689, 0.0284516, -0.0577185, -0.0482967, 0.00415479, 2
0.276763, 0.0521352, 0.161618, 0.000929089, 0.00389329, -0.0144013, 2
0.444743, 0.307081, 0.218082, 0.00340255, 0.0371158, -0.00342087, 2
-0.0569552, -0.160675, 0.1123, 0.0366765, 0.0163162, 0.0243556, 2
0.105891, -0.364446, 0.161672, -0.0589392, -0.0192805, -0.0078853, 2
-0.463496, 0.609675, 0.175783, 0.00324273, 0.0018896, 0.00559197, 2
0.150166, -0.39043, 0.0385426, -0.0039163, 0.00344533, -0.00358698, 2
0.0603494, 0.269883, 0.295218, -0.00700529, 0.0101965, -0.0877288, 2
-0.0703436, 0.0944539, 0.203339, -0.00872914, -0.00305448, -0.0114403, 2
-0.412265, -0.526837, 0.31149, -0.00822432, -0.00984368, 0.00350735, 2
0.0102325, 0.104325, 0.253221, -0.114355, 0.0274327, -0.140724, 2
0.124039, -0.248875, 0.108764, 0.105132, -0.0295046, -0.0685266, 2
-0.489415, -0.434095, 0.0280437, 0.0387679, 0.00888879, -0.0422376, 2
0.382911, 0.138913, 0.145366, 0.0833668, 0.0461142, -0.0755325, 2
-0.427818, -0.385159, 0.211745, -0.00205237, 0.000897746, 0.00277627, 2
0.218871, -0.218691, 0.206673, 0.015444, 0.00259759, 0.0179053, 2
-0.337922, 0.561438, 0.266556, -0.00545681, 0.00963073, 0.00517449, 2

